Copyright 1986-2022 Xilinx, Inc. All Rights Reserved. Copyright 2022-2024 Advanced Micro Devices, Inc. All Rights Reserved.
-----------------------------------------------------------------------------------------------------------------------------------------------------------------------------------------------------------------------------------------------------------
| Tool Version      : Vivado v.2024.1 (win64) Build 5076996 Wed May 22 18:37:14 MDT 2024
| Date              : Sun Jun  7 22:42:39 2026
| Host              : Rysiek running 64-bit major release  (build 9200)
| Command           : report_timing_summary -max_paths 10 -report_unconstrained -file karatsuba_1_wrapper_timing_summary_routed.rpt -pb karatsuba_1_wrapper_timing_summary_routed.pb -rpx karatsuba_1_wrapper_timing_summary_routed.rpx -warn_on_violation
| Design            : karatsuba_1_wrapper
| Device            : xck26-sfvc784
| Speed File        : -2LV  PRODUCTION 1.30 05-15-2022
| Design State      : Routed
| Temperature Grade : C
-----------------------------------------------------------------------------------------------------------------------------------------------------------------------------------------------------------------------------------------------------------

Timing Summary Report

------------------------------------------------------------------------------------------------
| Timer Settings
| --------------
------------------------------------------------------------------------------------------------

  Enable Multi Corner Analysis               :  Yes
  Enable Pessimism Removal                   :  Yes
  Pessimism Removal Resolution               :  Nearest Common Node
  Enable Input Delay Default Clock           :  No
  Enable Preset / Clear Arcs                 :  No
  Disable Flight Delays                      :  No
  Ignore I/O Paths                           :  No
  Timing Early Launch at Borrowing Latches   :  No
  Borrow Time for Max Delay Exceptions       :  Yes
  Merge Timing Exceptions                    :  Yes
  Inter-SLR Compensation                     :  Conservative

  Corner  Analyze    Analyze    
  Name    Max Paths  Min Paths  
  ------  ---------  ---------  
  Slow    Yes        Yes        
  Fast    Yes        Yes        


------------------------------------------------------------------------------------------------
| Report Methodology
| ------------------
------------------------------------------------------------------------------------------------

Rule     Severity  Description                   Violations  
-------  --------  ----------------------------  ----------  
LUTAR-1  Warning   LUT drives async reset alert  3           

Note: This report is based on the most recent report_methodology run and may not be up-to-date. Run report_methodology on the current design for the latest report.



check_timing report

Table of Contents
-----------------
1. checking no_clock (0)
2. checking constant_clock (0)
3. checking pulse_width_clock (0)
4. checking unconstrained_internal_endpoints (0)
5. checking no_input_delay (0)
6. checking no_output_delay (0)
7. checking multiple_clock (0)
8. checking generated_clocks (0)
9. checking loops (0)
10. checking partial_input_delay (0)
11. checking partial_output_delay (0)
12. checking latch_loops (0)

1. checking no_clock (0)
------------------------
 There are 0 register/latch pins with no clock.


2. checking constant_clock (0)
------------------------------
 There are 0 register/latch pins with constant_clock.


3. checking pulse_width_clock (0)
---------------------------------
 There are 0 register/latch pins which need pulse_width check


4. checking unconstrained_internal_endpoints (0)
------------------------------------------------
 There are 0 pins that are not constrained for maximum delay.

 There are 0 pins that are not constrained for maximum delay due to constant clock.


5. checking no_input_delay (0)
------------------------------
 There are 0 input ports with no input delay specified.

 There are 0 input ports with no input delay but user has a false path constraint.


6. checking no_output_delay (0)
-------------------------------
 There are 0 ports with no output delay specified.

 There are 0 ports with no output delay but user has a false path constraint

 There are 0 ports with no output delay but with a timing clock defined on it or propagating through it


7. checking multiple_clock (0)
------------------------------
 There are 0 register/latch pins with multiple clocks.


8. checking generated_clocks (0)
--------------------------------
 There are 0 generated clocks that are not connected to a clock source.


9. checking loops (0)
---------------------
 There are 0 combinational loops in the design.


10. checking partial_input_delay (0)
------------------------------------
 There are 0 input ports with partial input delay specified.


11. checking partial_output_delay (0)
-------------------------------------
 There are 0 ports with partial output delay specified.


12. checking latch_loops (0)
----------------------------
 There are 0 combinational latch loops in the design through latch input



------------------------------------------------------------------------------------------------
| Design Timing Summary
| ---------------------
------------------------------------------------------------------------------------------------

    WNS(ns)      TNS(ns)  TNS Failing Endpoints  TNS Total Endpoints      WHS(ns)      THS(ns)  THS Failing Endpoints  THS Total Endpoints     WPWS(ns)     TPWS(ns)  TPWS Failing Endpoints  TPWS Total Endpoints  
    -------      -------  ---------------------  -------------------      -------      -------  ---------------------  -------------------     --------     --------  ----------------------  --------------------  
      4.239        0.000                      0                14302        0.012        0.000                      0                14302        3.500        0.000                       0                  5347  


All user specified timing constraints are met.


------------------------------------------------------------------------------------------------
| Clock Summary
| -------------
------------------------------------------------------------------------------------------------

Clock     Waveform(ns)       Period(ns)      Frequency(MHz)
-----     ------------       ----------      --------------
clk_pl_0  {0.000 5.000}      10.000          100.000         
clk_pl_1  {0.000 5.000}      10.000          100.000         


------------------------------------------------------------------------------------------------
| Intra Clock Table
| -----------------
------------------------------------------------------------------------------------------------

Clock             WNS(ns)      TNS(ns)  TNS Failing Endpoints  TNS Total Endpoints      WHS(ns)      THS(ns)  THS Failing Endpoints  THS Total Endpoints     WPWS(ns)     TPWS(ns)  TPWS Failing Endpoints  TPWS Total Endpoints  
-----             -------      -------  ---------------------  -------------------      -------      -------  ---------------------  -------------------     --------     --------  ----------------------  --------------------  
clk_pl_0            4.239        0.000                      0                13835        0.012        0.000                      0                13835        3.500        0.000                       0                  5347  


------------------------------------------------------------------------------------------------
| Inter Clock Table
| -----------------
------------------------------------------------------------------------------------------------

From Clock    To Clock          WNS(ns)      TNS(ns)  TNS Failing Endpoints  TNS Total Endpoints      WHS(ns)      THS(ns)  THS Failing Endpoints  THS Total Endpoints  
----------    --------          -------      -------  ---------------------  -------------------      -------      -------  ---------------------  -------------------  


------------------------------------------------------------------------------------------------
| Other Path Groups Table
| -----------------------
------------------------------------------------------------------------------------------------

Path Group         From Clock         To Clock               WNS(ns)      TNS(ns)  TNS Failing Endpoints  TNS Total Endpoints      WHS(ns)      THS(ns)  THS Failing Endpoints  THS Total Endpoints  
----------         ----------         --------               -------      -------  ---------------------  -------------------      -------      -------  ---------------------  -------------------  
**async_default**  clk_pl_0           clk_pl_0                 6.854        0.000                      0                  467        0.231        0.000                      0                  467  


------------------------------------------------------------------------------------------------
| User Ignored Path Table
| -----------------------
------------------------------------------------------------------------------------------------

Path Group    From Clock    To Clock    
----------    ----------    --------    
(none)                      clk_pl_0      
(none)        clk_pl_0      clk_pl_0      


------------------------------------------------------------------------------------------------
| Unconstrained Path Table
| ------------------------
------------------------------------------------------------------------------------------------

Path Group    From Clock    To Clock    
----------    ----------    --------    


------------------------------------------------------------------------------------------------
| Timing Details
| --------------
------------------------------------------------------------------------------------------------


---------------------------------------------------------------------------------------------------
From Clock:  clk_pl_0
  To Clock:  clk_pl_0

Setup :            0  Failing Endpoints,  Worst Slack        4.239ns,  Total Violation        0.000ns
Hold  :            0  Failing Endpoints,  Worst Slack        0.012ns,  Total Violation        0.000ns
PW    :            0  Failing Endpoints,  Worst Slack        3.500ns,  Total Violation        0.000ns
---------------------------------------------------------------------------------------------------


Max Delay Paths
--------------------------------------------------------------------------------------
Slack (MET) :             4.239ns  (required time - arrival time)
  Source:                 karatsuba_1_i/karatsuba_mult_ip_0/inst/karatsuba_mult_ip_slave_lite_v1_0_S00_AXI_inst/slv_reg2_reg[16]/C
                            (rising edge-triggered cell FDRE clocked by clk_pl_0  {rise@0.000ns fall@5.000ns period=10.000ns})
  Destination:            karatsuba_1_i/karatsuba_mult_ip_0/inst/karatsuba_mult_ip_slave_lite_v1_0_S00_AXI_inst/karatsuba_mult_inst/z1_temp0/DSP_OUTPUT_INST/ALU_OUT[13]
                            (rising edge-triggered cell DSP_OUTPUT clocked by clk_pl_0  {rise@0.000ns fall@5.000ns period=10.000ns})
  Path Group:             clk_pl_0
  Path Type:              Setup (Max at Slow Process Corner)
  Requirement:            10.000ns  (clk_pl_0 rise@10.000ns - clk_pl_0 rise@0.000ns)
  Data Path Delay:        5.505ns  (logic 2.516ns (45.702%)  route 2.989ns (54.298%))
  Logic Levels:           8  (CARRY8=2 DSP_A_B_DATA=1 DSP_ALU=1 DSP_M_DATA=1 DSP_MULTIPLIER=1 DSP_PREADD_DATA=1 LUT2=1)
  Clock Path Skew:        -0.110ns (DCD - SCD + CPR)
    Destination Clock Delay (DCD):    2.507ns = ( 12.507 - 10.000 ) 
    Source Clock Delay      (SCD):    2.818ns
    Clock Pessimism Removal (CPR):    0.201ns
  Clock Uncertainty:      0.160ns  ((TSJ^2 + DJ^2)^1/2) / 2 + PE
    Total System Jitter     (TSJ):    0.071ns
    Discrete Jitter          (DJ):    0.312ns
    Phase Error              (PE):    0.000ns
  Clock Net Delay (Source):      2.551ns (routing 1.045ns, distribution 1.506ns)
  Clock Net Delay (Destination): 2.291ns (routing 0.955ns, distribution 1.336ns)

    Location             Delay type                Incr(ns)  Path(ns)    Netlist Resource(s)
  -------------------------------------------------------------------    -------------------
                         (clock clk_pl_0 rise edge)
                                                      0.000     0.000 r  
    PS8_X0Y0             PS8                          0.000     0.000 r  karatsuba_1_i/zynq_ultra_ps_e_0/inst/PS8_i/PLCLK[0]
                         net (fo=1, routed)           0.229     0.229    karatsuba_1_i/zynq_ultra_ps_e_0/inst/pl_clk_unbuffered[0]
    BUFG_PS_X0Y80        BUFG_PS (Prop_BUFG_PS_I_O)
                                                      0.038     0.267 r  karatsuba_1_i/zynq_ultra_ps_e_0/inst/buffer_pl_clk_0.PL_CLK_0_BUFG/O
    X0Y1 (CLOCK_ROOT)    net (fo=5362, routed)        2.551     2.818    karatsuba_1_i/karatsuba_mult_ip_0/inst/karatsuba_mult_ip_slave_lite_v1_0_S00_AXI_inst/s00_axi_aclk
    SLICE_X26Y96         FDRE                                         r  karatsuba_1_i/karatsuba_mult_ip_0/inst/karatsuba_mult_ip_slave_lite_v1_0_S00_AXI_inst/slv_reg2_reg[16]/C
  -------------------------------------------------------------------    -------------------
    SLICE_X26Y96         FDRE (Prop_HFF2_SLICEL_C_Q)
                                                      0.115     2.933 r  karatsuba_1_i/karatsuba_mult_ip_0/inst/karatsuba_mult_ip_slave_lite_v1_0_S00_AXI_inst/slv_reg2_reg[16]/Q
                         net (fo=4, routed)           1.551     4.484    karatsuba_1_i/karatsuba_mult_ip_0/inst/karatsuba_mult_ip_slave_lite_v1_0_S00_AXI_inst/karatsuba_mult_inst/Q[16]
    SLICE_X23Y95         LUT2 (Prop_A6LUT_SLICEL_I0_O)
                                                      0.082     4.566 r  karatsuba_1_i/karatsuba_mult_ip_0/inst/karatsuba_mult_ip_slave_lite_v1_0_S00_AXI_inst/karatsuba_mult_inst/z1_temp0_i_19/O
                         net (fo=1, routed)           0.014     4.580    karatsuba_1_i/karatsuba_mult_ip_0/inst/karatsuba_mult_ip_slave_lite_v1_0_S00_AXI_inst/karatsuba_mult_inst/z1_temp0_i_19_n_0
    SLICE_X23Y95         CARRY8 (Prop_CARRY8_SLICEL_S[0]_CO[7])
                                                      0.278     4.858 r  karatsuba_1_i/karatsuba_mult_ip_0/inst/karatsuba_mult_ip_slave_lite_v1_0_S00_AXI_inst/karatsuba_mult_inst/z1_temp0_i_3/CO[7]
                         net (fo=1, routed)           0.030     4.888    karatsuba_1_i/karatsuba_mult_ip_0/inst/karatsuba_mult_ip_slave_lite_v1_0_S00_AXI_inst/karatsuba_mult_inst/z1_temp0_i_3_n_0
    SLICE_X23Y96         CARRY8 (Prop_CARRY8_SLICEL_CI_O[5])
                                                      0.161     5.049 f  karatsuba_1_i/karatsuba_mult_ip_0/inst/karatsuba_mult_ip_slave_lite_v1_0_S00_AXI_inst/karatsuba_mult_inst/z1_temp0_i_2/O[5]
                         net (fo=1, routed)           1.394     6.443    karatsuba_1_i/karatsuba_mult_ip_0/inst/karatsuba_mult_ip_slave_lite_v1_0_S00_AXI_inst/karatsuba_mult_inst/z1_temp0/B[13]
    DSP48E2_X6Y38        DSP_A_B_DATA (Prop_DSP_A_B_DATA_DSP48E2_B[13]_B2_DATA[13])
                                                      0.216     6.659 r  karatsuba_1_i/karatsuba_mult_ip_0/inst/karatsuba_mult_ip_slave_lite_v1_0_S00_AXI_inst/karatsuba_mult_inst/z1_temp0/DSP_A_B_DATA_INST/B2_DATA[13]
                         net (fo=1, routed)           0.000     6.659    karatsuba_1_i/karatsuba_mult_ip_0/inst/karatsuba_mult_ip_slave_lite_v1_0_S00_AXI_inst/karatsuba_mult_inst/z1_temp0/DSP_A_B_DATA.B2_DATA<13>
    DSP48E2_X6Y38        DSP_PREADD_DATA (Prop_DSP_PREADD_DATA_DSP48E2_B2_DATA[13]_B2B1[13])
                                                      0.097     6.756 r  karatsuba_1_i/karatsuba_mult_ip_0/inst/karatsuba_mult_ip_slave_lite_v1_0_S00_AXI_inst/karatsuba_mult_inst/z1_temp0/DSP_PREADD_DATA_INST/B2B1[13]
                         net (fo=1, routed)           0.000     6.756    karatsuba_1_i/karatsuba_mult_ip_0/inst/karatsuba_mult_ip_slave_lite_v1_0_S00_AXI_inst/karatsuba_mult_inst/z1_temp0/DSP_PREADD_DATA.B2B1<13>
    DSP48E2_X6Y38        DSP_MULTIPLIER (Prop_DSP_MULTIPLIER_DSP48E2_B2B1[13]_U[13])
                                                      0.773     7.529 f  karatsuba_1_i/karatsuba_mult_ip_0/inst/karatsuba_mult_ip_slave_lite_v1_0_S00_AXI_inst/karatsuba_mult_inst/z1_temp0/DSP_MULTIPLIER_INST/U[13]
                         net (fo=1, routed)           0.000     7.529    karatsuba_1_i/karatsuba_mult_ip_0/inst/karatsuba_mult_ip_slave_lite_v1_0_S00_AXI_inst/karatsuba_mult_inst/z1_temp0/DSP_MULTIPLIER.U<13>
    DSP48E2_X6Y38        DSP_M_DATA (Prop_DSP_M_DATA_DSP48E2_U[13]_U_DATA[13])
                                                      0.067     7.596 r  karatsuba_1_i/karatsuba_mult_ip_0/inst/karatsuba_mult_ip_slave_lite_v1_0_S00_AXI_inst/karatsuba_mult_inst/z1_temp0/DSP_M_DATA_INST/U_DATA[13]
                         net (fo=1, routed)           0.000     7.596    karatsuba_1_i/karatsuba_mult_ip_0/inst/karatsuba_mult_ip_slave_lite_v1_0_S00_AXI_inst/karatsuba_mult_inst/z1_temp0/DSP_M_DATA.U_DATA<13>
    DSP48E2_X6Y38        DSP_ALU (Prop_DSP_ALU_DSP48E2_U_DATA[13]_ALU_OUT[13])
                                                      0.727     8.323 r  karatsuba_1_i/karatsuba_mult_ip_0/inst/karatsuba_mult_ip_slave_lite_v1_0_S00_AXI_inst/karatsuba_mult_inst/z1_temp0/DSP_ALU_INST/ALU_OUT[13]
                         net (fo=1, routed)           0.000     8.323    karatsuba_1_i/karatsuba_mult_ip_0/inst/karatsuba_mult_ip_slave_lite_v1_0_S00_AXI_inst/karatsuba_mult_inst/z1_temp0/DSP_ALU.ALU_OUT<13>
    DSP48E2_X6Y38        DSP_OUTPUT                                   r  karatsuba_1_i/karatsuba_mult_ip_0/inst/karatsuba_mult_ip_slave_lite_v1_0_S00_AXI_inst/karatsuba_mult_inst/z1_temp0/DSP_OUTPUT_INST/ALU_OUT[13]
  -------------------------------------------------------------------    -------------------

                         (clock clk_pl_0 rise edge)
                                                     10.000    10.000 r  
    PS8_X0Y0             PS8                          0.000    10.000 r  karatsuba_1_i/zynq_ultra_ps_e_0/inst/PS8_i/PLCLK[0]
                         net (fo=1, routed)           0.181    10.181    karatsuba_1_i/zynq_ultra_ps_e_0/inst/pl_clk_unbuffered[0]
    BUFG_PS_X0Y80        BUFG_PS (Prop_BUFG_PS_I_O)
                                                      0.035    10.216 r  karatsuba_1_i/zynq_ultra_ps_e_0/inst/buffer_pl_clk_0.PL_CLK_0_BUFG/O
    X0Y1 (CLOCK_ROOT)    net (fo=5362, routed)        2.291    12.507    karatsuba_1_i/karatsuba_mult_ip_0/inst/karatsuba_mult_ip_slave_lite_v1_0_S00_AXI_inst/karatsuba_mult_inst/z1_temp0/CLK
    DSP48E2_X6Y38        DSP_OUTPUT                                   r  karatsuba_1_i/karatsuba_mult_ip_0/inst/karatsuba_mult_ip_slave_lite_v1_0_S00_AXI_inst/karatsuba_mult_inst/z1_temp0/DSP_OUTPUT_INST/CLK
                         clock pessimism              0.201    12.708    
                         clock uncertainty           -0.160    12.548    
    DSP48E2_X6Y38        DSP_OUTPUT (Setup_DSP_OUTPUT_DSP48E2_CLK_ALU_OUT[13])
                                                      0.014    12.562    karatsuba_1_i/karatsuba_mult_ip_0/inst/karatsuba_mult_ip_slave_lite_v1_0_S00_AXI_inst/karatsuba_mult_inst/z1_temp0/DSP_OUTPUT_INST
  -------------------------------------------------------------------
                         required time                         12.562    
                         arrival time                          -8.323    
  -------------------------------------------------------------------
                         slack                                  4.239    

Slack (MET) :             4.239ns  (required time - arrival time)
  Source:                 karatsuba_1_i/karatsuba_mult_ip_0/inst/karatsuba_mult_ip_slave_lite_v1_0_S00_AXI_inst/slv_reg2_reg[16]/C
                            (rising edge-triggered cell FDRE clocked by clk_pl_0  {rise@0.000ns fall@5.000ns period=10.000ns})
  Destination:            karatsuba_1_i/karatsuba_mult_ip_0/inst/karatsuba_mult_ip_slave_lite_v1_0_S00_AXI_inst/karatsuba_mult_inst/z1_temp0/DSP_OUTPUT_INST/ALU_OUT[14]
                            (rising edge-triggered cell DSP_OUTPUT clocked by clk_pl_0  {rise@0.000ns fall@5.000ns period=10.000ns})
  Path Group:             clk_pl_0
  Path Type:              Setup (Max at Slow Process Corner)
  Requirement:            10.000ns  (clk_pl_0 rise@10.000ns - clk_pl_0 rise@0.000ns)
  Data Path Delay:        5.505ns  (logic 2.516ns (45.702%)  route 2.989ns (54.298%))
  Logic Levels:           8  (CARRY8=2 DSP_A_B_DATA=1 DSP_ALU=1 DSP_M_DATA=1 DSP_MULTIPLIER=1 DSP_PREADD_DATA=1 LUT2=1)
  Clock Path Skew:        -0.110ns (DCD - SCD + CPR)
    Destination Clock Delay (DCD):    2.507ns = ( 12.507 - 10.000 ) 
    Source Clock Delay      (SCD):    2.818ns
    Clock Pessimism Removal (CPR):    0.201ns
  Clock Uncertainty:      0.160ns  ((TSJ^2 + DJ^2)^1/2) / 2 + PE
    Total System Jitter     (TSJ):    0.071ns
    Discrete Jitter          (DJ):    0.312ns
    Phase Error              (PE):    0.000ns
  Clock Net Delay (Source):      2.551ns (routing 1.045ns, distribution 1.506ns)
  Clock Net Delay (Destination): 2.291ns (routing 0.955ns, distribution 1.336ns)

    Location             Delay type                Incr(ns)  Path(ns)    Netlist Resource(s)
  -------------------------------------------------------------------    -------------------
                         (clock clk_pl_0 rise edge)
                                                      0.000     0.000 r  
    PS8_X0Y0             PS8                          0.000     0.000 r  karatsuba_1_i/zynq_ultra_ps_e_0/inst/PS8_i/PLCLK[0]
                         net (fo=1, routed)           0.229     0.229    karatsuba_1_i/zynq_ultra_ps_e_0/inst/pl_clk_unbuffered[0]
    BUFG_PS_X0Y80        BUFG_PS (Prop_BUFG_PS_I_O)
                                                      0.038     0.267 r  karatsuba_1_i/zynq_ultra_ps_e_0/inst/buffer_pl_clk_0.PL_CLK_0_BUFG/O
    X0Y1 (CLOCK_ROOT)    net (fo=5362, routed)        2.551     2.818    karatsuba_1_i/karatsuba_mult_ip_0/inst/karatsuba_mult_ip_slave_lite_v1_0_S00_AXI_inst/s00_axi_aclk
    SLICE_X26Y96         FDRE                                         r  karatsuba_1_i/karatsuba_mult_ip_0/inst/karatsuba_mult_ip_slave_lite_v1_0_S00_AXI_inst/slv_reg2_reg[16]/C
  -------------------------------------------------------------------    -------------------
    SLICE_X26Y96         FDRE (Prop_HFF2_SLICEL_C_Q)
                                                      0.115     2.933 r  karatsuba_1_i/karatsuba_mult_ip_0/inst/karatsuba_mult_ip_slave_lite_v1_0_S00_AXI_inst/slv_reg2_reg[16]/Q
                         net (fo=4, routed)           1.551     4.484    karatsuba_1_i/karatsuba_mult_ip_0/inst/karatsuba_mult_ip_slave_lite_v1_0_S00_AXI_inst/karatsuba_mult_inst/Q[16]
    SLICE_X23Y95         LUT2 (Prop_A6LUT_SLICEL_I0_O)
                                                      0.082     4.566 r  karatsuba_1_i/karatsuba_mult_ip_0/inst/karatsuba_mult_ip_slave_lite_v1_0_S00_AXI_inst/karatsuba_mult_inst/z1_temp0_i_19/O
                         net (fo=1, routed)           0.014     4.580    karatsuba_1_i/karatsuba_mult_ip_0/inst/karatsuba_mult_ip_slave_lite_v1_0_S00_AXI_inst/karatsuba_mult_inst/z1_temp0_i_19_n_0
    SLICE_X23Y95         CARRY8 (Prop_CARRY8_SLICEL_S[0]_CO[7])
                                                      0.278     4.858 r  karatsuba_1_i/karatsuba_mult_ip_0/inst/karatsuba_mult_ip_slave_lite_v1_0_S00_AXI_inst/karatsuba_mult_inst/z1_temp0_i_3/CO[7]
                         net (fo=1, routed)           0.030     4.888    karatsuba_1_i/karatsuba_mult_ip_0/inst/karatsuba_mult_ip_slave_lite_v1_0_S00_AXI_inst/karatsuba_mult_inst/z1_temp0_i_3_n_0
    SLICE_X23Y96         CARRY8 (Prop_CARRY8_SLICEL_CI_O[5])
                                                      0.161     5.049 f  karatsuba_1_i/karatsuba_mult_ip_0/inst/karatsuba_mult_ip_slave_lite_v1_0_S00_AXI_inst/karatsuba_mult_inst/z1_temp0_i_2/O[5]
                         net (fo=1, routed)           1.394     6.443    karatsuba_1_i/karatsuba_mult_ip_0/inst/karatsuba_mult_ip_slave_lite_v1_0_S00_AXI_inst/karatsuba_mult_inst/z1_temp0/B[13]
    DSP48E2_X6Y38        DSP_A_B_DATA (Prop_DSP_A_B_DATA_DSP48E2_B[13]_B2_DATA[13])
                                                      0.216     6.659 r  karatsuba_1_i/karatsuba_mult_ip_0/inst/karatsuba_mult_ip_slave_lite_v1_0_S00_AXI_inst/karatsuba_mult_inst/z1_temp0/DSP_A_B_DATA_INST/B2_DATA[13]
                         net (fo=1, routed)           0.000     6.659    karatsuba_1_i/karatsuba_mult_ip_0/inst/karatsuba_mult_ip_slave_lite_v1_0_S00_AXI_inst/karatsuba_mult_inst/z1_temp0/DSP_A_B_DATA.B2_DATA<13>
    DSP48E2_X6Y38        DSP_PREADD_DATA (Prop_DSP_PREADD_DATA_DSP48E2_B2_DATA[13]_B2B1[13])
                                                      0.097     6.756 r  karatsuba_1_i/karatsuba_mult_ip_0/inst/karatsuba_mult_ip_slave_lite_v1_0_S00_AXI_inst/karatsuba_mult_inst/z1_temp0/DSP_PREADD_DATA_INST/B2B1[13]
                         net (fo=1, routed)           0.000     6.756    karatsuba_1_i/karatsuba_mult_ip_0/inst/karatsuba_mult_ip_slave_lite_v1_0_S00_AXI_inst/karatsuba_mult_inst/z1_temp0/DSP_PREADD_DATA.B2B1<13>
    DSP48E2_X6Y38        DSP_MULTIPLIER (Prop_DSP_MULTIPLIER_DSP48E2_B2B1[13]_U[14])
                                                      0.773     7.529 f  karatsuba_1_i/karatsuba_mult_ip_0/inst/karatsuba_mult_ip_slave_lite_v1_0_S00_AXI_inst/karatsuba_mult_inst/z1_temp0/DSP_MULTIPLIER_INST/U[14]
                         net (fo=1, routed)           0.000     7.529    karatsuba_1_i/karatsuba_mult_ip_0/inst/karatsuba_mult_ip_slave_lite_v1_0_S00_AXI_inst/karatsuba_mult_inst/z1_temp0/DSP_MULTIPLIER.U<14>
    DSP48E2_X6Y38        DSP_M_DATA (Prop_DSP_M_DATA_DSP48E2_U[14]_U_DATA[14])
                                                      0.067     7.596 r  karatsuba_1_i/karatsuba_mult_ip_0/inst/karatsuba_mult_ip_slave_lite_v1_0_S00_AXI_inst/karatsuba_mult_inst/z1_temp0/DSP_M_DATA_INST/U_DATA[14]
                         net (fo=1, routed)           0.000     7.596    karatsuba_1_i/karatsuba_mult_ip_0/inst/karatsuba_mult_ip_slave_lite_v1_0_S00_AXI_inst/karatsuba_mult_inst/z1_temp0/DSP_M_DATA.U_DATA<14>
    DSP48E2_X6Y38        DSP_ALU (Prop_DSP_ALU_DSP48E2_U_DATA[14]_ALU_OUT[14])
                                                      0.727     8.323 r  karatsuba_1_i/karatsuba_mult_ip_0/inst/karatsuba_mult_ip_slave_lite_v1_0_S00_AXI_inst/karatsuba_mult_inst/z1_temp0/DSP_ALU_INST/ALU_OUT[14]
                         net (fo=1, routed)           0.000     8.323    karatsuba_1_i/karatsuba_mult_ip_0/inst/karatsuba_mult_ip_slave_lite_v1_0_S00_AXI_inst/karatsuba_mult_inst/z1_temp0/DSP_ALU.ALU_OUT<14>
    DSP48E2_X6Y38        DSP_OUTPUT                                   r  karatsuba_1_i/karatsuba_mult_ip_0/inst/karatsuba_mult_ip_slave_lite_v1_0_S00_AXI_inst/karatsuba_mult_inst/z1_temp0/DSP_OUTPUT_INST/ALU_OUT[14]
  -------------------------------------------------------------------    -------------------

                         (clock clk_pl_0 rise edge)
                                                     10.000    10.000 r  
    PS8_X0Y0             PS8                          0.000    10.000 r  karatsuba_1_i/zynq_ultra_ps_e_0/inst/PS8_i/PLCLK[0]
                         net (fo=1, routed)           0.181    10.181    karatsuba_1_i/zynq_ultra_ps_e_0/inst/pl_clk_unbuffered[0]
    BUFG_PS_X0Y80        BUFG_PS (Prop_BUFG_PS_I_O)
                                                      0.035    10.216 r  karatsuba_1_i/zynq_ultra_ps_e_0/inst/buffer_pl_clk_0.PL_CLK_0_BUFG/O
    X0Y1 (CLOCK_ROOT)    net (fo=5362, routed)        2.291    12.507    karatsuba_1_i/karatsuba_mult_ip_0/inst/karatsuba_mult_ip_slave_lite_v1_0_S00_AXI_inst/karatsuba_mult_inst/z1_temp0/CLK
    DSP48E2_X6Y38        DSP_OUTPUT                                   r  karatsuba_1_i/karatsuba_mult_ip_0/inst/karatsuba_mult_ip_slave_lite_v1_0_S00_AXI_inst/karatsuba_mult_inst/z1_temp0/DSP_OUTPUT_INST/CLK
                         clock pessimism              0.201    12.708    
                         clock uncertainty           -0.160    12.548    
    DSP48E2_X6Y38        DSP_OUTPUT (Setup_DSP_OUTPUT_DSP48E2_CLK_ALU_OUT[14])
                                                      0.014    12.562    karatsuba_1_i/karatsuba_mult_ip_0/inst/karatsuba_mult_ip_slave_lite_v1_0_S00_AXI_inst/karatsuba_mult_inst/z1_temp0/DSP_OUTPUT_INST
  -------------------------------------------------------------------
                         required time                         12.562    
                         arrival time                          -8.323    
  -------------------------------------------------------------------
                         slack                                  4.239    

Slack (MET) :             4.239ns  (required time - arrival time)
  Source:                 karatsuba_1_i/karatsuba_mult_ip_0/inst/karatsuba_mult_ip_slave_lite_v1_0_S00_AXI_inst/slv_reg2_reg[16]/C
                            (rising edge-triggered cell FDRE clocked by clk_pl_0  {rise@0.000ns fall@5.000ns period=10.000ns})
  Destination:            karatsuba_1_i/karatsuba_mult_ip_0/inst/karatsuba_mult_ip_slave_lite_v1_0_S00_AXI_inst/karatsuba_mult_inst/z1_temp0/DSP_OUTPUT_INST/ALU_OUT[15]
                            (rising edge-triggered cell DSP_OUTPUT clocked by clk_pl_0  {rise@0.000ns fall@5.000ns period=10.000ns})
  Path Group:             clk_pl_0
  Path Type:              Setup (Max at Slow Process Corner)
  Requirement:            10.000ns  (clk_pl_0 rise@10.000ns - clk_pl_0 rise@0.000ns)
  Data Path Delay:        5.505ns  (logic 2.516ns (45.702%)  route 2.989ns (54.298%))
  Logic Levels:           8  (CARRY8=2 DSP_A_B_DATA=1 DSP_ALU=1 DSP_M_DATA=1 DSP_MULTIPLIER=1 DSP_PREADD_DATA=1 LUT2=1)
  Clock Path Skew:        -0.110ns (DCD - SCD + CPR)
    Destination Clock Delay (DCD):    2.507ns = ( 12.507 - 10.000 ) 
    Source Clock Delay      (SCD):    2.818ns
    Clock Pessimism Removal (CPR):    0.201ns
  Clock Uncertainty:      0.160ns  ((TSJ^2 + DJ^2)^1/2) / 2 + PE
    Total System Jitter     (TSJ):    0.071ns
    Discrete Jitter          (DJ):    0.312ns
    Phase Error              (PE):    0.000ns
  Clock Net Delay (Source):      2.551ns (routing 1.045ns, distribution 1.506ns)
  Clock Net Delay (Destination): 2.291ns (routing 0.955ns, distribution 1.336ns)

    Location             Delay type                Incr(ns)  Path(ns)    Netlist Resource(s)
  -------------------------------------------------------------------    -------------------
                         (clock clk_pl_0 rise edge)
                                                      0.000     0.000 r  
    PS8_X0Y0             PS8                          0.000     0.000 r  karatsuba_1_i/zynq_ultra_ps_e_0/inst/PS8_i/PLCLK[0]
                         net (fo=1, routed)           0.229     0.229    karatsuba_1_i/zynq_ultra_ps_e_0/inst/pl_clk_unbuffered[0]
    BUFG_PS_X0Y80        BUFG_PS (Prop_BUFG_PS_I_O)
                                                      0.038     0.267 r  karatsuba_1_i/zynq_ultra_ps_e_0/inst/buffer_pl_clk_0.PL_CLK_0_BUFG/O
    X0Y1 (CLOCK_ROOT)    net (fo=5362, routed)        2.551     2.818    karatsuba_1_i/karatsuba_mult_ip_0/inst/karatsuba_mult_ip_slave_lite_v1_0_S00_AXI_inst/s00_axi_aclk
    SLICE_X26Y96         FDRE                                         r  karatsuba_1_i/karatsuba_mult_ip_0/inst/karatsuba_mult_ip_slave_lite_v1_0_S00_AXI_inst/slv_reg2_reg[16]/C
  -------------------------------------------------------------------    -------------------
    SLICE_X26Y96         FDRE (Prop_HFF2_SLICEL_C_Q)
                                                      0.115     2.933 r  karatsuba_1_i/karatsuba_mult_ip_0/inst/karatsuba_mult_ip_slave_lite_v1_0_S00_AXI_inst/slv_reg2_reg[16]/Q
                         net (fo=4, routed)           1.551     4.484    karatsuba_1_i/karatsuba_mult_ip_0/inst/karatsuba_mult_ip_slave_lite_v1_0_S00_AXI_inst/karatsuba_mult_inst/Q[16]
    SLICE_X23Y95         LUT2 (Prop_A6LUT_SLICEL_I0_O)
                                                      0.082     4.566 r  karatsuba_1_i/karatsuba_mult_ip_0/inst/karatsuba_mult_ip_slave_lite_v1_0_S00_AXI_inst/karatsuba_mult_inst/z1_temp0_i_19/O
                         net (fo=1, routed)           0.014     4.580    karatsuba_1_i/karatsuba_mult_ip_0/inst/karatsuba_mult_ip_slave_lite_v1_0_S00_AXI_inst/karatsuba_mult_inst/z1_temp0_i_19_n_0
    SLICE_X23Y95         CARRY8 (Prop_CARRY8_SLICEL_S[0]_CO[7])
                                                      0.278     4.858 r  karatsuba_1_i/karatsuba_mult_ip_0/inst/karatsuba_mult_ip_slave_lite_v1_0_S00_AXI_inst/karatsuba_mult_inst/z1_temp0_i_3/CO[7]
                         net (fo=1, routed)           0.030     4.888    karatsuba_1_i/karatsuba_mult_ip_0/inst/karatsuba_mult_ip_slave_lite_v1_0_S00_AXI_inst/karatsuba_mult_inst/z1_temp0_i_3_n_0
    SLICE_X23Y96         CARRY8 (Prop_CARRY8_SLICEL_CI_O[5])
                                                      0.161     5.049 f  karatsuba_1_i/karatsuba_mult_ip_0/inst/karatsuba_mult_ip_slave_lite_v1_0_S00_AXI_inst/karatsuba_mult_inst/z1_temp0_i_2/O[5]
                         net (fo=1, routed)           1.394     6.443    karatsuba_1_i/karatsuba_mult_ip_0/inst/karatsuba_mult_ip_slave_lite_v1_0_S00_AXI_inst/karatsuba_mult_inst/z1_temp0/B[13]
    DSP48E2_X6Y38        DSP_A_B_DATA (Prop_DSP_A_B_DATA_DSP48E2_B[13]_B2_DATA[13])
                                                      0.216     6.659 r  karatsuba_1_i/karatsuba_mult_ip_0/inst/karatsuba_mult_ip_slave_lite_v1_0_S00_AXI_inst/karatsuba_mult_inst/z1_temp0/DSP_A_B_DATA_INST/B2_DATA[13]
                         net (fo=1, routed)           0.000     6.659    karatsuba_1_i/karatsuba_mult_ip_0/inst/karatsuba_mult_ip_slave_lite_v1_0_S00_AXI_inst/karatsuba_mult_inst/z1_temp0/DSP_A_B_DATA.B2_DATA<13>
    DSP48E2_X6Y38        DSP_PREADD_DATA (Prop_DSP_PREADD_DATA_DSP48E2_B2_DATA[13]_B2B1[13])
                                                      0.097     6.756 r  karatsuba_1_i/karatsuba_mult_ip_0/inst/karatsuba_mult_ip_slave_lite_v1_0_S00_AXI_inst/karatsuba_mult_inst/z1_temp0/DSP_PREADD_DATA_INST/B2B1[13]
                         net (fo=1, routed)           0.000     6.756    karatsuba_1_i/karatsuba_mult_ip_0/inst/karatsuba_mult_ip_slave_lite_v1_0_S00_AXI_inst/karatsuba_mult_inst/z1_temp0/DSP_PREADD_DATA.B2B1<13>
    DSP48E2_X6Y38        DSP_MULTIPLIER (Prop_DSP_MULTIPLIER_DSP48E2_B2B1[13]_U[15])
                                                      0.773     7.529 f  karatsuba_1_i/karatsuba_mult_ip_0/inst/karatsuba_mult_ip_slave_lite_v1_0_S00_AXI_inst/karatsuba_mult_inst/z1_temp0/DSP_MULTIPLIER_INST/U[15]
                         net (fo=1, routed)           0.000     7.529    karatsuba_1_i/karatsuba_mult_ip_0/inst/karatsuba_mult_ip_slave_lite_v1_0_S00_AXI_inst/karatsuba_mult_inst/z1_temp0/DSP_MULTIPLIER.U<15>
    DSP48E2_X6Y38        DSP_M_DATA (Prop_DSP_M_DATA_DSP48E2_U[15]_U_DATA[15])
                                                      0.067     7.596 r  karatsuba_1_i/karatsuba_mult_ip_0/inst/karatsuba_mult_ip_slave_lite_v1_0_S00_AXI_inst/karatsuba_mult_inst/z1_temp0/DSP_M_DATA_INST/U_DATA[15]
                         net (fo=1, routed)           0.000     7.596    karatsuba_1_i/karatsuba_mult_ip_0/inst/karatsuba_mult_ip_slave_lite_v1_0_S00_AXI_inst/karatsuba_mult_inst/z1_temp0/DSP_M_DATA.U_DATA<15>
    DSP48E2_X6Y38        DSP_ALU (Prop_DSP_ALU_DSP48E2_U_DATA[15]_ALU_OUT[15])
                                                      0.727     8.323 r  karatsuba_1_i/karatsuba_mult_ip_0/inst/karatsuba_mult_ip_slave_lite_v1_0_S00_AXI_inst/karatsuba_mult_inst/z1_temp0/DSP_ALU_INST/ALU_OUT[15]
                         net (fo=1, routed)           0.000     8.323    karatsuba_1_i/karatsuba_mult_ip_0/inst/karatsuba_mult_ip_slave_lite_v1_0_S00_AXI_inst/karatsuba_mult_inst/z1_temp0/DSP_ALU.ALU_OUT<15>
    DSP48E2_X6Y38        DSP_OUTPUT                                   r  karatsuba_1_i/karatsuba_mult_ip_0/inst/karatsuba_mult_ip_slave_lite_v1_0_S00_AXI_inst/karatsuba_mult_inst/z1_temp0/DSP_OUTPUT_INST/ALU_OUT[15]
  -------------------------------------------------------------------    -------------------

                         (clock clk_pl_0 rise edge)
                                                     10.000    10.000 r  
    PS8_X0Y0             PS8                          0.000    10.000 r  karatsuba_1_i/zynq_ultra_ps_e_0/inst/PS8_i/PLCLK[0]
                         net (fo=1, routed)           0.181    10.181    karatsuba_1_i/zynq_ultra_ps_e_0/inst/pl_clk_unbuffered[0]
    BUFG_PS_X0Y80        BUFG_PS (Prop_BUFG_PS_I_O)
                                                      0.035    10.216 r  karatsuba_1_i/zynq_ultra_ps_e_0/inst/buffer_pl_clk_0.PL_CLK_0_BUFG/O
    X0Y1 (CLOCK_ROOT)    net (fo=5362, routed)        2.291    12.507    karatsuba_1_i/karatsuba_mult_ip_0/inst/karatsuba_mult_ip_slave_lite_v1_0_S00_AXI_inst/karatsuba_mult_inst/z1_temp0/CLK
    DSP48E2_X6Y38        DSP_OUTPUT                                   r  karatsuba_1_i/karatsuba_mult_ip_0/inst/karatsuba_mult_ip_slave_lite_v1_0_S00_AXI_inst/karatsuba_mult_inst/z1_temp0/DSP_OUTPUT_INST/CLK
                         clock pessimism              0.201    12.708    
                         clock uncertainty           -0.160    12.548    
    DSP48E2_X6Y38        DSP_OUTPUT (Setup_DSP_OUTPUT_DSP48E2_CLK_ALU_OUT[15])
                                                      0.014    12.562    karatsuba_1_i/karatsuba_mult_ip_0/inst/karatsuba_mult_ip_slave_lite_v1_0_S00_AXI_inst/karatsuba_mult_inst/z1_temp0/DSP_OUTPUT_INST
  -------------------------------------------------------------------
                         required time                         12.562    
                         arrival time                          -8.323    
  -------------------------------------------------------------------
                         slack                                  4.239    

Slack (MET) :             4.239ns  (required time - arrival time)
  Source:                 karatsuba_1_i/karatsuba_mult_ip_0/inst/karatsuba_mult_ip_slave_lite_v1_0_S00_AXI_inst/slv_reg2_reg[16]/C
                            (rising edge-triggered cell FDRE clocked by clk_pl_0  {rise@0.000ns fall@5.000ns period=10.000ns})
  Destination:            karatsuba_1_i/karatsuba_mult_ip_0/inst/karatsuba_mult_ip_slave_lite_v1_0_S00_AXI_inst/karatsuba_mult_inst/z1_temp0/DSP_OUTPUT_INST/ALU_OUT[16]
                            (rising edge-triggered cell DSP_OUTPUT clocked by clk_pl_0  {rise@0.000ns fall@5.000ns period=10.000ns})
  Path Group:             clk_pl_0
  Path Type:              Setup (Max at Slow Process Corner)
  Requirement:            10.000ns  (clk_pl_0 rise@10.000ns - clk_pl_0 rise@0.000ns)
  Data Path Delay:        5.505ns  (logic 2.516ns (45.702%)  route 2.989ns (54.298%))
  Logic Levels:           8  (CARRY8=2 DSP_A_B_DATA=1 DSP_ALU=1 DSP_M_DATA=1 DSP_MULTIPLIER=1 DSP_PREADD_DATA=1 LUT2=1)
  Clock Path Skew:        -0.110ns (DCD - SCD + CPR)
    Destination Clock Delay (DCD):    2.507ns = ( 12.507 - 10.000 ) 
    Source Clock Delay      (SCD):    2.818ns
    Clock Pessimism Removal (CPR):    0.201ns
  Clock Uncertainty:      0.160ns  ((TSJ^2 + DJ^2)^1/2) / 2 + PE
    Total System Jitter     (TSJ):    0.071ns
    Discrete Jitter          (DJ):    0.312ns
    Phase Error              (PE):    0.000ns
  Clock Net Delay (Source):      2.551ns (routing 1.045ns, distribution 1.506ns)
  Clock Net Delay (Destination): 2.291ns (routing 0.955ns, distribution 1.336ns)

    Location             Delay type                Incr(ns)  Path(ns)    Netlist Resource(s)
  -------------------------------------------------------------------    -------------------
                         (clock clk_pl_0 rise edge)
                                                      0.000     0.000 r  
    PS8_X0Y0             PS8                          0.000     0.000 r  karatsuba_1_i/zynq_ultra_ps_e_0/inst/PS8_i/PLCLK[0]
                         net (fo=1, routed)           0.229     0.229    karatsuba_1_i/zynq_ultra_ps_e_0/inst/pl_clk_unbuffered[0]
    BUFG_PS_X0Y80        BUFG_PS (Prop_BUFG_PS_I_O)
                                                      0.038     0.267 r  karatsuba_1_i/zynq_ultra_ps_e_0/inst/buffer_pl_clk_0.PL_CLK_0_BUFG/O
    X0Y1 (CLOCK_ROOT)    net (fo=5362, routed)        2.551     2.818    karatsuba_1_i/karatsuba_mult_ip_0/inst/karatsuba_mult_ip_slave_lite_v1_0_S00_AXI_inst/s00_axi_aclk
    SLICE_X26Y96         FDRE                                         r  karatsuba_1_i/karatsuba_mult_ip_0/inst/karatsuba_mult_ip_slave_lite_v1_0_S00_AXI_inst/slv_reg2_reg[16]/C
  -------------------------------------------------------------------    -------------------
    SLICE_X26Y96         FDRE (Prop_HFF2_SLICEL_C_Q)
                                                      0.115     2.933 r  karatsuba_1_i/karatsuba_mult_ip_0/inst/karatsuba_mult_ip_slave_lite_v1_0_S00_AXI_inst/slv_reg2_reg[16]/Q
                         net (fo=4, routed)           1.551     4.484    karatsuba_1_i/karatsuba_mult_ip_0/inst/karatsuba_mult_ip_slave_lite_v1_0_S00_AXI_inst/karatsuba_mult_inst/Q[16]
    SLICE_X23Y95         LUT2 (Prop_A6LUT_SLICEL_I0_O)
                                                      0.082     4.566 r  karatsuba_1_i/karatsuba_mult_ip_0/inst/karatsuba_mult_ip_slave_lite_v1_0_S00_AXI_inst/karatsuba_mult_inst/z1_temp0_i_19/O
                         net (fo=1, routed)           0.014     4.580    karatsuba_1_i/karatsuba_mult_ip_0/inst/karatsuba_mult_ip_slave_lite_v1_0_S00_AXI_inst/karatsuba_mult_inst/z1_temp0_i_19_n_0
    SLICE_X23Y95         CARRY8 (Prop_CARRY8_SLICEL_S[0]_CO[7])
                                                      0.278     4.858 r  karatsuba_1_i/karatsuba_mult_ip_0/inst/karatsuba_mult_ip_slave_lite_v1_0_S00_AXI_inst/karatsuba_mult_inst/z1_temp0_i_3/CO[7]
                         net (fo=1, routed)           0.030     4.888    karatsuba_1_i/karatsuba_mult_ip_0/inst/karatsuba_mult_ip_slave_lite_v1_0_S00_AXI_inst/karatsuba_mult_inst/z1_temp0_i_3_n_0
    SLICE_X23Y96         CARRY8 (Prop_CARRY8_SLICEL_CI_O[5])
                                                      0.161     5.049 f  karatsuba_1_i/karatsuba_mult_ip_0/inst/karatsuba_mult_ip_slave_lite_v1_0_S00_AXI_inst/karatsuba_mult_inst/z1_temp0_i_2/O[5]
                         net (fo=1, routed)           1.394     6.443    karatsuba_1_i/karatsuba_mult_ip_0/inst/karatsuba_mult_ip_slave_lite_v1_0_S00_AXI_inst/karatsuba_mult_inst/z1_temp0/B[13]
    DSP48E2_X6Y38        DSP_A_B_DATA (Prop_DSP_A_B_DATA_DSP48E2_B[13]_B2_DATA[13])
                                                      0.216     6.659 r  karatsuba_1_i/karatsuba_mult_ip_0/inst/karatsuba_mult_ip_slave_lite_v1_0_S00_AXI_inst/karatsuba_mult_inst/z1_temp0/DSP_A_B_DATA_INST/B2_DATA[13]
                         net (fo=1, routed)           0.000     6.659    karatsuba_1_i/karatsuba_mult_ip_0/inst/karatsuba_mult_ip_slave_lite_v1_0_S00_AXI_inst/karatsuba_mult_inst/z1_temp0/DSP_A_B_DATA.B2_DATA<13>
    DSP48E2_X6Y38        DSP_PREADD_DATA (Prop_DSP_PREADD_DATA_DSP48E2_B2_DATA[13]_B2B1[13])
                                                      0.097     6.756 r  karatsuba_1_i/karatsuba_mult_ip_0/inst/karatsuba_mult_ip_slave_lite_v1_0_S00_AXI_inst/karatsuba_mult_inst/z1_temp0/DSP_PREADD_DATA_INST/B2B1[13]
                         net (fo=1, routed)           0.000     6.756    karatsuba_1_i/karatsuba_mult_ip_0/inst/karatsuba_mult_ip_slave_lite_v1_0_S00_AXI_inst/karatsuba_mult_inst/z1_temp0/DSP_PREADD_DATA.B2B1<13>
    DSP48E2_X6Y38        DSP_MULTIPLIER (Prop_DSP_MULTIPLIER_DSP48E2_B2B1[13]_U[16])
                                                      0.773     7.529 f  karatsuba_1_i/karatsuba_mult_ip_0/inst/karatsuba_mult_ip_slave_lite_v1_0_S00_AXI_inst/karatsuba_mult_inst/z1_temp0/DSP_MULTIPLIER_INST/U[16]
                         net (fo=1, routed)           0.000     7.529    karatsuba_1_i/karatsuba_mult_ip_0/inst/karatsuba_mult_ip_slave_lite_v1_0_S00_AXI_inst/karatsuba_mult_inst/z1_temp0/DSP_MULTIPLIER.U<16>
    DSP48E2_X6Y38        DSP_M_DATA (Prop_DSP_M_DATA_DSP48E2_U[16]_U_DATA[16])
                                                      0.067     7.596 r  karatsuba_1_i/karatsuba_mult_ip_0/inst/karatsuba_mult_ip_slave_lite_v1_0_S00_AXI_inst/karatsuba_mult_inst/z1_temp0/DSP_M_DATA_INST/U_DATA[16]
                         net (fo=1, routed)           0.000     7.596    karatsuba_1_i/karatsuba_mult_ip_0/inst/karatsuba_mult_ip_slave_lite_v1_0_S00_AXI_inst/karatsuba_mult_inst/z1_temp0/DSP_M_DATA.U_DATA<16>
    DSP48E2_X6Y38        DSP_ALU (Prop_DSP_ALU_DSP48E2_U_DATA[16]_ALU_OUT[16])
                                                      0.727     8.323 r  karatsuba_1_i/karatsuba_mult_ip_0/inst/karatsuba_mult_ip_slave_lite_v1_0_S00_AXI_inst/karatsuba_mult_inst/z1_temp0/DSP_ALU_INST/ALU_OUT[16]
                         net (fo=1, routed)           0.000     8.323    karatsuba_1_i/karatsuba_mult_ip_0/inst/karatsuba_mult_ip_slave_lite_v1_0_S00_AXI_inst/karatsuba_mult_inst/z1_temp0/DSP_ALU.ALU_OUT<16>
    DSP48E2_X6Y38        DSP_OUTPUT                                   r  karatsuba_1_i/karatsuba_mult_ip_0/inst/karatsuba_mult_ip_slave_lite_v1_0_S00_AXI_inst/karatsuba_mult_inst/z1_temp0/DSP_OUTPUT_INST/ALU_OUT[16]
  -------------------------------------------------------------------    -------------------

                         (clock clk_pl_0 rise edge)
                                                     10.000    10.000 r  
    PS8_X0Y0             PS8                          0.000    10.000 r  karatsuba_1_i/zynq_ultra_ps_e_0/inst/PS8_i/PLCLK[0]
                         net (fo=1, routed)           0.181    10.181    karatsuba_1_i/zynq_ultra_ps_e_0/inst/pl_clk_unbuffered[0]
    BUFG_PS_X0Y80        BUFG_PS (Prop_BUFG_PS_I_O)
                                                      0.035    10.216 r  karatsuba_1_i/zynq_ultra_ps_e_0/inst/buffer_pl_clk_0.PL_CLK_0_BUFG/O
    X0Y1 (CLOCK_ROOT)    net (fo=5362, routed)        2.291    12.507    karatsuba_1_i/karatsuba_mult_ip_0/inst/karatsuba_mult_ip_slave_lite_v1_0_S00_AXI_inst/karatsuba_mult_inst/z1_temp0/CLK
    DSP48E2_X6Y38        DSP_OUTPUT                                   r  karatsuba_1_i/karatsuba_mult_ip_0/inst/karatsuba_mult_ip_slave_lite_v1_0_S00_AXI_inst/karatsuba_mult_inst/z1_temp0/DSP_OUTPUT_INST/CLK
                         clock pessimism              0.201    12.708    
                         clock uncertainty           -0.160    12.548    
    DSP48E2_X6Y38        DSP_OUTPUT (Setup_DSP_OUTPUT_DSP48E2_CLK_ALU_OUT[16])
                                                      0.014    12.562    karatsuba_1_i/karatsuba_mult_ip_0/inst/karatsuba_mult_ip_slave_lite_v1_0_S00_AXI_inst/karatsuba_mult_inst/z1_temp0/DSP_OUTPUT_INST
  -------------------------------------------------------------------
                         required time                         12.562    
                         arrival time                          -8.323    
  -------------------------------------------------------------------
                         slack                                  4.239    

Slack (MET) :             4.239ns  (required time - arrival time)
  Source:                 karatsuba_1_i/karatsuba_mult_ip_0/inst/karatsuba_mult_ip_slave_lite_v1_0_S00_AXI_inst/slv_reg2_reg[16]/C
                            (rising edge-triggered cell FDRE clocked by clk_pl_0  {rise@0.000ns fall@5.000ns period=10.000ns})
  Destination:            karatsuba_1_i/karatsuba_mult_ip_0/inst/karatsuba_mult_ip_slave_lite_v1_0_S00_AXI_inst/karatsuba_mult_inst/z1_temp0/DSP_OUTPUT_INST/ALU_OUT[17]
                            (rising edge-triggered cell DSP_OUTPUT clocked by clk_pl_0  {rise@0.000ns fall@5.000ns period=10.000ns})
  Path Group:             clk_pl_0
  Path Type:              Setup (Max at Slow Process Corner)
  Requirement:            10.000ns  (clk_pl_0 rise@10.000ns - clk_pl_0 rise@0.000ns)
  Data Path Delay:        5.505ns  (logic 2.516ns (45.702%)  route 2.989ns (54.298%))
  Logic Levels:           8  (CARRY8=2 DSP_A_B_DATA=1 DSP_ALU=1 DSP_M_DATA=1 DSP_MULTIPLIER=1 DSP_PREADD_DATA=1 LUT2=1)
  Clock Path Skew:        -0.110ns (DCD - SCD + CPR)
    Destination Clock Delay (DCD):    2.507ns = ( 12.507 - 10.000 ) 
    Source Clock Delay      (SCD):    2.818ns
    Clock Pessimism Removal (CPR):    0.201ns
  Clock Uncertainty:      0.160ns  ((TSJ^2 + DJ^2)^1/2) / 2 + PE
    Total System Jitter     (TSJ):    0.071ns
    Discrete Jitter          (DJ):    0.312ns
    Phase Error              (PE):    0.000ns
  Clock Net Delay (Source):      2.551ns (routing 1.045ns, distribution 1.506ns)
  Clock Net Delay (Destination): 2.291ns (routing 0.955ns, distribution 1.336ns)

    Location             Delay type                Incr(ns)  Path(ns)    Netlist Resource(s)
  -------------------------------------------------------------------    -------------------
                         (clock clk_pl_0 rise edge)
                                                      0.000     0.000 r  
    PS8_X0Y0             PS8                          0.000     0.000 r  karatsuba_1_i/zynq_ultra_ps_e_0/inst/PS8_i/PLCLK[0]
                         net (fo=1, routed)           0.229     0.229    karatsuba_1_i/zynq_ultra_ps_e_0/inst/pl_clk_unbuffered[0]
    BUFG_PS_X0Y80        BUFG_PS (Prop_BUFG_PS_I_O)
                                                      0.038     0.267 r  karatsuba_1_i/zynq_ultra_ps_e_0/inst/buffer_pl_clk_0.PL_CLK_0_BUFG/O
    X0Y1 (CLOCK_ROOT)    net (fo=5362, routed)        2.551     2.818    karatsuba_1_i/karatsuba_mult_ip_0/inst/karatsuba_mult_ip_slave_lite_v1_0_S00_AXI_inst/s00_axi_aclk
    SLICE_X26Y96         FDRE                                         r  karatsuba_1_i/karatsuba_mult_ip_0/inst/karatsuba_mult_ip_slave_lite_v1_0_S00_AXI_inst/slv_reg2_reg[16]/C
  -------------------------------------------------------------------    -------------------
    SLICE_X26Y96         FDRE (Prop_HFF2_SLICEL_C_Q)
                                                      0.115     2.933 r  karatsuba_1_i/karatsuba_mult_ip_0/inst/karatsuba_mult_ip_slave_lite_v1_0_S00_AXI_inst/slv_reg2_reg[16]/Q
                         net (fo=4, routed)           1.551     4.484    karatsuba_1_i/karatsuba_mult_ip_0/inst/karatsuba_mult_ip_slave_lite_v1_0_S00_AXI_inst/karatsuba_mult_inst/Q[16]
    SLICE_X23Y95         LUT2 (Prop_A6LUT_SLICEL_I0_O)
                                                      0.082     4.566 r  karatsuba_1_i/karatsuba_mult_ip_0/inst/karatsuba_mult_ip_slave_lite_v1_0_S00_AXI_inst/karatsuba_mult_inst/z1_temp0_i_19/O
                         net (fo=1, routed)           0.014     4.580    karatsuba_1_i/karatsuba_mult_ip_0/inst/karatsuba_mult_ip_slave_lite_v1_0_S00_AXI_inst/karatsuba_mult_inst/z1_temp0_i_19_n_0
    SLICE_X23Y95         CARRY8 (Prop_CARRY8_SLICEL_S[0]_CO[7])
                                                      0.278     4.858 r  karatsuba_1_i/karatsuba_mult_ip_0/inst/karatsuba_mult_ip_slave_lite_v1_0_S00_AXI_inst/karatsuba_mult_inst/z1_temp0_i_3/CO[7]
                         net (fo=1, routed)           0.030     4.888    karatsuba_1_i/karatsuba_mult_ip_0/inst/karatsuba_mult_ip_slave_lite_v1_0_S00_AXI_inst/karatsuba_mult_inst/z1_temp0_i_3_n_0
    SLICE_X23Y96         CARRY8 (Prop_CARRY8_SLICEL_CI_O[5])
                                                      0.161     5.049 f  karatsuba_1_i/karatsuba_mult_ip_0/inst/karatsuba_mult_ip_slave_lite_v1_0_S00_AXI_inst/karatsuba_mult_inst/z1_temp0_i_2/O[5]
                         net (fo=1, routed)           1.394     6.443    karatsuba_1_i/karatsuba_mult_ip_0/inst/karatsuba_mult_ip_slave_lite_v1_0_S00_AXI_inst/karatsuba_mult_inst/z1_temp0/B[13]
    DSP48E2_X6Y38        DSP_A_B_DATA (Prop_DSP_A_B_DATA_DSP48E2_B[13]_B2_DATA[13])
                                                      0.216     6.659 r  karatsuba_1_i/karatsuba_mult_ip_0/inst/karatsuba_mult_ip_slave_lite_v1_0_S00_AXI_inst/karatsuba_mult_inst/z1_temp0/DSP_A_B_DATA_INST/B2_DATA[13]
                         net (fo=1, routed)           0.000     6.659    karatsuba_1_i/karatsuba_mult_ip_0/inst/karatsuba_mult_ip_slave_lite_v1_0_S00_AXI_inst/karatsuba_mult_inst/z1_temp0/DSP_A_B_DATA.B2_DATA<13>
    DSP48E2_X6Y38        DSP_PREADD_DATA (Prop_DSP_PREADD_DATA_DSP48E2_B2_DATA[13]_B2B1[13])
                                                      0.097     6.756 r  karatsuba_1_i/karatsuba_mult_ip_0/inst/karatsuba_mult_ip_slave_lite_v1_0_S00_AXI_inst/karatsuba_mult_inst/z1_temp0/DSP_PREADD_DATA_INST/B2B1[13]
                         net (fo=1, routed)           0.000     6.756    karatsuba_1_i/karatsuba_mult_ip_0/inst/karatsuba_mult_ip_slave_lite_v1_0_S00_AXI_inst/karatsuba_mult_inst/z1_temp0/DSP_PREADD_DATA.B2B1<13>
    DSP48E2_X6Y38        DSP_MULTIPLIER (Prop_DSP_MULTIPLIER_DSP48E2_B2B1[13]_U[17])
                                                      0.773     7.529 f  karatsuba_1_i/karatsuba_mult_ip_0/inst/karatsuba_mult_ip_slave_lite_v1_0_S00_AXI_inst/karatsuba_mult_inst/z1_temp0/DSP_MULTIPLIER_INST/U[17]
                         net (fo=1, routed)           0.000     7.529    karatsuba_1_i/karatsuba_mult_ip_0/inst/karatsuba_mult_ip_slave_lite_v1_0_S00_AXI_inst/karatsuba_mult_inst/z1_temp0/DSP_MULTIPLIER.U<17>
    DSP48E2_X6Y38        DSP_M_DATA (Prop_DSP_M_DATA_DSP48E2_U[17]_U_DATA[17])
                                                      0.067     7.596 r  karatsuba_1_i/karatsuba_mult_ip_0/inst/karatsuba_mult_ip_slave_lite_v1_0_S00_AXI_inst/karatsuba_mult_inst/z1_temp0/DSP_M_DATA_INST/U_DATA[17]
                         net (fo=1, routed)           0.000     7.596    karatsuba_1_i/karatsuba_mult_ip_0/inst/karatsuba_mult_ip_slave_lite_v1_0_S00_AXI_inst/karatsuba_mult_inst/z1_temp0/DSP_M_DATA.U_DATA<17>
    DSP48E2_X6Y38        DSP_ALU (Prop_DSP_ALU_DSP48E2_U_DATA[17]_ALU_OUT[17])
                                                      0.727     8.323 r  karatsuba_1_i/karatsuba_mult_ip_0/inst/karatsuba_mult_ip_slave_lite_v1_0_S00_AXI_inst/karatsuba_mult_inst/z1_temp0/DSP_ALU_INST/ALU_OUT[17]
                         net (fo=1, routed)           0.000     8.323    karatsuba_1_i/karatsuba_mult_ip_0/inst/karatsuba_mult_ip_slave_lite_v1_0_S00_AXI_inst/karatsuba_mult_inst/z1_temp0/DSP_ALU.ALU_OUT<17>
    DSP48E2_X6Y38        DSP_OUTPUT                                   r  karatsuba_1_i/karatsuba_mult_ip_0/inst/karatsuba_mult_ip_slave_lite_v1_0_S00_AXI_inst/karatsuba_mult_inst/z1_temp0/DSP_OUTPUT_INST/ALU_OUT[17]
  -------------------------------------------------------------------    -------------------

                         (clock clk_pl_0 rise edge)
                                                     10.000    10.000 r  
    PS8_X0Y0             PS8                          0.000    10.000 r  karatsuba_1_i/zynq_ultra_ps_e_0/inst/PS8_i/PLCLK[0]
                         net (fo=1, routed)           0.181    10.181    karatsuba_1_i/zynq_ultra_ps_e_0/inst/pl_clk_unbuffered[0]
    BUFG_PS_X0Y80        BUFG_PS (Prop_BUFG_PS_I_O)
                                                      0.035    10.216 r  karatsuba_1_i/zynq_ultra_ps_e_0/inst/buffer_pl_clk_0.PL_CLK_0_BUFG/O
    X0Y1 (CLOCK_ROOT)    net (fo=5362, routed)        2.291    12.507    karatsuba_1_i/karatsuba_mult_ip_0/inst/karatsuba_mult_ip_slave_lite_v1_0_S00_AXI_inst/karatsuba_mult_inst/z1_temp0/CLK
    DSP48E2_X6Y38        DSP_OUTPUT                                   r  karatsuba_1_i/karatsuba_mult_ip_0/inst/karatsuba_mult_ip_slave_lite_v1_0_S00_AXI_inst/karatsuba_mult_inst/z1_temp0/DSP_OUTPUT_INST/CLK
                         clock pessimism              0.201    12.708    
                         clock uncertainty           -0.160    12.548    
    DSP48E2_X6Y38        DSP_OUTPUT (Setup_DSP_OUTPUT_DSP48E2_CLK_ALU_OUT[17])
                                                      0.014    12.562    karatsuba_1_i/karatsuba_mult_ip_0/inst/karatsuba_mult_ip_slave_lite_v1_0_S00_AXI_inst/karatsuba_mult_inst/z1_temp0/DSP_OUTPUT_INST
  -------------------------------------------------------------------
                         required time                         12.562    
                         arrival time                          -8.323    
  -------------------------------------------------------------------
                         slack                                  4.239    

Slack (MET) :             4.239ns  (required time - arrival time)
  Source:                 karatsuba_1_i/karatsuba_mult_ip_0/inst/karatsuba_mult_ip_slave_lite_v1_0_S00_AXI_inst/slv_reg2_reg[16]/C
                            (rising edge-triggered cell FDRE clocked by clk_pl_0  {rise@0.000ns fall@5.000ns period=10.000ns})
  Destination:            karatsuba_1_i/karatsuba_mult_ip_0/inst/karatsuba_mult_ip_slave_lite_v1_0_S00_AXI_inst/karatsuba_mult_inst/z1_temp0/DSP_OUTPUT_INST/ALU_OUT[18]
                            (rising edge-triggered cell DSP_OUTPUT clocked by clk_pl_0  {rise@0.000ns fall@5.000ns period=10.000ns})
  Path Group:             clk_pl_0
  Path Type:              Setup (Max at Slow Process Corner)
  Requirement:            10.000ns  (clk_pl_0 rise@10.000ns - clk_pl_0 rise@0.000ns)
  Data Path Delay:        5.505ns  (logic 2.516ns (45.702%)  route 2.989ns (54.298%))
  Logic Levels:           8  (CARRY8=2 DSP_A_B_DATA=1 DSP_ALU=1 DSP_M_DATA=1 DSP_MULTIPLIER=1 DSP_PREADD_DATA=1 LUT2=1)
  Clock Path Skew:        -0.110ns (DCD - SCD + CPR)
    Destination Clock Delay (DCD):    2.507ns = ( 12.507 - 10.000 ) 
    Source Clock Delay      (SCD):    2.818ns
    Clock Pessimism Removal (CPR):    0.201ns
  Clock Uncertainty:      0.160ns  ((TSJ^2 + DJ^2)^1/2) / 2 + PE
    Total System Jitter     (TSJ):    0.071ns
    Discrete Jitter          (DJ):    0.312ns
    Phase Error              (PE):    0.000ns
  Clock Net Delay (Source):      2.551ns (routing 1.045ns, distribution 1.506ns)
  Clock Net Delay (Destination): 2.291ns (routing 0.955ns, distribution 1.336ns)

    Location             Delay type                Incr(ns)  Path(ns)    Netlist Resource(s)
  -------------------------------------------------------------------    -------------------
                         (clock clk_pl_0 rise edge)
                                                      0.000     0.000 r  
    PS8_X0Y0             PS8                          0.000     0.000 r  karatsuba_1_i/zynq_ultra_ps_e_0/inst/PS8_i/PLCLK[0]
                         net (fo=1, routed)           0.229     0.229    karatsuba_1_i/zynq_ultra_ps_e_0/inst/pl_clk_unbuffered[0]
    BUFG_PS_X0Y80        BUFG_PS (Prop_BUFG_PS_I_O)
                                                      0.038     0.267 r  karatsuba_1_i/zynq_ultra_ps_e_0/inst/buffer_pl_clk_0.PL_CLK_0_BUFG/O
    X0Y1 (CLOCK_ROOT)    net (fo=5362, routed)        2.551     2.818    karatsuba_1_i/karatsuba_mult_ip_0/inst/karatsuba_mult_ip_slave_lite_v1_0_S00_AXI_inst/s00_axi_aclk
    SLICE_X26Y96         FDRE                                         r  karatsuba_1_i/karatsuba_mult_ip_0/inst/karatsuba_mult_ip_slave_lite_v1_0_S00_AXI_inst/slv_reg2_reg[16]/C
  -------------------------------------------------------------------    -------------------
    SLICE_X26Y96         FDRE (Prop_HFF2_SLICEL_C_Q)
                                                      0.115     2.933 r  karatsuba_1_i/karatsuba_mult_ip_0/inst/karatsuba_mult_ip_slave_lite_v1_0_S00_AXI_inst/slv_reg2_reg[16]/Q
                         net (fo=4, routed)           1.551     4.484    karatsuba_1_i/karatsuba_mult_ip_0/inst/karatsuba_mult_ip_slave_lite_v1_0_S00_AXI_inst/karatsuba_mult_inst/Q[16]
    SLICE_X23Y95         LUT2 (Prop_A6LUT_SLICEL_I0_O)
                                                      0.082     4.566 r  karatsuba_1_i/karatsuba_mult_ip_0/inst/karatsuba_mult_ip_slave_lite_v1_0_S00_AXI_inst/karatsuba_mult_inst/z1_temp0_i_19/O
                         net (fo=1, routed)           0.014     4.580    karatsuba_1_i/karatsuba_mult_ip_0/inst/karatsuba_mult_ip_slave_lite_v1_0_S00_AXI_inst/karatsuba_mult_inst/z1_temp0_i_19_n_0
    SLICE_X23Y95         CARRY8 (Prop_CARRY8_SLICEL_S[0]_CO[7])
                                                      0.278     4.858 r  karatsuba_1_i/karatsuba_mult_ip_0/inst/karatsuba_mult_ip_slave_lite_v1_0_S00_AXI_inst/karatsuba_mult_inst/z1_temp0_i_3/CO[7]
                         net (fo=1, routed)           0.030     4.888    karatsuba_1_i/karatsuba_mult_ip_0/inst/karatsuba_mult_ip_slave_lite_v1_0_S00_AXI_inst/karatsuba_mult_inst/z1_temp0_i_3_n_0
    SLICE_X23Y96         CARRY8 (Prop_CARRY8_SLICEL_CI_O[5])
                                                      0.161     5.049 f  karatsuba_1_i/karatsuba_mult_ip_0/inst/karatsuba_mult_ip_slave_lite_v1_0_S00_AXI_inst/karatsuba_mult_inst/z1_temp0_i_2/O[5]
                         net (fo=1, routed)           1.394     6.443    karatsuba_1_i/karatsuba_mult_ip_0/inst/karatsuba_mult_ip_slave_lite_v1_0_S00_AXI_inst/karatsuba_mult_inst/z1_temp0/B[13]
    DSP48E2_X6Y38        DSP_A_B_DATA (Prop_DSP_A_B_DATA_DSP48E2_B[13]_B2_DATA[13])
                                                      0.216     6.659 r  karatsuba_1_i/karatsuba_mult_ip_0/inst/karatsuba_mult_ip_slave_lite_v1_0_S00_AXI_inst/karatsuba_mult_inst/z1_temp0/DSP_A_B_DATA_INST/B2_DATA[13]
                         net (fo=1, routed)           0.000     6.659    karatsuba_1_i/karatsuba_mult_ip_0/inst/karatsuba_mult_ip_slave_lite_v1_0_S00_AXI_inst/karatsuba_mult_inst/z1_temp0/DSP_A_B_DATA.B2_DATA<13>
    DSP48E2_X6Y38        DSP_PREADD_DATA (Prop_DSP_PREADD_DATA_DSP48E2_B2_DATA[13]_B2B1[13])
                                                      0.097     6.756 r  karatsuba_1_i/karatsuba_mult_ip_0/inst/karatsuba_mult_ip_slave_lite_v1_0_S00_AXI_inst/karatsuba_mult_inst/z1_temp0/DSP_PREADD_DATA_INST/B2B1[13]
                         net (fo=1, routed)           0.000     6.756    karatsuba_1_i/karatsuba_mult_ip_0/inst/karatsuba_mult_ip_slave_lite_v1_0_S00_AXI_inst/karatsuba_mult_inst/z1_temp0/DSP_PREADD_DATA.B2B1<13>
    DSP48E2_X6Y38        DSP_MULTIPLIER (Prop_DSP_MULTIPLIER_DSP48E2_B2B1[13]_U[18])
                                                      0.773     7.529 f  karatsuba_1_i/karatsuba_mult_ip_0/inst/karatsuba_mult_ip_slave_lite_v1_0_S00_AXI_inst/karatsuba_mult_inst/z1_temp0/DSP_MULTIPLIER_INST/U[18]
                         net (fo=1, routed)           0.000     7.529    karatsuba_1_i/karatsuba_mult_ip_0/inst/karatsuba_mult_ip_slave_lite_v1_0_S00_AXI_inst/karatsuba_mult_inst/z1_temp0/DSP_MULTIPLIER.U<18>
    DSP48E2_X6Y38        DSP_M_DATA (Prop_DSP_M_DATA_DSP48E2_U[18]_U_DATA[18])
                                                      0.067     7.596 r  karatsuba_1_i/karatsuba_mult_ip_0/inst/karatsuba_mult_ip_slave_lite_v1_0_S00_AXI_inst/karatsuba_mult_inst/z1_temp0/DSP_M_DATA_INST/U_DATA[18]
                         net (fo=1, routed)           0.000     7.596    karatsuba_1_i/karatsuba_mult_ip_0/inst/karatsuba_mult_ip_slave_lite_v1_0_S00_AXI_inst/karatsuba_mult_inst/z1_temp0/DSP_M_DATA.U_DATA<18>
    DSP48E2_X6Y38        DSP_ALU (Prop_DSP_ALU_DSP48E2_U_DATA[18]_ALU_OUT[18])
                                                      0.727     8.323 r  karatsuba_1_i/karatsuba_mult_ip_0/inst/karatsuba_mult_ip_slave_lite_v1_0_S00_AXI_inst/karatsuba_mult_inst/z1_temp0/DSP_ALU_INST/ALU_OUT[18]
                         net (fo=1, routed)           0.000     8.323    karatsuba_1_i/karatsuba_mult_ip_0/inst/karatsuba_mult_ip_slave_lite_v1_0_S00_AXI_inst/karatsuba_mult_inst/z1_temp0/DSP_ALU.ALU_OUT<18>
    DSP48E2_X6Y38        DSP_OUTPUT                                   r  karatsuba_1_i/karatsuba_mult_ip_0/inst/karatsuba_mult_ip_slave_lite_v1_0_S00_AXI_inst/karatsuba_mult_inst/z1_temp0/DSP_OUTPUT_INST/ALU_OUT[18]
  -------------------------------------------------------------------    -------------------

                         (clock clk_pl_0 rise edge)
                                                     10.000    10.000 r  
    PS8_X0Y0             PS8                          0.000    10.000 r  karatsuba_1_i/zynq_ultra_ps_e_0/inst/PS8_i/PLCLK[0]
                         net (fo=1, routed)           0.181    10.181    karatsuba_1_i/zynq_ultra_ps_e_0/inst/pl_clk_unbuffered[0]
    BUFG_PS_X0Y80        BUFG_PS (Prop_BUFG_PS_I_O)
                                                      0.035    10.216 r  karatsuba_1_i/zynq_ultra_ps_e_0/inst/buffer_pl_clk_0.PL_CLK_0_BUFG/O
    X0Y1 (CLOCK_ROOT)    net (fo=5362, routed)        2.291    12.507    karatsuba_1_i/karatsuba_mult_ip_0/inst/karatsuba_mult_ip_slave_lite_v1_0_S00_AXI_inst/karatsuba_mult_inst/z1_temp0/CLK
    DSP48E2_X6Y38        DSP_OUTPUT                                   r  karatsuba_1_i/karatsuba_mult_ip_0/inst/karatsuba_mult_ip_slave_lite_v1_0_S00_AXI_inst/karatsuba_mult_inst/z1_temp0/DSP_OUTPUT_INST/CLK
                         clock pessimism              0.201    12.708    
                         clock uncertainty           -0.160    12.548    
    DSP48E2_X6Y38        DSP_OUTPUT (Setup_DSP_OUTPUT_DSP48E2_CLK_ALU_OUT[18])
                                                      0.014    12.562    karatsuba_1_i/karatsuba_mult_ip_0/inst/karatsuba_mult_ip_slave_lite_v1_0_S00_AXI_inst/karatsuba_mult_inst/z1_temp0/DSP_OUTPUT_INST
  -------------------------------------------------------------------
                         required time                         12.562    
                         arrival time                          -8.323    
  -------------------------------------------------------------------
                         slack                                  4.239    

Slack (MET) :             4.239ns  (required time - arrival time)
  Source:                 karatsuba_1_i/karatsuba_mult_ip_0/inst/karatsuba_mult_ip_slave_lite_v1_0_S00_AXI_inst/slv_reg2_reg[16]/C
                            (rising edge-triggered cell FDRE clocked by clk_pl_0  {rise@0.000ns fall@5.000ns period=10.000ns})
  Destination:            karatsuba_1_i/karatsuba_mult_ip_0/inst/karatsuba_mult_ip_slave_lite_v1_0_S00_AXI_inst/karatsuba_mult_inst/z1_temp0/DSP_OUTPUT_INST/ALU_OUT[19]
                            (rising edge-triggered cell DSP_OUTPUT clocked by clk_pl_0  {rise@0.000ns fall@5.000ns period=10.000ns})
  Path Group:             clk_pl_0
  Path Type:              Setup (Max at Slow Process Corner)
  Requirement:            10.000ns  (clk_pl_0 rise@10.000ns - clk_pl_0 rise@0.000ns)
  Data Path Delay:        5.505ns  (logic 2.516ns (45.702%)  route 2.989ns (54.298%))
  Logic Levels:           8  (CARRY8=2 DSP_A_B_DATA=1 DSP_ALU=1 DSP_M_DATA=1 DSP_MULTIPLIER=1 DSP_PREADD_DATA=1 LUT2=1)
  Clock Path Skew:        -0.110ns (DCD - SCD + CPR)
    Destination Clock Delay (DCD):    2.507ns = ( 12.507 - 10.000 ) 
    Source Clock Delay      (SCD):    2.818ns
    Clock Pessimism Removal (CPR):    0.201ns
  Clock Uncertainty:      0.160ns  ((TSJ^2 + DJ^2)^1/2) / 2 + PE
    Total System Jitter     (TSJ):    0.071ns
    Discrete Jitter          (DJ):    0.312ns
    Phase Error              (PE):    0.000ns
  Clock Net Delay (Source):      2.551ns (routing 1.045ns, distribution 1.506ns)
  Clock Net Delay (Destination): 2.291ns (routing 0.955ns, distribution 1.336ns)

    Location             Delay type                Incr(ns)  Path(ns)    Netlist Resource(s)
  -------------------------------------------------------------------    -------------------
                         (clock clk_pl_0 rise edge)
                                                      0.000     0.000 r  
    PS8_X0Y0             PS8                          0.000     0.000 r  karatsuba_1_i/zynq_ultra_ps_e_0/inst/PS8_i/PLCLK[0]
                         net (fo=1, routed)           0.229     0.229    karatsuba_1_i/zynq_ultra_ps_e_0/inst/pl_clk_unbuffered[0]
    BUFG_PS_X0Y80        BUFG_PS (Prop_BUFG_PS_I_O)
                                                      0.038     0.267 r  karatsuba_1_i/zynq_ultra_ps_e_0/inst/buffer_pl_clk_0.PL_CLK_0_BUFG/O
    X0Y1 (CLOCK_ROOT)    net (fo=5362, routed)        2.551     2.818    karatsuba_1_i/karatsuba_mult_ip_0/inst/karatsuba_mult_ip_slave_lite_v1_0_S00_AXI_inst/s00_axi_aclk
    SLICE_X26Y96         FDRE                                         r  karatsuba_1_i/karatsuba_mult_ip_0/inst/karatsuba_mult_ip_slave_lite_v1_0_S00_AXI_inst/slv_reg2_reg[16]/C
  -------------------------------------------------------------------    -------------------
    SLICE_X26Y96         FDRE (Prop_HFF2_SLICEL_C_Q)
                                                      0.115     2.933 r  karatsuba_1_i/karatsuba_mult_ip_0/inst/karatsuba_mult_ip_slave_lite_v1_0_S00_AXI_inst/slv_reg2_reg[16]/Q
                         net (fo=4, routed)           1.551     4.484    karatsuba_1_i/karatsuba_mult_ip_0/inst/karatsuba_mult_ip_slave_lite_v1_0_S00_AXI_inst/karatsuba_mult_inst/Q[16]
    SLICE_X23Y95         LUT2 (Prop_A6LUT_SLICEL_I0_O)
                                                      0.082     4.566 r  karatsuba_1_i/karatsuba_mult_ip_0/inst/karatsuba_mult_ip_slave_lite_v1_0_S00_AXI_inst/karatsuba_mult_inst/z1_temp0_i_19/O
                         net (fo=1, routed)           0.014     4.580    karatsuba_1_i/karatsuba_mult_ip_0/inst/karatsuba_mult_ip_slave_lite_v1_0_S00_AXI_inst/karatsuba_mult_inst/z1_temp0_i_19_n_0
    SLICE_X23Y95         CARRY8 (Prop_CARRY8_SLICEL_S[0]_CO[7])
                                                      0.278     4.858 r  karatsuba_1_i/karatsuba_mult_ip_0/inst/karatsuba_mult_ip_slave_lite_v1_0_S00_AXI_inst/karatsuba_mult_inst/z1_temp0_i_3/CO[7]
                         net (fo=1, routed)           0.030     4.888    karatsuba_1_i/karatsuba_mult_ip_0/inst/karatsuba_mult_ip_slave_lite_v1_0_S00_AXI_inst/karatsuba_mult_inst/z1_temp0_i_3_n_0
    SLICE_X23Y96         CARRY8 (Prop_CARRY8_SLICEL_CI_O[5])
                                                      0.161     5.049 f  karatsuba_1_i/karatsuba_mult_ip_0/inst/karatsuba_mult_ip_slave_lite_v1_0_S00_AXI_inst/karatsuba_mult_inst/z1_temp0_i_2/O[5]
                         net (fo=1, routed)           1.394     6.443    karatsuba_1_i/karatsuba_mult_ip_0/inst/karatsuba_mult_ip_slave_lite_v1_0_S00_AXI_inst/karatsuba_mult_inst/z1_temp0/B[13]
    DSP48E2_X6Y38        DSP_A_B_DATA (Prop_DSP_A_B_DATA_DSP48E2_B[13]_B2_DATA[13])
                                                      0.216     6.659 r  karatsuba_1_i/karatsuba_mult_ip_0/inst/karatsuba_mult_ip_slave_lite_v1_0_S00_AXI_inst/karatsuba_mult_inst/z1_temp0/DSP_A_B_DATA_INST/B2_DATA[13]
                         net (fo=1, routed)           0.000     6.659    karatsuba_1_i/karatsuba_mult_ip_0/inst/karatsuba_mult_ip_slave_lite_v1_0_S00_AXI_inst/karatsuba_mult_inst/z1_temp0/DSP_A_B_DATA.B2_DATA<13>
    DSP48E2_X6Y38        DSP_PREADD_DATA (Prop_DSP_PREADD_DATA_DSP48E2_B2_DATA[13]_B2B1[13])
                                                      0.097     6.756 r  karatsuba_1_i/karatsuba_mult_ip_0/inst/karatsuba_mult_ip_slave_lite_v1_0_S00_AXI_inst/karatsuba_mult_inst/z1_temp0/DSP_PREADD_DATA_INST/B2B1[13]
                         net (fo=1, routed)           0.000     6.756    karatsuba_1_i/karatsuba_mult_ip_0/inst/karatsuba_mult_ip_slave_lite_v1_0_S00_AXI_inst/karatsuba_mult_inst/z1_temp0/DSP_PREADD_DATA.B2B1<13>
    DSP48E2_X6Y38        DSP_MULTIPLIER (Prop_DSP_MULTIPLIER_DSP48E2_B2B1[13]_U[19])
                                                      0.773     7.529 f  karatsuba_1_i/karatsuba_mult_ip_0/inst/karatsuba_mult_ip_slave_lite_v1_0_S00_AXI_inst/karatsuba_mult_inst/z1_temp0/DSP_MULTIPLIER_INST/U[19]
                         net (fo=1, routed)           0.000     7.529    karatsuba_1_i/karatsuba_mult_ip_0/inst/karatsuba_mult_ip_slave_lite_v1_0_S00_AXI_inst/karatsuba_mult_inst/z1_temp0/DSP_MULTIPLIER.U<19>
    DSP48E2_X6Y38        DSP_M_DATA (Prop_DSP_M_DATA_DSP48E2_U[19]_U_DATA[19])
                                                      0.067     7.596 r  karatsuba_1_i/karatsuba_mult_ip_0/inst/karatsuba_mult_ip_slave_lite_v1_0_S00_AXI_inst/karatsuba_mult_inst/z1_temp0/DSP_M_DATA_INST/U_DATA[19]
                         net (fo=1, routed)           0.000     7.596    karatsuba_1_i/karatsuba_mult_ip_0/inst/karatsuba_mult_ip_slave_lite_v1_0_S00_AXI_inst/karatsuba_mult_inst/z1_temp0/DSP_M_DATA.U_DATA<19>
    DSP48E2_X6Y38        DSP_ALU (Prop_DSP_ALU_DSP48E2_U_DATA[19]_ALU_OUT[19])
                                                      0.727     8.323 r  karatsuba_1_i/karatsuba_mult_ip_0/inst/karatsuba_mult_ip_slave_lite_v1_0_S00_AXI_inst/karatsuba_mult_inst/z1_temp0/DSP_ALU_INST/ALU_OUT[19]
                         net (fo=1, routed)           0.000     8.323    karatsuba_1_i/karatsuba_mult_ip_0/inst/karatsuba_mult_ip_slave_lite_v1_0_S00_AXI_inst/karatsuba_mult_inst/z1_temp0/DSP_ALU.ALU_OUT<19>
    DSP48E2_X6Y38        DSP_OUTPUT                                   r  karatsuba_1_i/karatsuba_mult_ip_0/inst/karatsuba_mult_ip_slave_lite_v1_0_S00_AXI_inst/karatsuba_mult_inst/z1_temp0/DSP_OUTPUT_INST/ALU_OUT[19]
  -------------------------------------------------------------------    -------------------

                         (clock clk_pl_0 rise edge)
                                                     10.000    10.000 r  
    PS8_X0Y0             PS8                          0.000    10.000 r  karatsuba_1_i/zynq_ultra_ps_e_0/inst/PS8_i/PLCLK[0]
                         net (fo=1, routed)           0.181    10.181    karatsuba_1_i/zynq_ultra_ps_e_0/inst/pl_clk_unbuffered[0]
    BUFG_PS_X0Y80        BUFG_PS (Prop_BUFG_PS_I_O)
                                                      0.035    10.216 r  karatsuba_1_i/zynq_ultra_ps_e_0/inst/buffer_pl_clk_0.PL_CLK_0_BUFG/O
    X0Y1 (CLOCK_ROOT)    net (fo=5362, routed)        2.291    12.507    karatsuba_1_i/karatsuba_mult_ip_0/inst/karatsuba_mult_ip_slave_lite_v1_0_S00_AXI_inst/karatsuba_mult_inst/z1_temp0/CLK
    DSP48E2_X6Y38        DSP_OUTPUT                                   r  karatsuba_1_i/karatsuba_mult_ip_0/inst/karatsuba_mult_ip_slave_lite_v1_0_S00_AXI_inst/karatsuba_mult_inst/z1_temp0/DSP_OUTPUT_INST/CLK
                         clock pessimism              0.201    12.708    
                         clock uncertainty           -0.160    12.548    
    DSP48E2_X6Y38        DSP_OUTPUT (Setup_DSP_OUTPUT_DSP48E2_CLK_ALU_OUT[19])
                                                      0.014    12.562    karatsuba_1_i/karatsuba_mult_ip_0/inst/karatsuba_mult_ip_slave_lite_v1_0_S00_AXI_inst/karatsuba_mult_inst/z1_temp0/DSP_OUTPUT_INST
  -------------------------------------------------------------------
                         required time                         12.562    
                         arrival time                          -8.323    
  -------------------------------------------------------------------
                         slack                                  4.239    

Slack (MET) :             4.239ns  (required time - arrival time)
  Source:                 karatsuba_1_i/karatsuba_mult_ip_0/inst/karatsuba_mult_ip_slave_lite_v1_0_S00_AXI_inst/slv_reg2_reg[16]/C
                            (rising edge-triggered cell FDRE clocked by clk_pl_0  {rise@0.000ns fall@5.000ns period=10.000ns})
  Destination:            karatsuba_1_i/karatsuba_mult_ip_0/inst/karatsuba_mult_ip_slave_lite_v1_0_S00_AXI_inst/karatsuba_mult_inst/z1_temp0/DSP_OUTPUT_INST/ALU_OUT[20]
                            (rising edge-triggered cell DSP_OUTPUT clocked by clk_pl_0  {rise@0.000ns fall@5.000ns period=10.000ns})
  Path Group:             clk_pl_0
  Path Type:              Setup (Max at Slow Process Corner)
  Requirement:            10.000ns  (clk_pl_0 rise@10.000ns - clk_pl_0 rise@0.000ns)
  Data Path Delay:        5.505ns  (logic 2.516ns (45.702%)  route 2.989ns (54.298%))
  Logic Levels:           8  (CARRY8=2 DSP_A_B_DATA=1 DSP_ALU=1 DSP_M_DATA=1 DSP_MULTIPLIER=1 DSP_PREADD_DATA=1 LUT2=1)
  Clock Path Skew:        -0.110ns (DCD - SCD + CPR)
    Destination Clock Delay (DCD):    2.507ns = ( 12.507 - 10.000 ) 
    Source Clock Delay      (SCD):    2.818ns
    Clock Pessimism Removal (CPR):    0.201ns
  Clock Uncertainty:      0.160ns  ((TSJ^2 + DJ^2)^1/2) / 2 + PE
    Total System Jitter     (TSJ):    0.071ns
    Discrete Jitter          (DJ):    0.312ns
    Phase Error              (PE):    0.000ns
  Clock Net Delay (Source):      2.551ns (routing 1.045ns, distribution 1.506ns)
  Clock Net Delay (Destination): 2.291ns (routing 0.955ns, distribution 1.336ns)

    Location             Delay type                Incr(ns)  Path(ns)    Netlist Resource(s)
  -------------------------------------------------------------------    -------------------
                         (clock clk_pl_0 rise edge)
                                                      0.000     0.000 r  
    PS8_X0Y0             PS8                          0.000     0.000 r  karatsuba_1_i/zynq_ultra_ps_e_0/inst/PS8_i/PLCLK[0]
                         net (fo=1, routed)           0.229     0.229    karatsuba_1_i/zynq_ultra_ps_e_0/inst/pl_clk_unbuffered[0]
    BUFG_PS_X0Y80        BUFG_PS (Prop_BUFG_PS_I_O)
                                                      0.038     0.267 r  karatsuba_1_i/zynq_ultra_ps_e_0/inst/buffer_pl_clk_0.PL_CLK_0_BUFG/O
    X0Y1 (CLOCK_ROOT)    net (fo=5362, routed)        2.551     2.818    karatsuba_1_i/karatsuba_mult_ip_0/inst/karatsuba_mult_ip_slave_lite_v1_0_S00_AXI_inst/s00_axi_aclk
    SLICE_X26Y96         FDRE                                         r  karatsuba_1_i/karatsuba_mult_ip_0/inst/karatsuba_mult_ip_slave_lite_v1_0_S00_AXI_inst/slv_reg2_reg[16]/C
  -------------------------------------------------------------------    -------------------
    SLICE_X26Y96         FDRE (Prop_HFF2_SLICEL_C_Q)
                                                      0.115     2.933 r  karatsuba_1_i/karatsuba_mult_ip_0/inst/karatsuba_mult_ip_slave_lite_v1_0_S00_AXI_inst/slv_reg2_reg[16]/Q
                         net (fo=4, routed)           1.551     4.484    karatsuba_1_i/karatsuba_mult_ip_0/inst/karatsuba_mult_ip_slave_lite_v1_0_S00_AXI_inst/karatsuba_mult_inst/Q[16]
    SLICE_X23Y95         LUT2 (Prop_A6LUT_SLICEL_I0_O)
                                                      0.082     4.566 r  karatsuba_1_i/karatsuba_mult_ip_0/inst/karatsuba_mult_ip_slave_lite_v1_0_S00_AXI_inst/karatsuba_mult_inst/z1_temp0_i_19/O
                         net (fo=1, routed)           0.014     4.580    karatsuba_1_i/karatsuba_mult_ip_0/inst/karatsuba_mult_ip_slave_lite_v1_0_S00_AXI_inst/karatsuba_mult_inst/z1_temp0_i_19_n_0
    SLICE_X23Y95         CARRY8 (Prop_CARRY8_SLICEL_S[0]_CO[7])
                                                      0.278     4.858 r  karatsuba_1_i/karatsuba_mult_ip_0/inst/karatsuba_mult_ip_slave_lite_v1_0_S00_AXI_inst/karatsuba_mult_inst/z1_temp0_i_3/CO[7]
                         net (fo=1, routed)           0.030     4.888    karatsuba_1_i/karatsuba_mult_ip_0/inst/karatsuba_mult_ip_slave_lite_v1_0_S00_AXI_inst/karatsuba_mult_inst/z1_temp0_i_3_n_0
    SLICE_X23Y96         CARRY8 (Prop_CARRY8_SLICEL_CI_O[5])
                                                      0.161     5.049 f  karatsuba_1_i/karatsuba_mult_ip_0/inst/karatsuba_mult_ip_slave_lite_v1_0_S00_AXI_inst/karatsuba_mult_inst/z1_temp0_i_2/O[5]
                         net (fo=1, routed)           1.394     6.443    karatsuba_1_i/karatsuba_mult_ip_0/inst/karatsuba_mult_ip_slave_lite_v1_0_S00_AXI_inst/karatsuba_mult_inst/z1_temp0/B[13]
    DSP48E2_X6Y38        DSP_A_B_DATA (Prop_DSP_A_B_DATA_DSP48E2_B[13]_B2_DATA[13])
                                                      0.216     6.659 r  karatsuba_1_i/karatsuba_mult_ip_0/inst/karatsuba_mult_ip_slave_lite_v1_0_S00_AXI_inst/karatsuba_mult_inst/z1_temp0/DSP_A_B_DATA_INST/B2_DATA[13]
                         net (fo=1, routed)           0.000     6.659    karatsuba_1_i/karatsuba_mult_ip_0/inst/karatsuba_mult_ip_slave_lite_v1_0_S00_AXI_inst/karatsuba_mult_inst/z1_temp0/DSP_A_B_DATA.B2_DATA<13>
    DSP48E2_X6Y38        DSP_PREADD_DATA (Prop_DSP_PREADD_DATA_DSP48E2_B2_DATA[13]_B2B1[13])
                                                      0.097     6.756 r  karatsuba_1_i/karatsuba_mult_ip_0/inst/karatsuba_mult_ip_slave_lite_v1_0_S00_AXI_inst/karatsuba_mult_inst/z1_temp0/DSP_PREADD_DATA_INST/B2B1[13]
                         net (fo=1, routed)           0.000     6.756    karatsuba_1_i/karatsuba_mult_ip_0/inst/karatsuba_mult_ip_slave_lite_v1_0_S00_AXI_inst/karatsuba_mult_inst/z1_temp0/DSP_PREADD_DATA.B2B1<13>
    DSP48E2_X6Y38        DSP_MULTIPLIER (Prop_DSP_MULTIPLIER_DSP48E2_B2B1[13]_U[20])
                                                      0.773     7.529 f  karatsuba_1_i/karatsuba_mult_ip_0/inst/karatsuba_mult_ip_slave_lite_v1_0_S00_AXI_inst/karatsuba_mult_inst/z1_temp0/DSP_MULTIPLIER_INST/U[20]
                         net (fo=1, routed)           0.000     7.529    karatsuba_1_i/karatsuba_mult_ip_0/inst/karatsuba_mult_ip_slave_lite_v1_0_S00_AXI_inst/karatsuba_mult_inst/z1_temp0/DSP_MULTIPLIER.U<20>
    DSP48E2_X6Y38        DSP_M_DATA (Prop_DSP_M_DATA_DSP48E2_U[20]_U_DATA[20])
                                                      0.067     7.596 r  karatsuba_1_i/karatsuba_mult_ip_0/inst/karatsuba_mult_ip_slave_lite_v1_0_S00_AXI_inst/karatsuba_mult_inst/z1_temp0/DSP_M_DATA_INST/U_DATA[20]
                         net (fo=1, routed)           0.000     7.596    karatsuba_1_i/karatsuba_mult_ip_0/inst/karatsuba_mult_ip_slave_lite_v1_0_S00_AXI_inst/karatsuba_mult_inst/z1_temp0/DSP_M_DATA.U_DATA<20>
    DSP48E2_X6Y38        DSP_ALU (Prop_DSP_ALU_DSP48E2_U_DATA[20]_ALU_OUT[20])
                                                      0.727     8.323 r  karatsuba_1_i/karatsuba_mult_ip_0/inst/karatsuba_mult_ip_slave_lite_v1_0_S00_AXI_inst/karatsuba_mult_inst/z1_temp0/DSP_ALU_INST/ALU_OUT[20]
                         net (fo=1, routed)           0.000     8.323    karatsuba_1_i/karatsuba_mult_ip_0/inst/karatsuba_mult_ip_slave_lite_v1_0_S00_AXI_inst/karatsuba_mult_inst/z1_temp0/DSP_ALU.ALU_OUT<20>
    DSP48E2_X6Y38        DSP_OUTPUT                                   r  karatsuba_1_i/karatsuba_mult_ip_0/inst/karatsuba_mult_ip_slave_lite_v1_0_S00_AXI_inst/karatsuba_mult_inst/z1_temp0/DSP_OUTPUT_INST/ALU_OUT[20]
  -------------------------------------------------------------------    -------------------

                         (clock clk_pl_0 rise edge)
                                                     10.000    10.000 r  
    PS8_X0Y0             PS8                          0.000    10.000 r  karatsuba_1_i/zynq_ultra_ps_e_0/inst/PS8_i/PLCLK[0]
                         net (fo=1, routed)           0.181    10.181    karatsuba_1_i/zynq_ultra_ps_e_0/inst/pl_clk_unbuffered[0]
    BUFG_PS_X0Y80        BUFG_PS (Prop_BUFG_PS_I_O)
                                                      0.035    10.216 r  karatsuba_1_i/zynq_ultra_ps_e_0/inst/buffer_pl_clk_0.PL_CLK_0_BUFG/O
    X0Y1 (CLOCK_ROOT)    net (fo=5362, routed)        2.291    12.507    karatsuba_1_i/karatsuba_mult_ip_0/inst/karatsuba_mult_ip_slave_lite_v1_0_S00_AXI_inst/karatsuba_mult_inst/z1_temp0/CLK
    DSP48E2_X6Y38        DSP_OUTPUT                                   r  karatsuba_1_i/karatsuba_mult_ip_0/inst/karatsuba_mult_ip_slave_lite_v1_0_S00_AXI_inst/karatsuba_mult_inst/z1_temp0/DSP_OUTPUT_INST/CLK
                         clock pessimism              0.201    12.708    
                         clock uncertainty           -0.160    12.548    
    DSP48E2_X6Y38        DSP_OUTPUT (Setup_DSP_OUTPUT_DSP48E2_CLK_ALU_OUT[20])
                                                      0.014    12.562    karatsuba_1_i/karatsuba_mult_ip_0/inst/karatsuba_mult_ip_slave_lite_v1_0_S00_AXI_inst/karatsuba_mult_inst/z1_temp0/DSP_OUTPUT_INST
  -------------------------------------------------------------------
                         required time                         12.562    
                         arrival time                          -8.323    
  -------------------------------------------------------------------
                         slack                                  4.239    

Slack (MET) :             4.239ns  (required time - arrival time)
  Source:                 karatsuba_1_i/karatsuba_mult_ip_0/inst/karatsuba_mult_ip_slave_lite_v1_0_S00_AXI_inst/slv_reg2_reg[16]/C
                            (rising edge-triggered cell FDRE clocked by clk_pl_0  {rise@0.000ns fall@5.000ns period=10.000ns})
  Destination:            karatsuba_1_i/karatsuba_mult_ip_0/inst/karatsuba_mult_ip_slave_lite_v1_0_S00_AXI_inst/karatsuba_mult_inst/z1_temp0/DSP_OUTPUT_INST/ALU_OUT[21]
                            (rising edge-triggered cell DSP_OUTPUT clocked by clk_pl_0  {rise@0.000ns fall@5.000ns period=10.000ns})
  Path Group:             clk_pl_0
  Path Type:              Setup (Max at Slow Process Corner)
  Requirement:            10.000ns  (clk_pl_0 rise@10.000ns - clk_pl_0 rise@0.000ns)
  Data Path Delay:        5.505ns  (logic 2.516ns (45.702%)  route 2.989ns (54.298%))
  Logic Levels:           8  (CARRY8=2 DSP_A_B_DATA=1 DSP_ALU=1 DSP_M_DATA=1 DSP_MULTIPLIER=1 DSP_PREADD_DATA=1 LUT2=1)
  Clock Path Skew:        -0.110ns (DCD - SCD + CPR)
    Destination Clock Delay (DCD):    2.507ns = ( 12.507 - 10.000 ) 
    Source Clock Delay      (SCD):    2.818ns
    Clock Pessimism Removal (CPR):    0.201ns
  Clock Uncertainty:      0.160ns  ((TSJ^2 + DJ^2)^1/2) / 2 + PE
    Total System Jitter     (TSJ):    0.071ns
    Discrete Jitter          (DJ):    0.312ns
    Phase Error              (PE):    0.000ns
  Clock Net Delay (Source):      2.551ns (routing 1.045ns, distribution 1.506ns)
  Clock Net Delay (Destination): 2.291ns (routing 0.955ns, distribution 1.336ns)

    Location             Delay type                Incr(ns)  Path(ns)    Netlist Resource(s)
  -------------------------------------------------------------------    -------------------
                         (clock clk_pl_0 rise edge)
                                                      0.000     0.000 r  
    PS8_X0Y0             PS8                          0.000     0.000 r  karatsuba_1_i/zynq_ultra_ps_e_0/inst/PS8_i/PLCLK[0]
                         net (fo=1, routed)           0.229     0.229    karatsuba_1_i/zynq_ultra_ps_e_0/inst/pl_clk_unbuffered[0]
    BUFG_PS_X0Y80        BUFG_PS (Prop_BUFG_PS_I_O)
                                                      0.038     0.267 r  karatsuba_1_i/zynq_ultra_ps_e_0/inst/buffer_pl_clk_0.PL_CLK_0_BUFG/O
    X0Y1 (CLOCK_ROOT)    net (fo=5362, routed)        2.551     2.818    karatsuba_1_i/karatsuba_mult_ip_0/inst/karatsuba_mult_ip_slave_lite_v1_0_S00_AXI_inst/s00_axi_aclk
    SLICE_X26Y96         FDRE                                         r  karatsuba_1_i/karatsuba_mult_ip_0/inst/karatsuba_mult_ip_slave_lite_v1_0_S00_AXI_inst/slv_reg2_reg[16]/C
  -------------------------------------------------------------------    -------------------
    SLICE_X26Y96         FDRE (Prop_HFF2_SLICEL_C_Q)
                                                      0.115     2.933 r  karatsuba_1_i/karatsuba_mult_ip_0/inst/karatsuba_mult_ip_slave_lite_v1_0_S00_AXI_inst/slv_reg2_reg[16]/Q
                         net (fo=4, routed)           1.551     4.484    karatsuba_1_i/karatsuba_mult_ip_0/inst/karatsuba_mult_ip_slave_lite_v1_0_S00_AXI_inst/karatsuba_mult_inst/Q[16]
    SLICE_X23Y95         LUT2 (Prop_A6LUT_SLICEL_I0_O)
                                                      0.082     4.566 r  karatsuba_1_i/karatsuba_mult_ip_0/inst/karatsuba_mult_ip_slave_lite_v1_0_S00_AXI_inst/karatsuba_mult_inst/z1_temp0_i_19/O
                         net (fo=1, routed)           0.014     4.580    karatsuba_1_i/karatsuba_mult_ip_0/inst/karatsuba_mult_ip_slave_lite_v1_0_S00_AXI_inst/karatsuba_mult_inst/z1_temp0_i_19_n_0
    SLICE_X23Y95         CARRY8 (Prop_CARRY8_SLICEL_S[0]_CO[7])
                                                      0.278     4.858 r  karatsuba_1_i/karatsuba_mult_ip_0/inst/karatsuba_mult_ip_slave_lite_v1_0_S00_AXI_inst/karatsuba_mult_inst/z1_temp0_i_3/CO[7]
                         net (fo=1, routed)           0.030     4.888    karatsuba_1_i/karatsuba_mult_ip_0/inst/karatsuba_mult_ip_slave_lite_v1_0_S00_AXI_inst/karatsuba_mult_inst/z1_temp0_i_3_n_0
    SLICE_X23Y96         CARRY8 (Prop_CARRY8_SLICEL_CI_O[5])
                                                      0.161     5.049 f  karatsuba_1_i/karatsuba_mult_ip_0/inst/karatsuba_mult_ip_slave_lite_v1_0_S00_AXI_inst/karatsuba_mult_inst/z1_temp0_i_2/O[5]
                         net (fo=1, routed)           1.394     6.443    karatsuba_1_i/karatsuba_mult_ip_0/inst/karatsuba_mult_ip_slave_lite_v1_0_S00_AXI_inst/karatsuba_mult_inst/z1_temp0/B[13]
    DSP48E2_X6Y38        DSP_A_B_DATA (Prop_DSP_A_B_DATA_DSP48E2_B[13]_B2_DATA[13])
                                                      0.216     6.659 r  karatsuba_1_i/karatsuba_mult_ip_0/inst/karatsuba_mult_ip_slave_lite_v1_0_S00_AXI_inst/karatsuba_mult_inst/z1_temp0/DSP_A_B_DATA_INST/B2_DATA[13]
                         net (fo=1, routed)           0.000     6.659    karatsuba_1_i/karatsuba_mult_ip_0/inst/karatsuba_mult_ip_slave_lite_v1_0_S00_AXI_inst/karatsuba_mult_inst/z1_temp0/DSP_A_B_DATA.B2_DATA<13>
    DSP48E2_X6Y38        DSP_PREADD_DATA (Prop_DSP_PREADD_DATA_DSP48E2_B2_DATA[13]_B2B1[13])
                                                      0.097     6.756 r  karatsuba_1_i/karatsuba_mult_ip_0/inst/karatsuba_mult_ip_slave_lite_v1_0_S00_AXI_inst/karatsuba_mult_inst/z1_temp0/DSP_PREADD_DATA_INST/B2B1[13]
                         net (fo=1, routed)           0.000     6.756    karatsuba_1_i/karatsuba_mult_ip_0/inst/karatsuba_mult_ip_slave_lite_v1_0_S00_AXI_inst/karatsuba_mult_inst/z1_temp0/DSP_PREADD_DATA.B2B1<13>
    DSP48E2_X6Y38        DSP_MULTIPLIER (Prop_DSP_MULTIPLIER_DSP48E2_B2B1[13]_U[21])
                                                      0.773     7.529 f  karatsuba_1_i/karatsuba_mult_ip_0/inst/karatsuba_mult_ip_slave_lite_v1_0_S00_AXI_inst/karatsuba_mult_inst/z1_temp0/DSP_MULTIPLIER_INST/U[21]
                         net (fo=1, routed)           0.000     7.529    karatsuba_1_i/karatsuba_mult_ip_0/inst/karatsuba_mult_ip_slave_lite_v1_0_S00_AXI_inst/karatsuba_mult_inst/z1_temp0/DSP_MULTIPLIER.U<21>
    DSP48E2_X6Y38        DSP_M_DATA (Prop_DSP_M_DATA_DSP48E2_U[21]_U_DATA[21])
                                                      0.067     7.596 r  karatsuba_1_i/karatsuba_mult_ip_0/inst/karatsuba_mult_ip_slave_lite_v1_0_S00_AXI_inst/karatsuba_mult_inst/z1_temp0/DSP_M_DATA_INST/U_DATA[21]
                         net (fo=1, routed)           0.000     7.596    karatsuba_1_i/karatsuba_mult_ip_0/inst/karatsuba_mult_ip_slave_lite_v1_0_S00_AXI_inst/karatsuba_mult_inst/z1_temp0/DSP_M_DATA.U_DATA<21>
    DSP48E2_X6Y38        DSP_ALU (Prop_DSP_ALU_DSP48E2_U_DATA[21]_ALU_OUT[21])
                                                      0.727     8.323 r  karatsuba_1_i/karatsuba_mult_ip_0/inst/karatsuba_mult_ip_slave_lite_v1_0_S00_AXI_inst/karatsuba_mult_inst/z1_temp0/DSP_ALU_INST/ALU_OUT[21]
                         net (fo=1, routed)           0.000     8.323    karatsuba_1_i/karatsuba_mult_ip_0/inst/karatsuba_mult_ip_slave_lite_v1_0_S00_AXI_inst/karatsuba_mult_inst/z1_temp0/DSP_ALU.ALU_OUT<21>
    DSP48E2_X6Y38        DSP_OUTPUT                                   r  karatsuba_1_i/karatsuba_mult_ip_0/inst/karatsuba_mult_ip_slave_lite_v1_0_S00_AXI_inst/karatsuba_mult_inst/z1_temp0/DSP_OUTPUT_INST/ALU_OUT[21]
  -------------------------------------------------------------------    -------------------

                         (clock clk_pl_0 rise edge)
                                                     10.000    10.000 r  
    PS8_X0Y0             PS8                          0.000    10.000 r  karatsuba_1_i/zynq_ultra_ps_e_0/inst/PS8_i/PLCLK[0]
                         net (fo=1, routed)           0.181    10.181    karatsuba_1_i/zynq_ultra_ps_e_0/inst/pl_clk_unbuffered[0]
    BUFG_PS_X0Y80        BUFG_PS (Prop_BUFG_PS_I_O)
                                                      0.035    10.216 r  karatsuba_1_i/zynq_ultra_ps_e_0/inst/buffer_pl_clk_0.PL_CLK_0_BUFG/O
    X0Y1 (CLOCK_ROOT)    net (fo=5362, routed)        2.291    12.507    karatsuba_1_i/karatsuba_mult_ip_0/inst/karatsuba_mult_ip_slave_lite_v1_0_S00_AXI_inst/karatsuba_mult_inst/z1_temp0/CLK
    DSP48E2_X6Y38        DSP_OUTPUT                                   r  karatsuba_1_i/karatsuba_mult_ip_0/inst/karatsuba_mult_ip_slave_lite_v1_0_S00_AXI_inst/karatsuba_mult_inst/z1_temp0/DSP_OUTPUT_INST/CLK
                         clock pessimism              0.201    12.708    
                         clock uncertainty           -0.160    12.548    
    DSP48E2_X6Y38        DSP_OUTPUT (Setup_DSP_OUTPUT_DSP48E2_CLK_ALU_OUT[21])
                                                      0.014    12.562    karatsuba_1_i/karatsuba_mult_ip_0/inst/karatsuba_mult_ip_slave_lite_v1_0_S00_AXI_inst/karatsuba_mult_inst/z1_temp0/DSP_OUTPUT_INST
  -------------------------------------------------------------------
                         required time                         12.562    
                         arrival time                          -8.323    
  -------------------------------------------------------------------
                         slack                                  4.239    

Slack (MET) :             4.239ns  (required time - arrival time)
  Source:                 karatsuba_1_i/karatsuba_mult_ip_0/inst/karatsuba_mult_ip_slave_lite_v1_0_S00_AXI_inst/slv_reg2_reg[16]/C
                            (rising edge-triggered cell FDRE clocked by clk_pl_0  {rise@0.000ns fall@5.000ns period=10.000ns})
  Destination:            karatsuba_1_i/karatsuba_mult_ip_0/inst/karatsuba_mult_ip_slave_lite_v1_0_S00_AXI_inst/karatsuba_mult_inst/z1_temp0/DSP_OUTPUT_INST/ALU_OUT[22]
                            (rising edge-triggered cell DSP_OUTPUT clocked by clk_pl_0  {rise@0.000ns fall@5.000ns period=10.000ns})
  Path Group:             clk_pl_0
  Path Type:              Setup (Max at Slow Process Corner)
  Requirement:            10.000ns  (clk_pl_0 rise@10.000ns - clk_pl_0 rise@0.000ns)
  Data Path Delay:        5.505ns  (logic 2.516ns (45.702%)  route 2.989ns (54.298%))
  Logic Levels:           8  (CARRY8=2 DSP_A_B_DATA=1 DSP_ALU=1 DSP_M_DATA=1 DSP_MULTIPLIER=1 DSP_PREADD_DATA=1 LUT2=1)
  Clock Path Skew:        -0.110ns (DCD - SCD + CPR)
    Destination Clock Delay (DCD):    2.507ns = ( 12.507 - 10.000 ) 
    Source Clock Delay      (SCD):    2.818ns
    Clock Pessimism Removal (CPR):    0.201ns
  Clock Uncertainty:      0.160ns  ((TSJ^2 + DJ^2)^1/2) / 2 + PE
    Total System Jitter     (TSJ):    0.071ns
    Discrete Jitter          (DJ):    0.312ns
    Phase Error              (PE):    0.000ns
  Clock Net Delay (Source):      2.551ns (routing 1.045ns, distribution 1.506ns)
  Clock Net Delay (Destination): 2.291ns (routing 0.955ns, distribution 1.336ns)

    Location             Delay type                Incr(ns)  Path(ns)    Netlist Resource(s)
  -------------------------------------------------------------------    -------------------
                         (clock clk_pl_0 rise edge)
                                                      0.000     0.000 r  
    PS8_X0Y0             PS8                          0.000     0.000 r  karatsuba_1_i/zynq_ultra_ps_e_0/inst/PS8_i/PLCLK[0]
                         net (fo=1, routed)           0.229     0.229    karatsuba_1_i/zynq_ultra_ps_e_0/inst/pl_clk_unbuffered[0]
    BUFG_PS_X0Y80        BUFG_PS (Prop_BUFG_PS_I_O)
                                                      0.038     0.267 r  karatsuba_1_i/zynq_ultra_ps_e_0/inst/buffer_pl_clk_0.PL_CLK_0_BUFG/O
    X0Y1 (CLOCK_ROOT)    net (fo=5362, routed)        2.551     2.818    karatsuba_1_i/karatsuba_mult_ip_0/inst/karatsuba_mult_ip_slave_lite_v1_0_S00_AXI_inst/s00_axi_aclk
    SLICE_X26Y96         FDRE                                         r  karatsuba_1_i/karatsuba_mult_ip_0/inst/karatsuba_mult_ip_slave_lite_v1_0_S00_AXI_inst/slv_reg2_reg[16]/C
  -------------------------------------------------------------------    -------------------
    SLICE_X26Y96         FDRE (Prop_HFF2_SLICEL_C_Q)
                                                      0.115     2.933 r  karatsuba_1_i/karatsuba_mult_ip_0/inst/karatsuba_mult_ip_slave_lite_v1_0_S00_AXI_inst/slv_reg2_reg[16]/Q
                         net (fo=4, routed)           1.551     4.484    karatsuba_1_i/karatsuba_mult_ip_0/inst/karatsuba_mult_ip_slave_lite_v1_0_S00_AXI_inst/karatsuba_mult_inst/Q[16]
    SLICE_X23Y95         LUT2 (Prop_A6LUT_SLICEL_I0_O)
                                                      0.082     4.566 r  karatsuba_1_i/karatsuba_mult_ip_0/inst/karatsuba_mult_ip_slave_lite_v1_0_S00_AXI_inst/karatsuba_mult_inst/z1_temp0_i_19/O
                         net (fo=1, routed)           0.014     4.580    karatsuba_1_i/karatsuba_mult_ip_0/inst/karatsuba_mult_ip_slave_lite_v1_0_S00_AXI_inst/karatsuba_mult_inst/z1_temp0_i_19_n_0
    SLICE_X23Y95         CARRY8 (Prop_CARRY8_SLICEL_S[0]_CO[7])
                                                      0.278     4.858 r  karatsuba_1_i/karatsuba_mult_ip_0/inst/karatsuba_mult_ip_slave_lite_v1_0_S00_AXI_inst/karatsuba_mult_inst/z1_temp0_i_3/CO[7]
                         net (fo=1, routed)           0.030     4.888    karatsuba_1_i/karatsuba_mult_ip_0/inst/karatsuba_mult_ip_slave_lite_v1_0_S00_AXI_inst/karatsuba_mult_inst/z1_temp0_i_3_n_0
    SLICE_X23Y96         CARRY8 (Prop_CARRY8_SLICEL_CI_O[5])
                                                      0.161     5.049 f  karatsuba_1_i/karatsuba_mult_ip_0/inst/karatsuba_mult_ip_slave_lite_v1_0_S00_AXI_inst/karatsuba_mult_inst/z1_temp0_i_2/O[5]
                         net (fo=1, routed)           1.394     6.443    karatsuba_1_i/karatsuba_mult_ip_0/inst/karatsuba_mult_ip_slave_lite_v1_0_S00_AXI_inst/karatsuba_mult_inst/z1_temp0/B[13]
    DSP48E2_X6Y38        DSP_A_B_DATA (Prop_DSP_A_B_DATA_DSP48E2_B[13]_B2_DATA[13])
                                                      0.216     6.659 r  karatsuba_1_i/karatsuba_mult_ip_0/inst/karatsuba_mult_ip_slave_lite_v1_0_S00_AXI_inst/karatsuba_mult_inst/z1_temp0/DSP_A_B_DATA_INST/B2_DATA[13]
                         net (fo=1, routed)           0.000     6.659    karatsuba_1_i/karatsuba_mult_ip_0/inst/karatsuba_mult_ip_slave_lite_v1_0_S00_AXI_inst/karatsuba_mult_inst/z1_temp0/DSP_A_B_DATA.B2_DATA<13>
    DSP48E2_X6Y38        DSP_PREADD_DATA (Prop_DSP_PREADD_DATA_DSP48E2_B2_DATA[13]_B2B1[13])
                                                      0.097     6.756 r  karatsuba_1_i/karatsuba_mult_ip_0/inst/karatsuba_mult_ip_slave_lite_v1_0_S00_AXI_inst/karatsuba_mult_inst/z1_temp0/DSP_PREADD_DATA_INST/B2B1[13]
                         net (fo=1, routed)           0.000     6.756    karatsuba_1_i/karatsuba_mult_ip_0/inst/karatsuba_mult_ip_slave_lite_v1_0_S00_AXI_inst/karatsuba_mult_inst/z1_temp0/DSP_PREADD_DATA.B2B1<13>
    DSP48E2_X6Y38        DSP_MULTIPLIER (Prop_DSP_MULTIPLIER_DSP48E2_B2B1[13]_U[22])
                                                      0.773     7.529 f  karatsuba_1_i/karatsuba_mult_ip_0/inst/karatsuba_mult_ip_slave_lite_v1_0_S00_AXI_inst/karatsuba_mult_inst/z1_temp0/DSP_MULTIPLIER_INST/U[22]
                         net (fo=1, routed)           0.000     7.529    karatsuba_1_i/karatsuba_mult_ip_0/inst/karatsuba_mult_ip_slave_lite_v1_0_S00_AXI_inst/karatsuba_mult_inst/z1_temp0/DSP_MULTIPLIER.U<22>
    DSP48E2_X6Y38        DSP_M_DATA (Prop_DSP_M_DATA_DSP48E2_U[22]_U_DATA[22])
                                                      0.067     7.596 r  karatsuba_1_i/karatsuba_mult_ip_0/inst/karatsuba_mult_ip_slave_lite_v1_0_S00_AXI_inst/karatsuba_mult_inst/z1_temp0/DSP_M_DATA_INST/U_DATA[22]
                         net (fo=1, routed)           0.000     7.596    karatsuba_1_i/karatsuba_mult_ip_0/inst/karatsuba_mult_ip_slave_lite_v1_0_S00_AXI_inst/karatsuba_mult_inst/z1_temp0/DSP_M_DATA.U_DATA<22>
    DSP48E2_X6Y38        DSP_ALU (Prop_DSP_ALU_DSP48E2_U_DATA[22]_ALU_OUT[22])
                                                      0.727     8.323 r  karatsuba_1_i/karatsuba_mult_ip_0/inst/karatsuba_mult_ip_slave_lite_v1_0_S00_AXI_inst/karatsuba_mult_inst/z1_temp0/DSP_ALU_INST/ALU_OUT[22]
                         net (fo=1, routed)           0.000     8.323    karatsuba_1_i/karatsuba_mult_ip_0/inst/karatsuba_mult_ip_slave_lite_v1_0_S00_AXI_inst/karatsuba_mult_inst/z1_temp0/DSP_ALU.ALU_OUT<22>
    DSP48E2_X6Y38        DSP_OUTPUT                                   r  karatsuba_1_i/karatsuba_mult_ip_0/inst/karatsuba_mult_ip_slave_lite_v1_0_S00_AXI_inst/karatsuba_mult_inst/z1_temp0/DSP_OUTPUT_INST/ALU_OUT[22]
  -------------------------------------------------------------------    -------------------

                         (clock clk_pl_0 rise edge)
                                                     10.000    10.000 r  
    PS8_X0Y0             PS8                          0.000    10.000 r  karatsuba_1_i/zynq_ultra_ps_e_0/inst/PS8_i/PLCLK[0]
                         net (fo=1, routed)           0.181    10.181    karatsuba_1_i/zynq_ultra_ps_e_0/inst/pl_clk_unbuffered[0]
    BUFG_PS_X0Y80        BUFG_PS (Prop_BUFG_PS_I_O)
                                                      0.035    10.216 r  karatsuba_1_i/zynq_ultra_ps_e_0/inst/buffer_pl_clk_0.PL_CLK_0_BUFG/O
    X0Y1 (CLOCK_ROOT)    net (fo=5362, routed)        2.291    12.507    karatsuba_1_i/karatsuba_mult_ip_0/inst/karatsuba_mult_ip_slave_lite_v1_0_S00_AXI_inst/karatsuba_mult_inst/z1_temp0/CLK
    DSP48E2_X6Y38        DSP_OUTPUT                                   r  karatsuba_1_i/karatsuba_mult_ip_0/inst/karatsuba_mult_ip_slave_lite_v1_0_S00_AXI_inst/karatsuba_mult_inst/z1_temp0/DSP_OUTPUT_INST/CLK
                         clock pessimism              0.201    12.708    
                         clock uncertainty           -0.160    12.548    
    DSP48E2_X6Y38        DSP_OUTPUT (Setup_DSP_OUTPUT_DSP48E2_CLK_ALU_OUT[22])
                                                      0.014    12.562    karatsuba_1_i/karatsuba_mult_ip_0/inst/karatsuba_mult_ip_slave_lite_v1_0_S00_AXI_inst/karatsuba_mult_inst/z1_temp0/DSP_OUTPUT_INST
  -------------------------------------------------------------------
                         required time                         12.562    
                         arrival time                          -8.323    
  -------------------------------------------------------------------
                         slack                                  4.239    





Min Delay Paths
--------------------------------------------------------------------------------------
Slack (MET) :             0.012ns  (arrival time - required time)
  Source:                 karatsuba_1_i/axi_dma_0/U0/I_PRMRY_DATAMOVER/GEN_S2MM_FULL.I_S2MM_FULL_WRAPPER/GEN_INCLUDE_IBTTCC.I_S2MM_MSTR_IBTTCC/sig_xfer_addr_reg_reg[30]/C
                            (rising edge-triggered cell FDRE clocked by clk_pl_0  {rise@0.000ns fall@5.000ns period=10.000ns})
  Destination:            karatsuba_1_i/axi_dma_0/U0/I_PRMRY_DATAMOVER/GEN_S2MM_FULL.I_S2MM_FULL_WRAPPER/I_ADDR_CNTL/GEN_ADDR_FIFO.I_ADDR_QUAL_FIFO/USE_SRL_FIFO.I_SYNC_FIFO/I_SRL_FIFO_RBU_F/DYNSHREG_F_I/INFERRED_GEN.data_reg[3][24]_srl4/D
                            (rising edge-triggered cell SRL16E clocked by clk_pl_0  {rise@0.000ns fall@5.000ns period=10.000ns})
  Path Group:             clk_pl_0
  Path Type:              Hold (Min at Slow Process Corner)
  Requirement:            0.000ns  (clk_pl_0 rise@0.000ns - clk_pl_0 rise@0.000ns)
  Data Path Delay:        0.200ns  (logic 0.114ns (57.000%)  route 0.086ns (43.000%))
  Logic Levels:           0  
  Clock Path Skew:        0.118ns (DCD - SCD - CPR)
    Destination Clock Delay (DCD):    2.717ns
    Source Clock Delay      (SCD):    2.355ns
    Clock Pessimism Removal (CPR):    0.244ns
  Clock Net Delay (Source):      2.139ns (routing 0.955ns, distribution 1.184ns)
  Clock Net Delay (Destination): 2.450ns (routing 1.045ns, distribution 1.405ns)

    Location             Delay type                Incr(ns)  Path(ns)    Netlist Resource(s)
  -------------------------------------------------------------------    -------------------
                         (clock clk_pl_0 rise edge)
                                                      0.000     0.000 r  
    PS8_X0Y0             PS8                          0.000     0.000 r  karatsuba_1_i/zynq_ultra_ps_e_0/inst/PS8_i/PLCLK[0]
                         net (fo=1, routed)           0.181     0.181    karatsuba_1_i/zynq_ultra_ps_e_0/inst/pl_clk_unbuffered[0]
    BUFG_PS_X0Y80        BUFG_PS (Prop_BUFG_PS_I_O)
                                                      0.035     0.216 r  karatsuba_1_i/zynq_ultra_ps_e_0/inst/buffer_pl_clk_0.PL_CLK_0_BUFG/O
    X0Y1 (CLOCK_ROOT)    net (fo=5362, routed)        2.139     2.355    karatsuba_1_i/axi_dma_0/U0/I_PRMRY_DATAMOVER/GEN_S2MM_FULL.I_S2MM_FULL_WRAPPER/GEN_INCLUDE_IBTTCC.I_S2MM_MSTR_IBTTCC/m_axi_s2mm_aclk
    SLICE_X2Y78          FDRE                                         r  karatsuba_1_i/axi_dma_0/U0/I_PRMRY_DATAMOVER/GEN_S2MM_FULL.I_S2MM_FULL_WRAPPER/GEN_INCLUDE_IBTTCC.I_S2MM_MSTR_IBTTCC/sig_xfer_addr_reg_reg[30]/C
  -------------------------------------------------------------------    -------------------
    SLICE_X2Y78          FDRE (Prop_GFF2_SLICEM_C_Q)
                                                      0.114     2.469 r  karatsuba_1_i/axi_dma_0/U0/I_PRMRY_DATAMOVER/GEN_S2MM_FULL.I_S2MM_FULL_WRAPPER/GEN_INCLUDE_IBTTCC.I_S2MM_MSTR_IBTTCC/sig_xfer_addr_reg_reg[30]/Q
                         net (fo=1, routed)           0.086     2.555    karatsuba_1_i/axi_dma_0/U0/I_PRMRY_DATAMOVER/GEN_S2MM_FULL.I_S2MM_FULL_WRAPPER/I_ADDR_CNTL/GEN_ADDR_FIFO.I_ADDR_QUAL_FIFO/USE_SRL_FIFO.I_SYNC_FIFO/I_SRL_FIFO_RBU_F/DYNSHREG_F_I/in[30]
    SLICE_X2Y77          SRL16E                                       r  karatsuba_1_i/axi_dma_0/U0/I_PRMRY_DATAMOVER/GEN_S2MM_FULL.I_S2MM_FULL_WRAPPER/I_ADDR_CNTL/GEN_ADDR_FIFO.I_ADDR_QUAL_FIFO/USE_SRL_FIFO.I_SYNC_FIFO/I_SRL_FIFO_RBU_F/DYNSHREG_F_I/INFERRED_GEN.data_reg[3][24]_srl4/D
  -------------------------------------------------------------------    -------------------

                         (clock clk_pl_0 rise edge)
                                                      0.000     0.000 r  
    PS8_X0Y0             PS8                          0.000     0.000 r  karatsuba_1_i/zynq_ultra_ps_e_0/inst/PS8_i/PLCLK[0]
                         net (fo=1, routed)           0.229     0.229    karatsuba_1_i/zynq_ultra_ps_e_0/inst/pl_clk_unbuffered[0]
    BUFG_PS_X0Y80        BUFG_PS (Prop_BUFG_PS_I_O)
                                                      0.038     0.267 r  karatsuba_1_i/zynq_ultra_ps_e_0/inst/buffer_pl_clk_0.PL_CLK_0_BUFG/O
    X0Y1 (CLOCK_ROOT)    net (fo=5362, routed)        2.450     2.717    karatsuba_1_i/axi_dma_0/U0/I_PRMRY_DATAMOVER/GEN_S2MM_FULL.I_S2MM_FULL_WRAPPER/I_ADDR_CNTL/GEN_ADDR_FIFO.I_ADDR_QUAL_FIFO/USE_SRL_FIFO.I_SYNC_FIFO/I_SRL_FIFO_RBU_F/DYNSHREG_F_I/m_axi_s2mm_aclk
    SLICE_X2Y77          SRL16E                                       r  karatsuba_1_i/axi_dma_0/U0/I_PRMRY_DATAMOVER/GEN_S2MM_FULL.I_S2MM_FULL_WRAPPER/I_ADDR_CNTL/GEN_ADDR_FIFO.I_ADDR_QUAL_FIFO/USE_SRL_FIFO.I_SYNC_FIFO/I_SRL_FIFO_RBU_F/DYNSHREG_F_I/INFERRED_GEN.data_reg[3][24]_srl4/CLK
                         clock pessimism             -0.244     2.473    
    SLICE_X2Y77          SRL16E (Hold_B5LUT_SLICEM_CLK_D)
                                                      0.070     2.543    karatsuba_1_i/axi_dma_0/U0/I_PRMRY_DATAMOVER/GEN_S2MM_FULL.I_S2MM_FULL_WRAPPER/I_ADDR_CNTL/GEN_ADDR_FIFO.I_ADDR_QUAL_FIFO/USE_SRL_FIFO.I_SYNC_FIFO/I_SRL_FIFO_RBU_F/DYNSHREG_F_I/INFERRED_GEN.data_reg[3][24]_srl4
  -------------------------------------------------------------------
                         required time                         -2.543    
                         arrival time                           2.555    
  -------------------------------------------------------------------
                         slack                                  0.012    

Slack (MET) :             0.014ns  (arrival time - required time)
  Source:                 karatsuba_1_i/axi_interconnect_0/s00_couplers/auto_ds/inst/gen_downsizer.gen_simple_downsizer.axi_downsizer_inst/USE_READ.read_addr_inst/cmd_queue/inst/fifo_gen_inst/inst_fifo_gen/gconvfifo.rf/grf.rf/gntv_or_sync_fifo.mem/gdm.dm_gen.dm/gpr1.dout_i_reg[2]/C
                            (rising edge-triggered cell FDRE clocked by clk_pl_0  {rise@0.000ns fall@5.000ns period=10.000ns})
  Destination:            karatsuba_1_i/axi_interconnect_0/s00_couplers/auto_ds/inst/gen_downsizer.gen_simple_downsizer.axi_downsizer_inst/USE_READ.read_addr_inst/cmd_queue/inst/fifo_gen_inst/inst_fifo_gen/gconvfifo.rf/grf.rf/gntv_or_sync_fifo.mem/goreg_dm.dout_i_reg[2]/D
                            (rising edge-triggered cell FDRE clocked by clk_pl_0  {rise@0.000ns fall@5.000ns period=10.000ns})
  Path Group:             clk_pl_0
  Path Type:              Hold (Min at Slow Process Corner)
  Requirement:            0.000ns  (clk_pl_0 rise@0.000ns - clk_pl_0 rise@0.000ns)
  Data Path Delay:        0.342ns  (logic 0.114ns (33.333%)  route 0.228ns (66.667%))
  Logic Levels:           0  
  Clock Path Skew:        0.228ns (DCD - SCD - CPR)
    Destination Clock Delay (DCD):    2.716ns
    Source Clock Delay      (SCD):    2.346ns
    Clock Pessimism Removal (CPR):    0.141ns
  Clock Net Delay (Source):      2.130ns (routing 0.955ns, distribution 1.175ns)
  Clock Net Delay (Destination): 2.449ns (routing 1.045ns, distribution 1.404ns)

    Location             Delay type                Incr(ns)  Path(ns)    Netlist Resource(s)
  -------------------------------------------------------------------    -------------------
                         (clock clk_pl_0 rise edge)
                                                      0.000     0.000 r  
    PS8_X0Y0             PS8                          0.000     0.000 r  karatsuba_1_i/zynq_ultra_ps_e_0/inst/PS8_i/PLCLK[0]
                         net (fo=1, routed)           0.181     0.181    karatsuba_1_i/zynq_ultra_ps_e_0/inst/pl_clk_unbuffered[0]
    BUFG_PS_X0Y80        BUFG_PS (Prop_BUFG_PS_I_O)
                                                      0.035     0.216 r  karatsuba_1_i/zynq_ultra_ps_e_0/inst/buffer_pl_clk_0.PL_CLK_0_BUFG/O
    X0Y1 (CLOCK_ROOT)    net (fo=5362, routed)        2.130     2.346    karatsuba_1_i/axi_interconnect_0/s00_couplers/auto_ds/inst/gen_downsizer.gen_simple_downsizer.axi_downsizer_inst/USE_READ.read_addr_inst/cmd_queue/inst/fifo_gen_inst/inst_fifo_gen/gconvfifo.rf/grf.rf/gntv_or_sync_fifo.mem/gdm.dm_gen.dm/clk
    SLICE_X2Y119         FDRE                                         r  karatsuba_1_i/axi_interconnect_0/s00_couplers/auto_ds/inst/gen_downsizer.gen_simple_downsizer.axi_downsizer_inst/USE_READ.read_addr_inst/cmd_queue/inst/fifo_gen_inst/inst_fifo_gen/gconvfifo.rf/grf.rf/gntv_or_sync_fifo.mem/gdm.dm_gen.dm/gpr1.dout_i_reg[2]/C
  -------------------------------------------------------------------    -------------------
    SLICE_X2Y119         FDRE (Prop_BFF2_SLICEM_C_Q)
                                                      0.114     2.460 r  karatsuba_1_i/axi_interconnect_0/s00_couplers/auto_ds/inst/gen_downsizer.gen_simple_downsizer.axi_downsizer_inst/USE_READ.read_addr_inst/cmd_queue/inst/fifo_gen_inst/inst_fifo_gen/gconvfifo.rf/grf.rf/gntv_or_sync_fifo.mem/gdm.dm_gen.dm/gpr1.dout_i_reg[2]/Q
                         net (fo=1, routed)           0.228     2.688    karatsuba_1_i/axi_interconnect_0/s00_couplers/auto_ds/inst/gen_downsizer.gen_simple_downsizer.axi_downsizer_inst/USE_READ.read_addr_inst/cmd_queue/inst/fifo_gen_inst/inst_fifo_gen/gconvfifo.rf/grf.rf/gntv_or_sync_fifo.mem/dout_i[2]
    SLICE_X2Y120         FDRE                                         r  karatsuba_1_i/axi_interconnect_0/s00_couplers/auto_ds/inst/gen_downsizer.gen_simple_downsizer.axi_downsizer_inst/USE_READ.read_addr_inst/cmd_queue/inst/fifo_gen_inst/inst_fifo_gen/gconvfifo.rf/grf.rf/gntv_or_sync_fifo.mem/goreg_dm.dout_i_reg[2]/D
  -------------------------------------------------------------------    -------------------

                         (clock clk_pl_0 rise edge)
                                                      0.000     0.000 r  
    PS8_X0Y0             PS8                          0.000     0.000 r  karatsuba_1_i/zynq_ultra_ps_e_0/inst/PS8_i/PLCLK[0]
                         net (fo=1, routed)           0.229     0.229    karatsuba_1_i/zynq_ultra_ps_e_0/inst/pl_clk_unbuffered[0]
    BUFG_PS_X0Y80        BUFG_PS (Prop_BUFG_PS_I_O)
                                                      0.038     0.267 r  karatsuba_1_i/zynq_ultra_ps_e_0/inst/buffer_pl_clk_0.PL_CLK_0_BUFG/O
    X0Y1 (CLOCK_ROOT)    net (fo=5362, routed)        2.449     2.716    karatsuba_1_i/axi_interconnect_0/s00_couplers/auto_ds/inst/gen_downsizer.gen_simple_downsizer.axi_downsizer_inst/USE_READ.read_addr_inst/cmd_queue/inst/fifo_gen_inst/inst_fifo_gen/gconvfifo.rf/grf.rf/gntv_or_sync_fifo.mem/clk
    SLICE_X2Y120         FDRE                                         r  karatsuba_1_i/axi_interconnect_0/s00_couplers/auto_ds/inst/gen_downsizer.gen_simple_downsizer.axi_downsizer_inst/USE_READ.read_addr_inst/cmd_queue/inst/fifo_gen_inst/inst_fifo_gen/gconvfifo.rf/grf.rf/gntv_or_sync_fifo.mem/goreg_dm.dout_i_reg[2]/C
                         clock pessimism             -0.141     2.575    
    SLICE_X2Y120         FDRE (Hold_CFF_SLICEM_C_D)
                                                      0.100     2.675    karatsuba_1_i/axi_interconnect_0/s00_couplers/auto_ds/inst/gen_downsizer.gen_simple_downsizer.axi_downsizer_inst/USE_READ.read_addr_inst/cmd_queue/inst/fifo_gen_inst/inst_fifo_gen/gconvfifo.rf/grf.rf/gntv_or_sync_fifo.mem/goreg_dm.dout_i_reg[2]
  -------------------------------------------------------------------
                         required time                         -2.675    
                         arrival time                           2.688    
  -------------------------------------------------------------------
                         slack                                  0.014    

Slack (MET) :             0.014ns  (arrival time - required time)
  Source:                 karatsuba_1_i/axi_dma_0/U0/INCLUDE_S2MM_SOF_EOF_GENERATOR.I_S2MM_DMA_MNGR/GEN_S2MM_DMA_CONTROL.GEN_SIMPLE_DMA_MODE.I_S2MM_SMPL_SM/GEN_CMD_BTT_LESS_23.cmnd_data_reg[9]/C
                            (rising edge-triggered cell FDRE clocked by clk_pl_0  {rise@0.000ns fall@5.000ns period=10.000ns})
  Destination:            karatsuba_1_i/axi_dma_0/U0/I_PRMRY_DATAMOVER/GEN_S2MM_FULL.I_S2MM_FULL_WRAPPER/I_CMD_STATUS/I_CMD_FIFO/USE_SINGLE_REG.sig_regfifo_dout_reg_reg[9]/D
                            (rising edge-triggered cell FDRE clocked by clk_pl_0  {rise@0.000ns fall@5.000ns period=10.000ns})
  Path Group:             clk_pl_0
  Path Type:              Hold (Min at Slow Process Corner)
  Requirement:            0.000ns  (clk_pl_0 rise@0.000ns - clk_pl_0 rise@0.000ns)
  Data Path Delay:        0.236ns  (logic 0.112ns (47.458%)  route 0.124ns (52.542%))
  Logic Levels:           0  
  Clock Path Skew:        0.120ns (DCD - SCD - CPR)
    Destination Clock Delay (DCD):    2.633ns
    Source Clock Delay      (SCD):    2.321ns
    Clock Pessimism Removal (CPR):    0.192ns
  Clock Net Delay (Source):      2.105ns (routing 0.955ns, distribution 1.150ns)
  Clock Net Delay (Destination): 2.366ns (routing 1.045ns, distribution 1.321ns)

    Location             Delay type                Incr(ns)  Path(ns)    Netlist Resource(s)
  -------------------------------------------------------------------    -------------------
                         (clock clk_pl_0 rise edge)
                                                      0.000     0.000 r  
    PS8_X0Y0             PS8                          0.000     0.000 r  karatsuba_1_i/zynq_ultra_ps_e_0/inst/PS8_i/PLCLK[0]
                         net (fo=1, routed)           0.181     0.181    karatsuba_1_i/zynq_ultra_ps_e_0/inst/pl_clk_unbuffered[0]
    BUFG_PS_X0Y80        BUFG_PS (Prop_BUFG_PS_I_O)
                                                      0.035     0.216 r  karatsuba_1_i/zynq_ultra_ps_e_0/inst/buffer_pl_clk_0.PL_CLK_0_BUFG/O
    X0Y1 (CLOCK_ROOT)    net (fo=5362, routed)        2.105     2.321    karatsuba_1_i/axi_dma_0/U0/INCLUDE_S2MM_SOF_EOF_GENERATOR.I_S2MM_DMA_MNGR/GEN_S2MM_DMA_CONTROL.GEN_SIMPLE_DMA_MODE.I_S2MM_SMPL_SM/s_axi_lite_aclk
    SLICE_X7Y89          FDRE                                         r  karatsuba_1_i/axi_dma_0/U0/INCLUDE_S2MM_SOF_EOF_GENERATOR.I_S2MM_DMA_MNGR/GEN_S2MM_DMA_CONTROL.GEN_SIMPLE_DMA_MODE.I_S2MM_SMPL_SM/GEN_CMD_BTT_LESS_23.cmnd_data_reg[9]/C
  -------------------------------------------------------------------    -------------------
    SLICE_X7Y89          FDRE (Prop_EFF_SLICEM_C_Q)
                                                      0.112     2.433 r  karatsuba_1_i/axi_dma_0/U0/INCLUDE_S2MM_SOF_EOF_GENERATOR.I_S2MM_DMA_MNGR/GEN_S2MM_DMA_CONTROL.GEN_SIMPLE_DMA_MODE.I_S2MM_SMPL_SM/GEN_CMD_BTT_LESS_23.cmnd_data_reg[9]/Q
                         net (fo=1, routed)           0.124     2.557    karatsuba_1_i/axi_dma_0/U0/I_PRMRY_DATAMOVER/GEN_S2MM_FULL.I_S2MM_FULL_WRAPPER/I_CMD_STATUS/I_CMD_FIFO/USE_SINGLE_REG.sig_regfifo_dout_reg_reg[66]_0[9]
    SLICE_X8Y89          FDRE                                         r  karatsuba_1_i/axi_dma_0/U0/I_PRMRY_DATAMOVER/GEN_S2MM_FULL.I_S2MM_FULL_WRAPPER/I_CMD_STATUS/I_CMD_FIFO/USE_SINGLE_REG.sig_regfifo_dout_reg_reg[9]/D
  -------------------------------------------------------------------    -------------------

                         (clock clk_pl_0 rise edge)
                                                      0.000     0.000 r  
    PS8_X0Y0             PS8                          0.000     0.000 r  karatsuba_1_i/zynq_ultra_ps_e_0/inst/PS8_i/PLCLK[0]
                         net (fo=1, routed)           0.229     0.229    karatsuba_1_i/zynq_ultra_ps_e_0/inst/pl_clk_unbuffered[0]
    BUFG_PS_X0Y80        BUFG_PS (Prop_BUFG_PS_I_O)
                                                      0.038     0.267 r  karatsuba_1_i/zynq_ultra_ps_e_0/inst/buffer_pl_clk_0.PL_CLK_0_BUFG/O
    X0Y1 (CLOCK_ROOT)    net (fo=5362, routed)        2.366     2.633    karatsuba_1_i/axi_dma_0/U0/I_PRMRY_DATAMOVER/GEN_S2MM_FULL.I_S2MM_FULL_WRAPPER/I_CMD_STATUS/I_CMD_FIFO/m_axi_s2mm_aclk
    SLICE_X8Y89          FDRE                                         r  karatsuba_1_i/axi_dma_0/U0/I_PRMRY_DATAMOVER/GEN_S2MM_FULL.I_S2MM_FULL_WRAPPER/I_CMD_STATUS/I_CMD_FIFO/USE_SINGLE_REG.sig_regfifo_dout_reg_reg[9]/C
                         clock pessimism             -0.192     2.441    
    SLICE_X8Y89          FDRE (Hold_EFF2_SLICEM_C_D)
                                                      0.102     2.543    karatsuba_1_i/axi_dma_0/U0/I_PRMRY_DATAMOVER/GEN_S2MM_FULL.I_S2MM_FULL_WRAPPER/I_CMD_STATUS/I_CMD_FIFO/USE_SINGLE_REG.sig_regfifo_dout_reg_reg[9]
  -------------------------------------------------------------------
                         required time                         -2.543    
                         arrival time                           2.557    
  -------------------------------------------------------------------
                         slack                                  0.014    

Slack (MET) :             0.014ns  (arrival time - required time)
  Source:                 karatsuba_1_i/axi_interconnect_0/s00_couplers/auto_ds/inst/gen_downsizer.gen_simple_downsizer.axi_downsizer_inst/USE_READ.read_addr_inst/cmd_queue/inst/fifo_gen_inst/inst_fifo_gen/gconvfifo.rf/grf.rf/gntv_or_sync_fifo.mem/gdm.dm_gen.dm/gpr1.dout_i_reg[15]/C
                            (rising edge-triggered cell FDRE clocked by clk_pl_0  {rise@0.000ns fall@5.000ns period=10.000ns})
  Destination:            karatsuba_1_i/axi_interconnect_0/s00_couplers/auto_ds/inst/gen_downsizer.gen_simple_downsizer.axi_downsizer_inst/USE_READ.read_addr_inst/cmd_queue/inst/fifo_gen_inst/inst_fifo_gen/gconvfifo.rf/grf.rf/gntv_or_sync_fifo.mem/goreg_dm.dout_i_reg[15]/D
                            (rising edge-triggered cell FDRE clocked by clk_pl_0  {rise@0.000ns fall@5.000ns period=10.000ns})
  Path Group:             clk_pl_0
  Path Type:              Hold (Min at Slow Process Corner)
  Requirement:            0.000ns  (clk_pl_0 rise@0.000ns - clk_pl_0 rise@0.000ns)
  Data Path Delay:        0.349ns  (logic 0.112ns (32.092%)  route 0.237ns (67.908%))
  Logic Levels:           0  
  Clock Path Skew:        0.234ns (DCD - SCD - CPR)
    Destination Clock Delay (DCD):    2.715ns
    Source Clock Delay      (SCD):    2.340ns
    Clock Pessimism Removal (CPR):    0.141ns
  Clock Net Delay (Source):      2.124ns (routing 0.955ns, distribution 1.169ns)
  Clock Net Delay (Destination): 2.448ns (routing 1.045ns, distribution 1.403ns)

    Location             Delay type                Incr(ns)  Path(ns)    Netlist Resource(s)
  -------------------------------------------------------------------    -------------------
                         (clock clk_pl_0 rise edge)
                                                      0.000     0.000 r  
    PS8_X0Y0             PS8                          0.000     0.000 r  karatsuba_1_i/zynq_ultra_ps_e_0/inst/PS8_i/PLCLK[0]
                         net (fo=1, routed)           0.181     0.181    karatsuba_1_i/zynq_ultra_ps_e_0/inst/pl_clk_unbuffered[0]
    BUFG_PS_X0Y80        BUFG_PS (Prop_BUFG_PS_I_O)
                                                      0.035     0.216 r  karatsuba_1_i/zynq_ultra_ps_e_0/inst/buffer_pl_clk_0.PL_CLK_0_BUFG/O
    X0Y1 (CLOCK_ROOT)    net (fo=5362, routed)        2.124     2.340    karatsuba_1_i/axi_interconnect_0/s00_couplers/auto_ds/inst/gen_downsizer.gen_simple_downsizer.axi_downsizer_inst/USE_READ.read_addr_inst/cmd_queue/inst/fifo_gen_inst/inst_fifo_gen/gconvfifo.rf/grf.rf/gntv_or_sync_fifo.mem/gdm.dm_gen.dm/clk
    SLICE_X1Y119         FDRE                                         r  karatsuba_1_i/axi_interconnect_0/s00_couplers/auto_ds/inst/gen_downsizer.gen_simple_downsizer.axi_downsizer_inst/USE_READ.read_addr_inst/cmd_queue/inst/fifo_gen_inst/inst_fifo_gen/gconvfifo.rf/grf.rf/gntv_or_sync_fifo.mem/gdm.dm_gen.dm/gpr1.dout_i_reg[15]/C
  -------------------------------------------------------------------    -------------------
    SLICE_X1Y119         FDRE (Prop_AFF_SLICEM_C_Q)
                                                      0.112     2.452 r  karatsuba_1_i/axi_interconnect_0/s00_couplers/auto_ds/inst/gen_downsizer.gen_simple_downsizer.axi_downsizer_inst/USE_READ.read_addr_inst/cmd_queue/inst/fifo_gen_inst/inst_fifo_gen/gconvfifo.rf/grf.rf/gntv_or_sync_fifo.mem/gdm.dm_gen.dm/gpr1.dout_i_reg[15]/Q
                         net (fo=1, routed)           0.237     2.689    karatsuba_1_i/axi_interconnect_0/s00_couplers/auto_ds/inst/gen_downsizer.gen_simple_downsizer.axi_downsizer_inst/USE_READ.read_addr_inst/cmd_queue/inst/fifo_gen_inst/inst_fifo_gen/gconvfifo.rf/grf.rf/gntv_or_sync_fifo.mem/dout_i[15]
    SLICE_X2Y121         FDRE                                         r  karatsuba_1_i/axi_interconnect_0/s00_couplers/auto_ds/inst/gen_downsizer.gen_simple_downsizer.axi_downsizer_inst/USE_READ.read_addr_inst/cmd_queue/inst/fifo_gen_inst/inst_fifo_gen/gconvfifo.rf/grf.rf/gntv_or_sync_fifo.mem/goreg_dm.dout_i_reg[15]/D
  -------------------------------------------------------------------    -------------------

                         (clock clk_pl_0 rise edge)
                                                      0.000     0.000 r  
    PS8_X0Y0             PS8                          0.000     0.000 r  karatsuba_1_i/zynq_ultra_ps_e_0/inst/PS8_i/PLCLK[0]
                         net (fo=1, routed)           0.229     0.229    karatsuba_1_i/zynq_ultra_ps_e_0/inst/pl_clk_unbuffered[0]
    BUFG_PS_X0Y80        BUFG_PS (Prop_BUFG_PS_I_O)
                                                      0.038     0.267 r  karatsuba_1_i/zynq_ultra_ps_e_0/inst/buffer_pl_clk_0.PL_CLK_0_BUFG/O
    X0Y1 (CLOCK_ROOT)    net (fo=5362, routed)        2.448     2.715    karatsuba_1_i/axi_interconnect_0/s00_couplers/auto_ds/inst/gen_downsizer.gen_simple_downsizer.axi_downsizer_inst/USE_READ.read_addr_inst/cmd_queue/inst/fifo_gen_inst/inst_fifo_gen/gconvfifo.rf/grf.rf/gntv_or_sync_fifo.mem/clk
    SLICE_X2Y121         FDRE                                         r  karatsuba_1_i/axi_interconnect_0/s00_couplers/auto_ds/inst/gen_downsizer.gen_simple_downsizer.axi_downsizer_inst/USE_READ.read_addr_inst/cmd_queue/inst/fifo_gen_inst/inst_fifo_gen/gconvfifo.rf/grf.rf/gntv_or_sync_fifo.mem/goreg_dm.dout_i_reg[15]/C
                         clock pessimism             -0.141     2.574    
    SLICE_X2Y121         FDRE (Hold_EFF_SLICEM_C_D)
                                                      0.101     2.675    karatsuba_1_i/axi_interconnect_0/s00_couplers/auto_ds/inst/gen_downsizer.gen_simple_downsizer.axi_downsizer_inst/USE_READ.read_addr_inst/cmd_queue/inst/fifo_gen_inst/inst_fifo_gen/gconvfifo.rf/grf.rf/gntv_or_sync_fifo.mem/goreg_dm.dout_i_reg[15]
  -------------------------------------------------------------------
                         required time                         -2.675    
                         arrival time                           2.689    
  -------------------------------------------------------------------
                         slack                                  0.014    

Slack (MET) :             0.017ns  (arrival time - required time)
  Source:                 karatsuba_1_i/axi_dma_0/U0/I_PRMRY_DATAMOVER/GEN_S2MM_FULL.I_S2MM_FULL_WRAPPER/GEN_ENABLE_INDET_BTT_SF.I_INDET_BTT/I_XD_FIFO/NON_BLK_MEM.I_SYNC_FIFOGEN_FIFO/xpm_fifo_instance.xpm_fifo_sync_inst/xpm_fifo_base_inst/wrp_inst/count_value_i_reg[0]/C
                            (rising edge-triggered cell FDRE clocked by clk_pl_0  {rise@0.000ns fall@5.000ns period=10.000ns})
  Destination:            karatsuba_1_i/axi_dma_0/U0/I_PRMRY_DATAMOVER/GEN_S2MM_FULL.I_S2MM_FULL_WRAPPER/GEN_ENABLE_INDET_BTT_SF.I_INDET_BTT/I_XD_FIFO/NON_BLK_MEM.I_SYNC_FIFOGEN_FIFO/xpm_fifo_instance.xpm_fifo_sync_inst/xpm_fifo_base_inst/gen_sdpram.xpm_memory_base_inst/gen_wr_a.gen_word_narrow.mem_reg_0_15_0_8/RAMA/WADR0
                            (rising edge-triggered cell RAMD32 clocked by clk_pl_0  {rise@0.000ns fall@5.000ns period=10.000ns})
  Path Group:             clk_pl_0
  Path Type:              Hold (Min at Slow Process Corner)
  Requirement:            0.000ns  (clk_pl_0 rise@0.000ns - clk_pl_0 rise@0.000ns)
  Data Path Delay:        0.255ns  (logic 0.113ns (44.294%)  route 0.142ns (55.706%))
  Logic Levels:           0  
  Clock Path Skew:        0.122ns (DCD - SCD - CPR)
    Destination Clock Delay (DCD):    2.720ns
    Source Clock Delay      (SCD):    2.354ns
    Clock Pessimism Removal (CPR):    0.244ns
  Clock Net Delay (Source):      2.138ns (routing 0.955ns, distribution 1.183ns)
  Clock Net Delay (Destination): 2.453ns (routing 1.045ns, distribution 1.408ns)

    Location             Delay type                Incr(ns)  Path(ns)    Netlist Resource(s)
  -------------------------------------------------------------------    -------------------
                         (clock clk_pl_0 rise edge)
                                                      0.000     0.000 r  
    PS8_X0Y0             PS8                          0.000     0.000 r  karatsuba_1_i/zynq_ultra_ps_e_0/inst/PS8_i/PLCLK[0]
                         net (fo=1, routed)           0.181     0.181    karatsuba_1_i/zynq_ultra_ps_e_0/inst/pl_clk_unbuffered[0]
    BUFG_PS_X0Y80        BUFG_PS (Prop_BUFG_PS_I_O)
                                                      0.035     0.216 r  karatsuba_1_i/zynq_ultra_ps_e_0/inst/buffer_pl_clk_0.PL_CLK_0_BUFG/O
    X0Y1 (CLOCK_ROOT)    net (fo=5362, routed)        2.138     2.354    karatsuba_1_i/axi_dma_0/U0/I_PRMRY_DATAMOVER/GEN_S2MM_FULL.I_S2MM_FULL_WRAPPER/GEN_ENABLE_INDET_BTT_SF.I_INDET_BTT/I_XD_FIFO/NON_BLK_MEM.I_SYNC_FIFOGEN_FIFO/xpm_fifo_instance.xpm_fifo_sync_inst/xpm_fifo_base_inst/wrp_inst/wr_clk
    SLICE_X9Y76          FDRE                                         r  karatsuba_1_i/axi_dma_0/U0/I_PRMRY_DATAMOVER/GEN_S2MM_FULL.I_S2MM_FULL_WRAPPER/GEN_ENABLE_INDET_BTT_SF.I_INDET_BTT/I_XD_FIFO/NON_BLK_MEM.I_SYNC_FIFOGEN_FIFO/xpm_fifo_instance.xpm_fifo_sync_inst/xpm_fifo_base_inst/wrp_inst/count_value_i_reg[0]/C
  -------------------------------------------------------------------    -------------------
    SLICE_X9Y76          FDRE (Prop_HFF2_SLICEL_C_Q)
                                                      0.113     2.467 r  karatsuba_1_i/axi_dma_0/U0/I_PRMRY_DATAMOVER/GEN_S2MM_FULL.I_S2MM_FULL_WRAPPER/GEN_ENABLE_INDET_BTT_SF.I_INDET_BTT/I_XD_FIFO/NON_BLK_MEM.I_SYNC_FIFOGEN_FIFO/xpm_fifo_instance.xpm_fifo_sync_inst/xpm_fifo_base_inst/wrp_inst/count_value_i_reg[0]/Q
                         net (fo=26, routed)          0.142     2.609    karatsuba_1_i/axi_dma_0/U0/I_PRMRY_DATAMOVER/GEN_S2MM_FULL.I_S2MM_FULL_WRAPPER/GEN_ENABLE_INDET_BTT_SF.I_INDET_BTT/I_XD_FIFO/NON_BLK_MEM.I_SYNC_FIFOGEN_FIFO/xpm_fifo_instance.xpm_fifo_sync_inst/xpm_fifo_base_inst/gen_sdpram.xpm_memory_base_inst/gen_wr_a.gen_word_narrow.mem_reg_0_15_0_8/ADDRH0
    SLICE_X8Y77          RAMD32                                       r  karatsuba_1_i/axi_dma_0/U0/I_PRMRY_DATAMOVER/GEN_S2MM_FULL.I_S2MM_FULL_WRAPPER/GEN_ENABLE_INDET_BTT_SF.I_INDET_BTT/I_XD_FIFO/NON_BLK_MEM.I_SYNC_FIFOGEN_FIFO/xpm_fifo_instance.xpm_fifo_sync_inst/xpm_fifo_base_inst/gen_sdpram.xpm_memory_base_inst/gen_wr_a.gen_word_narrow.mem_reg_0_15_0_8/RAMA/WADR0
  -------------------------------------------------------------------    -------------------

                         (clock clk_pl_0 rise edge)
                                                      0.000     0.000 r  
    PS8_X0Y0             PS8                          0.000     0.000 r  karatsuba_1_i/zynq_ultra_ps_e_0/inst/PS8_i/PLCLK[0]
                         net (fo=1, routed)           0.229     0.229    karatsuba_1_i/zynq_ultra_ps_e_0/inst/pl_clk_unbuffered[0]
    BUFG_PS_X0Y80        BUFG_PS (Prop_BUFG_PS_I_O)
                                                      0.038     0.267 r  karatsuba_1_i/zynq_ultra_ps_e_0/inst/buffer_pl_clk_0.PL_CLK_0_BUFG/O
    X0Y1 (CLOCK_ROOT)    net (fo=5362, routed)        2.453     2.720    karatsuba_1_i/axi_dma_0/U0/I_PRMRY_DATAMOVER/GEN_S2MM_FULL.I_S2MM_FULL_WRAPPER/GEN_ENABLE_INDET_BTT_SF.I_INDET_BTT/I_XD_FIFO/NON_BLK_MEM.I_SYNC_FIFOGEN_FIFO/xpm_fifo_instance.xpm_fifo_sync_inst/xpm_fifo_base_inst/gen_sdpram.xpm_memory_base_inst/gen_wr_a.gen_word_narrow.mem_reg_0_15_0_8/WCLK
    SLICE_X8Y77          RAMD32                                       r  karatsuba_1_i/axi_dma_0/U0/I_PRMRY_DATAMOVER/GEN_S2MM_FULL.I_S2MM_FULL_WRAPPER/GEN_ENABLE_INDET_BTT_SF.I_INDET_BTT/I_XD_FIFO/NON_BLK_MEM.I_SYNC_FIFOGEN_FIFO/xpm_fifo_instance.xpm_fifo_sync_inst/xpm_fifo_base_inst/gen_sdpram.xpm_memory_base_inst/gen_wr_a.gen_word_narrow.mem_reg_0_15_0_8/RAMA/CLK
                         clock pessimism             -0.244     2.476    
    SLICE_X8Y77          RAMD32 (Hold_A5LUT_SLICEM_CLK_WADR0)
                                                      0.116     2.592    karatsuba_1_i/axi_dma_0/U0/I_PRMRY_DATAMOVER/GEN_S2MM_FULL.I_S2MM_FULL_WRAPPER/GEN_ENABLE_INDET_BTT_SF.I_INDET_BTT/I_XD_FIFO/NON_BLK_MEM.I_SYNC_FIFOGEN_FIFO/xpm_fifo_instance.xpm_fifo_sync_inst/xpm_fifo_base_inst/gen_sdpram.xpm_memory_base_inst/gen_wr_a.gen_word_narrow.mem_reg_0_15_0_8/RAMA
  -------------------------------------------------------------------
                         required time                         -2.592    
                         arrival time                           2.609    
  -------------------------------------------------------------------
                         slack                                  0.017    

Slack (MET) :             0.017ns  (arrival time - required time)
  Source:                 karatsuba_1_i/axi_dma_0/U0/I_PRMRY_DATAMOVER/GEN_S2MM_FULL.I_S2MM_FULL_WRAPPER/GEN_ENABLE_INDET_BTT_SF.I_INDET_BTT/I_XD_FIFO/NON_BLK_MEM.I_SYNC_FIFOGEN_FIFO/xpm_fifo_instance.xpm_fifo_sync_inst/xpm_fifo_base_inst/wrp_inst/count_value_i_reg[0]/C
                            (rising edge-triggered cell FDRE clocked by clk_pl_0  {rise@0.000ns fall@5.000ns period=10.000ns})
  Destination:            karatsuba_1_i/axi_dma_0/U0/I_PRMRY_DATAMOVER/GEN_S2MM_FULL.I_S2MM_FULL_WRAPPER/GEN_ENABLE_INDET_BTT_SF.I_INDET_BTT/I_XD_FIFO/NON_BLK_MEM.I_SYNC_FIFOGEN_FIFO/xpm_fifo_instance.xpm_fifo_sync_inst/xpm_fifo_base_inst/gen_sdpram.xpm_memory_base_inst/gen_wr_a.gen_word_narrow.mem_reg_0_15_0_8/RAMA_D1/WADR0
                            (rising edge-triggered cell RAMD32 clocked by clk_pl_0  {rise@0.000ns fall@5.000ns period=10.000ns})
  Path Group:             clk_pl_0
  Path Type:              Hold (Min at Slow Process Corner)
  Requirement:            0.000ns  (clk_pl_0 rise@0.000ns - clk_pl_0 rise@0.000ns)
  Data Path Delay:        0.255ns  (logic 0.113ns (44.294%)  route 0.142ns (55.706%))
  Logic Levels:           0  
  Clock Path Skew:        0.122ns (DCD - SCD - CPR)
    Destination Clock Delay (DCD):    2.720ns
    Source Clock Delay      (SCD):    2.354ns
    Clock Pessimism Removal (CPR):    0.244ns
  Clock Net Delay (Source):      2.138ns (routing 0.955ns, distribution 1.183ns)
  Clock Net Delay (Destination): 2.453ns (routing 1.045ns, distribution 1.408ns)

    Location             Delay type                Incr(ns)  Path(ns)    Netlist Resource(s)
  -------------------------------------------------------------------    -------------------
                         (clock clk_pl_0 rise edge)
                                                      0.000     0.000 r  
    PS8_X0Y0             PS8                          0.000     0.000 r  karatsuba_1_i/zynq_ultra_ps_e_0/inst/PS8_i/PLCLK[0]
                         net (fo=1, routed)           0.181     0.181    karatsuba_1_i/zynq_ultra_ps_e_0/inst/pl_clk_unbuffered[0]
    BUFG_PS_X0Y80        BUFG_PS (Prop_BUFG_PS_I_O)
                                                      0.035     0.216 r  karatsuba_1_i/zynq_ultra_ps_e_0/inst/buffer_pl_clk_0.PL_CLK_0_BUFG/O
    X0Y1 (CLOCK_ROOT)    net (fo=5362, routed)        2.138     2.354    karatsuba_1_i/axi_dma_0/U0/I_PRMRY_DATAMOVER/GEN_S2MM_FULL.I_S2MM_FULL_WRAPPER/GEN_ENABLE_INDET_BTT_SF.I_INDET_BTT/I_XD_FIFO/NON_BLK_MEM.I_SYNC_FIFOGEN_FIFO/xpm_fifo_instance.xpm_fifo_sync_inst/xpm_fifo_base_inst/wrp_inst/wr_clk
    SLICE_X9Y76          FDRE                                         r  karatsuba_1_i/axi_dma_0/U0/I_PRMRY_DATAMOVER/GEN_S2MM_FULL.I_S2MM_FULL_WRAPPER/GEN_ENABLE_INDET_BTT_SF.I_INDET_BTT/I_XD_FIFO/NON_BLK_MEM.I_SYNC_FIFOGEN_FIFO/xpm_fifo_instance.xpm_fifo_sync_inst/xpm_fifo_base_inst/wrp_inst/count_value_i_reg[0]/C
  -------------------------------------------------------------------    -------------------
    SLICE_X9Y76          FDRE (Prop_HFF2_SLICEL_C_Q)
                                                      0.113     2.467 r  karatsuba_1_i/axi_dma_0/U0/I_PRMRY_DATAMOVER/GEN_S2MM_FULL.I_S2MM_FULL_WRAPPER/GEN_ENABLE_INDET_BTT_SF.I_INDET_BTT/I_XD_FIFO/NON_BLK_MEM.I_SYNC_FIFOGEN_FIFO/xpm_fifo_instance.xpm_fifo_sync_inst/xpm_fifo_base_inst/wrp_inst/count_value_i_reg[0]/Q
                         net (fo=26, routed)          0.142     2.609    karatsuba_1_i/axi_dma_0/U0/I_PRMRY_DATAMOVER/GEN_S2MM_FULL.I_S2MM_FULL_WRAPPER/GEN_ENABLE_INDET_BTT_SF.I_INDET_BTT/I_XD_FIFO/NON_BLK_MEM.I_SYNC_FIFOGEN_FIFO/xpm_fifo_instance.xpm_fifo_sync_inst/xpm_fifo_base_inst/gen_sdpram.xpm_memory_base_inst/gen_wr_a.gen_word_narrow.mem_reg_0_15_0_8/ADDRH0
    SLICE_X8Y77          RAMD32                                       r  karatsuba_1_i/axi_dma_0/U0/I_PRMRY_DATAMOVER/GEN_S2MM_FULL.I_S2MM_FULL_WRAPPER/GEN_ENABLE_INDET_BTT_SF.I_INDET_BTT/I_XD_FIFO/NON_BLK_MEM.I_SYNC_FIFOGEN_FIFO/xpm_fifo_instance.xpm_fifo_sync_inst/xpm_fifo_base_inst/gen_sdpram.xpm_memory_base_inst/gen_wr_a.gen_word_narrow.mem_reg_0_15_0_8/RAMA_D1/WADR0
  -------------------------------------------------------------------    -------------------

                         (clock clk_pl_0 rise edge)
                                                      0.000     0.000 r  
    PS8_X0Y0             PS8                          0.000     0.000 r  karatsuba_1_i/zynq_ultra_ps_e_0/inst/PS8_i/PLCLK[0]
                         net (fo=1, routed)           0.229     0.229    karatsuba_1_i/zynq_ultra_ps_e_0/inst/pl_clk_unbuffered[0]
    BUFG_PS_X0Y80        BUFG_PS (Prop_BUFG_PS_I_O)
                                                      0.038     0.267 r  karatsuba_1_i/zynq_ultra_ps_e_0/inst/buffer_pl_clk_0.PL_CLK_0_BUFG/O
    X0Y1 (CLOCK_ROOT)    net (fo=5362, routed)        2.453     2.720    karatsuba_1_i/axi_dma_0/U0/I_PRMRY_DATAMOVER/GEN_S2MM_FULL.I_S2MM_FULL_WRAPPER/GEN_ENABLE_INDET_BTT_SF.I_INDET_BTT/I_XD_FIFO/NON_BLK_MEM.I_SYNC_FIFOGEN_FIFO/xpm_fifo_instance.xpm_fifo_sync_inst/xpm_fifo_base_inst/gen_sdpram.xpm_memory_base_inst/gen_wr_a.gen_word_narrow.mem_reg_0_15_0_8/WCLK
    SLICE_X8Y77          RAMD32                                       r  karatsuba_1_i/axi_dma_0/U0/I_PRMRY_DATAMOVER/GEN_S2MM_FULL.I_S2MM_FULL_WRAPPER/GEN_ENABLE_INDET_BTT_SF.I_INDET_BTT/I_XD_FIFO/NON_BLK_MEM.I_SYNC_FIFOGEN_FIFO/xpm_fifo_instance.xpm_fifo_sync_inst/xpm_fifo_base_inst/gen_sdpram.xpm_memory_base_inst/gen_wr_a.gen_word_narrow.mem_reg_0_15_0_8/RAMA_D1/CLK
                         clock pessimism             -0.244     2.476    
    SLICE_X8Y77          RAMD32 (Hold_A6LUT_SLICEM_CLK_WADR0)
                                                      0.116     2.592    karatsuba_1_i/axi_dma_0/U0/I_PRMRY_DATAMOVER/GEN_S2MM_FULL.I_S2MM_FULL_WRAPPER/GEN_ENABLE_INDET_BTT_SF.I_INDET_BTT/I_XD_FIFO/NON_BLK_MEM.I_SYNC_FIFOGEN_FIFO/xpm_fifo_instance.xpm_fifo_sync_inst/xpm_fifo_base_inst/gen_sdpram.xpm_memory_base_inst/gen_wr_a.gen_word_narrow.mem_reg_0_15_0_8/RAMA_D1
  -------------------------------------------------------------------
                         required time                         -2.592    
                         arrival time                           2.609    
  -------------------------------------------------------------------
                         slack                                  0.017    

Slack (MET) :             0.017ns  (arrival time - required time)
  Source:                 karatsuba_1_i/axi_dma_0/U0/I_PRMRY_DATAMOVER/GEN_S2MM_FULL.I_S2MM_FULL_WRAPPER/GEN_ENABLE_INDET_BTT_SF.I_INDET_BTT/I_XD_FIFO/NON_BLK_MEM.I_SYNC_FIFOGEN_FIFO/xpm_fifo_instance.xpm_fifo_sync_inst/xpm_fifo_base_inst/wrp_inst/count_value_i_reg[0]/C
                            (rising edge-triggered cell FDRE clocked by clk_pl_0  {rise@0.000ns fall@5.000ns period=10.000ns})
  Destination:            karatsuba_1_i/axi_dma_0/U0/I_PRMRY_DATAMOVER/GEN_S2MM_FULL.I_S2MM_FULL_WRAPPER/GEN_ENABLE_INDET_BTT_SF.I_INDET_BTT/I_XD_FIFO/NON_BLK_MEM.I_SYNC_FIFOGEN_FIFO/xpm_fifo_instance.xpm_fifo_sync_inst/xpm_fifo_base_inst/gen_sdpram.xpm_memory_base_inst/gen_wr_a.gen_word_narrow.mem_reg_0_15_0_8/RAMB/WADR0
                            (rising edge-triggered cell RAMD32 clocked by clk_pl_0  {rise@0.000ns fall@5.000ns period=10.000ns})
  Path Group:             clk_pl_0
  Path Type:              Hold (Min at Slow Process Corner)
  Requirement:            0.000ns  (clk_pl_0 rise@0.000ns - clk_pl_0 rise@0.000ns)
  Data Path Delay:        0.255ns  (logic 0.113ns (44.294%)  route 0.142ns (55.706%))
  Logic Levels:           0  
  Clock Path Skew:        0.122ns (DCD - SCD - CPR)
    Destination Clock Delay (DCD):    2.720ns
    Source Clock Delay      (SCD):    2.354ns
    Clock Pessimism Removal (CPR):    0.244ns
  Clock Net Delay (Source):      2.138ns (routing 0.955ns, distribution 1.183ns)
  Clock Net Delay (Destination): 2.453ns (routing 1.045ns, distribution 1.408ns)

    Location             Delay type                Incr(ns)  Path(ns)    Netlist Resource(s)
  -------------------------------------------------------------------    -------------------
                         (clock clk_pl_0 rise edge)
                                                      0.000     0.000 r  
    PS8_X0Y0             PS8                          0.000     0.000 r  karatsuba_1_i/zynq_ultra_ps_e_0/inst/PS8_i/PLCLK[0]
                         net (fo=1, routed)           0.181     0.181    karatsuba_1_i/zynq_ultra_ps_e_0/inst/pl_clk_unbuffered[0]
    BUFG_PS_X0Y80        BUFG_PS (Prop_BUFG_PS_I_O)
                                                      0.035     0.216 r  karatsuba_1_i/zynq_ultra_ps_e_0/inst/buffer_pl_clk_0.PL_CLK_0_BUFG/O
    X0Y1 (CLOCK_ROOT)    net (fo=5362, routed)        2.138     2.354    karatsuba_1_i/axi_dma_0/U0/I_PRMRY_DATAMOVER/GEN_S2MM_FULL.I_S2MM_FULL_WRAPPER/GEN_ENABLE_INDET_BTT_SF.I_INDET_BTT/I_XD_FIFO/NON_BLK_MEM.I_SYNC_FIFOGEN_FIFO/xpm_fifo_instance.xpm_fifo_sync_inst/xpm_fifo_base_inst/wrp_inst/wr_clk
    SLICE_X9Y76          FDRE                                         r  karatsuba_1_i/axi_dma_0/U0/I_PRMRY_DATAMOVER/GEN_S2MM_FULL.I_S2MM_FULL_WRAPPER/GEN_ENABLE_INDET_BTT_SF.I_INDET_BTT/I_XD_FIFO/NON_BLK_MEM.I_SYNC_FIFOGEN_FIFO/xpm_fifo_instance.xpm_fifo_sync_inst/xpm_fifo_base_inst/wrp_inst/count_value_i_reg[0]/C
  -------------------------------------------------------------------    -------------------
    SLICE_X9Y76          FDRE (Prop_HFF2_SLICEL_C_Q)
                                                      0.113     2.467 r  karatsuba_1_i/axi_dma_0/U0/I_PRMRY_DATAMOVER/GEN_S2MM_FULL.I_S2MM_FULL_WRAPPER/GEN_ENABLE_INDET_BTT_SF.I_INDET_BTT/I_XD_FIFO/NON_BLK_MEM.I_SYNC_FIFOGEN_FIFO/xpm_fifo_instance.xpm_fifo_sync_inst/xpm_fifo_base_inst/wrp_inst/count_value_i_reg[0]/Q
                         net (fo=26, routed)          0.142     2.609    karatsuba_1_i/axi_dma_0/U0/I_PRMRY_DATAMOVER/GEN_S2MM_FULL.I_S2MM_FULL_WRAPPER/GEN_ENABLE_INDET_BTT_SF.I_INDET_BTT/I_XD_FIFO/NON_BLK_MEM.I_SYNC_FIFOGEN_FIFO/xpm_fifo_instance.xpm_fifo_sync_inst/xpm_fifo_base_inst/gen_sdpram.xpm_memory_base_inst/gen_wr_a.gen_word_narrow.mem_reg_0_15_0_8/ADDRH0
    SLICE_X8Y77          RAMD32                                       r  karatsuba_1_i/axi_dma_0/U0/I_PRMRY_DATAMOVER/GEN_S2MM_FULL.I_S2MM_FULL_WRAPPER/GEN_ENABLE_INDET_BTT_SF.I_INDET_BTT/I_XD_FIFO/NON_BLK_MEM.I_SYNC_FIFOGEN_FIFO/xpm_fifo_instance.xpm_fifo_sync_inst/xpm_fifo_base_inst/gen_sdpram.xpm_memory_base_inst/gen_wr_a.gen_word_narrow.mem_reg_0_15_0_8/RAMB/WADR0
  -------------------------------------------------------------------    -------------------

                         (clock clk_pl_0 rise edge)
                                                      0.000     0.000 r  
    PS8_X0Y0             PS8                          0.000     0.000 r  karatsuba_1_i/zynq_ultra_ps_e_0/inst/PS8_i/PLCLK[0]
                         net (fo=1, routed)           0.229     0.229    karatsuba_1_i/zynq_ultra_ps_e_0/inst/pl_clk_unbuffered[0]
    BUFG_PS_X0Y80        BUFG_PS (Prop_BUFG_PS_I_O)
                                                      0.038     0.267 r  karatsuba_1_i/zynq_ultra_ps_e_0/inst/buffer_pl_clk_0.PL_CLK_0_BUFG/O
    X0Y1 (CLOCK_ROOT)    net (fo=5362, routed)        2.453     2.720    karatsuba_1_i/axi_dma_0/U0/I_PRMRY_DATAMOVER/GEN_S2MM_FULL.I_S2MM_FULL_WRAPPER/GEN_ENABLE_INDET_BTT_SF.I_INDET_BTT/I_XD_FIFO/NON_BLK_MEM.I_SYNC_FIFOGEN_FIFO/xpm_fifo_instance.xpm_fifo_sync_inst/xpm_fifo_base_inst/gen_sdpram.xpm_memory_base_inst/gen_wr_a.gen_word_narrow.mem_reg_0_15_0_8/WCLK
    SLICE_X8Y77          RAMD32                                       r  karatsuba_1_i/axi_dma_0/U0/I_PRMRY_DATAMOVER/GEN_S2MM_FULL.I_S2MM_FULL_WRAPPER/GEN_ENABLE_INDET_BTT_SF.I_INDET_BTT/I_XD_FIFO/NON_BLK_MEM.I_SYNC_FIFOGEN_FIFO/xpm_fifo_instance.xpm_fifo_sync_inst/xpm_fifo_base_inst/gen_sdpram.xpm_memory_base_inst/gen_wr_a.gen_word_narrow.mem_reg_0_15_0_8/RAMB/CLK
                         clock pessimism             -0.244     2.476    
    SLICE_X8Y77          RAMD32 (Hold_B5LUT_SLICEM_CLK_WADR0)
                                                      0.116     2.592    karatsuba_1_i/axi_dma_0/U0/I_PRMRY_DATAMOVER/GEN_S2MM_FULL.I_S2MM_FULL_WRAPPER/GEN_ENABLE_INDET_BTT_SF.I_INDET_BTT/I_XD_FIFO/NON_BLK_MEM.I_SYNC_FIFOGEN_FIFO/xpm_fifo_instance.xpm_fifo_sync_inst/xpm_fifo_base_inst/gen_sdpram.xpm_memory_base_inst/gen_wr_a.gen_word_narrow.mem_reg_0_15_0_8/RAMB
  -------------------------------------------------------------------
                         required time                         -2.592    
                         arrival time                           2.609    
  -------------------------------------------------------------------
                         slack                                  0.017    

Slack (MET) :             0.017ns  (arrival time - required time)
  Source:                 karatsuba_1_i/axi_dma_0/U0/I_PRMRY_DATAMOVER/GEN_S2MM_FULL.I_S2MM_FULL_WRAPPER/GEN_ENABLE_INDET_BTT_SF.I_INDET_BTT/I_XD_FIFO/NON_BLK_MEM.I_SYNC_FIFOGEN_FIFO/xpm_fifo_instance.xpm_fifo_sync_inst/xpm_fifo_base_inst/wrp_inst/count_value_i_reg[0]/C
                            (rising edge-triggered cell FDRE clocked by clk_pl_0  {rise@0.000ns fall@5.000ns period=10.000ns})
  Destination:            karatsuba_1_i/axi_dma_0/U0/I_PRMRY_DATAMOVER/GEN_S2MM_FULL.I_S2MM_FULL_WRAPPER/GEN_ENABLE_INDET_BTT_SF.I_INDET_BTT/I_XD_FIFO/NON_BLK_MEM.I_SYNC_FIFOGEN_FIFO/xpm_fifo_instance.xpm_fifo_sync_inst/xpm_fifo_base_inst/gen_sdpram.xpm_memory_base_inst/gen_wr_a.gen_word_narrow.mem_reg_0_15_0_8/RAMB_D1/WADR0
                            (rising edge-triggered cell RAMD32 clocked by clk_pl_0  {rise@0.000ns fall@5.000ns period=10.000ns})
  Path Group:             clk_pl_0
  Path Type:              Hold (Min at Slow Process Corner)
  Requirement:            0.000ns  (clk_pl_0 rise@0.000ns - clk_pl_0 rise@0.000ns)
  Data Path Delay:        0.255ns  (logic 0.113ns (44.294%)  route 0.142ns (55.706%))
  Logic Levels:           0  
  Clock Path Skew:        0.122ns (DCD - SCD - CPR)
    Destination Clock Delay (DCD):    2.720ns
    Source Clock Delay      (SCD):    2.354ns
    Clock Pessimism Removal (CPR):    0.244ns
  Clock Net Delay (Source):      2.138ns (routing 0.955ns, distribution 1.183ns)
  Clock Net Delay (Destination): 2.453ns (routing 1.045ns, distribution 1.408ns)

    Location             Delay type                Incr(ns)  Path(ns)    Netlist Resource(s)
  -------------------------------------------------------------------    -------------------
                         (clock clk_pl_0 rise edge)
                                                      0.000     0.000 r  
    PS8_X0Y0             PS8                          0.000     0.000 r  karatsuba_1_i/zynq_ultra_ps_e_0/inst/PS8_i/PLCLK[0]
                         net (fo=1, routed)           0.181     0.181    karatsuba_1_i/zynq_ultra_ps_e_0/inst/pl_clk_unbuffered[0]
    BUFG_PS_X0Y80        BUFG_PS (Prop_BUFG_PS_I_O)
                                                      0.035     0.216 r  karatsuba_1_i/zynq_ultra_ps_e_0/inst/buffer_pl_clk_0.PL_CLK_0_BUFG/O
    X0Y1 (CLOCK_ROOT)    net (fo=5362, routed)        2.138     2.354    karatsuba_1_i/axi_dma_0/U0/I_PRMRY_DATAMOVER/GEN_S2MM_FULL.I_S2MM_FULL_WRAPPER/GEN_ENABLE_INDET_BTT_SF.I_INDET_BTT/I_XD_FIFO/NON_BLK_MEM.I_SYNC_FIFOGEN_FIFO/xpm_fifo_instance.xpm_fifo_sync_inst/xpm_fifo_base_inst/wrp_inst/wr_clk
    SLICE_X9Y76          FDRE                                         r  karatsuba_1_i/axi_dma_0/U0/I_PRMRY_DATAMOVER/GEN_S2MM_FULL.I_S2MM_FULL_WRAPPER/GEN_ENABLE_INDET_BTT_SF.I_INDET_BTT/I_XD_FIFO/NON_BLK_MEM.I_SYNC_FIFOGEN_FIFO/xpm_fifo_instance.xpm_fifo_sync_inst/xpm_fifo_base_inst/wrp_inst/count_value_i_reg[0]/C
  -------------------------------------------------------------------    -------------------
    SLICE_X9Y76          FDRE (Prop_HFF2_SLICEL_C_Q)
                                                      0.113     2.467 r  karatsuba_1_i/axi_dma_0/U0/I_PRMRY_DATAMOVER/GEN_S2MM_FULL.I_S2MM_FULL_WRAPPER/GEN_ENABLE_INDET_BTT_SF.I_INDET_BTT/I_XD_FIFO/NON_BLK_MEM.I_SYNC_FIFOGEN_FIFO/xpm_fifo_instance.xpm_fifo_sync_inst/xpm_fifo_base_inst/wrp_inst/count_value_i_reg[0]/Q
                         net (fo=26, routed)          0.142     2.609    karatsuba_1_i/axi_dma_0/U0/I_PRMRY_DATAMOVER/GEN_S2MM_FULL.I_S2MM_FULL_WRAPPER/GEN_ENABLE_INDET_BTT_SF.I_INDET_BTT/I_XD_FIFO/NON_BLK_MEM.I_SYNC_FIFOGEN_FIFO/xpm_fifo_instance.xpm_fifo_sync_inst/xpm_fifo_base_inst/gen_sdpram.xpm_memory_base_inst/gen_wr_a.gen_word_narrow.mem_reg_0_15_0_8/ADDRH0
    SLICE_X8Y77          RAMD32                                       r  karatsuba_1_i/axi_dma_0/U0/I_PRMRY_DATAMOVER/GEN_S2MM_FULL.I_S2MM_FULL_WRAPPER/GEN_ENABLE_INDET_BTT_SF.I_INDET_BTT/I_XD_FIFO/NON_BLK_MEM.I_SYNC_FIFOGEN_FIFO/xpm_fifo_instance.xpm_fifo_sync_inst/xpm_fifo_base_inst/gen_sdpram.xpm_memory_base_inst/gen_wr_a.gen_word_narrow.mem_reg_0_15_0_8/RAMB_D1/WADR0
  -------------------------------------------------------------------    -------------------

                         (clock clk_pl_0 rise edge)
                                                      0.000     0.000 r  
    PS8_X0Y0             PS8                          0.000     0.000 r  karatsuba_1_i/zynq_ultra_ps_e_0/inst/PS8_i/PLCLK[0]
                         net (fo=1, routed)           0.229     0.229    karatsuba_1_i/zynq_ultra_ps_e_0/inst/pl_clk_unbuffered[0]
    BUFG_PS_X0Y80        BUFG_PS (Prop_BUFG_PS_I_O)
                                                      0.038     0.267 r  karatsuba_1_i/zynq_ultra_ps_e_0/inst/buffer_pl_clk_0.PL_CLK_0_BUFG/O
    X0Y1 (CLOCK_ROOT)    net (fo=5362, routed)        2.453     2.720    karatsuba_1_i/axi_dma_0/U0/I_PRMRY_DATAMOVER/GEN_S2MM_FULL.I_S2MM_FULL_WRAPPER/GEN_ENABLE_INDET_BTT_SF.I_INDET_BTT/I_XD_FIFO/NON_BLK_MEM.I_SYNC_FIFOGEN_FIFO/xpm_fifo_instance.xpm_fifo_sync_inst/xpm_fifo_base_inst/gen_sdpram.xpm_memory_base_inst/gen_wr_a.gen_word_narrow.mem_reg_0_15_0_8/WCLK
    SLICE_X8Y77          RAMD32                                       r  karatsuba_1_i/axi_dma_0/U0/I_PRMRY_DATAMOVER/GEN_S2MM_FULL.I_S2MM_FULL_WRAPPER/GEN_ENABLE_INDET_BTT_SF.I_INDET_BTT/I_XD_FIFO/NON_BLK_MEM.I_SYNC_FIFOGEN_FIFO/xpm_fifo_instance.xpm_fifo_sync_inst/xpm_fifo_base_inst/gen_sdpram.xpm_memory_base_inst/gen_wr_a.gen_word_narrow.mem_reg_0_15_0_8/RAMB_D1/CLK
                         clock pessimism             -0.244     2.476    
    SLICE_X8Y77          RAMD32 (Hold_B6LUT_SLICEM_CLK_WADR0)
                                                      0.116     2.592    karatsuba_1_i/axi_dma_0/U0/I_PRMRY_DATAMOVER/GEN_S2MM_FULL.I_S2MM_FULL_WRAPPER/GEN_ENABLE_INDET_BTT_SF.I_INDET_BTT/I_XD_FIFO/NON_BLK_MEM.I_SYNC_FIFOGEN_FIFO/xpm_fifo_instance.xpm_fifo_sync_inst/xpm_fifo_base_inst/gen_sdpram.xpm_memory_base_inst/gen_wr_a.gen_word_narrow.mem_reg_0_15_0_8/RAMB_D1
  -------------------------------------------------------------------
                         required time                         -2.592    
                         arrival time                           2.609    
  -------------------------------------------------------------------
                         slack                                  0.017    

Slack (MET) :             0.017ns  (arrival time - required time)
  Source:                 karatsuba_1_i/axi_dma_0/U0/I_PRMRY_DATAMOVER/GEN_S2MM_FULL.I_S2MM_FULL_WRAPPER/GEN_ENABLE_INDET_BTT_SF.I_INDET_BTT/I_XD_FIFO/NON_BLK_MEM.I_SYNC_FIFOGEN_FIFO/xpm_fifo_instance.xpm_fifo_sync_inst/xpm_fifo_base_inst/wrp_inst/count_value_i_reg[0]/C
                            (rising edge-triggered cell FDRE clocked by clk_pl_0  {rise@0.000ns fall@5.000ns period=10.000ns})
  Destination:            karatsuba_1_i/axi_dma_0/U0/I_PRMRY_DATAMOVER/GEN_S2MM_FULL.I_S2MM_FULL_WRAPPER/GEN_ENABLE_INDET_BTT_SF.I_INDET_BTT/I_XD_FIFO/NON_BLK_MEM.I_SYNC_FIFOGEN_FIFO/xpm_fifo_instance.xpm_fifo_sync_inst/xpm_fifo_base_inst/gen_sdpram.xpm_memory_base_inst/gen_wr_a.gen_word_narrow.mem_reg_0_15_0_8/RAMC/WADR0
                            (rising edge-triggered cell RAMD32 clocked by clk_pl_0  {rise@0.000ns fall@5.000ns period=10.000ns})
  Path Group:             clk_pl_0
  Path Type:              Hold (Min at Slow Process Corner)
  Requirement:            0.000ns  (clk_pl_0 rise@0.000ns - clk_pl_0 rise@0.000ns)
  Data Path Delay:        0.255ns  (logic 0.113ns (44.294%)  route 0.142ns (55.706%))
  Logic Levels:           0  
  Clock Path Skew:        0.122ns (DCD - SCD - CPR)
    Destination Clock Delay (DCD):    2.720ns
    Source Clock Delay      (SCD):    2.354ns
    Clock Pessimism Removal (CPR):    0.244ns
  Clock Net Delay (Source):      2.138ns (routing 0.955ns, distribution 1.183ns)
  Clock Net Delay (Destination): 2.453ns (routing 1.045ns, distribution 1.408ns)

    Location             Delay type                Incr(ns)  Path(ns)    Netlist Resource(s)
  -------------------------------------------------------------------    -------------------
                         (clock clk_pl_0 rise edge)
                                                      0.000     0.000 r  
    PS8_X0Y0             PS8                          0.000     0.000 r  karatsuba_1_i/zynq_ultra_ps_e_0/inst/PS8_i/PLCLK[0]
                         net (fo=1, routed)           0.181     0.181    karatsuba_1_i/zynq_ultra_ps_e_0/inst/pl_clk_unbuffered[0]
    BUFG_PS_X0Y80        BUFG_PS (Prop_BUFG_PS_I_O)
                                                      0.035     0.216 r  karatsuba_1_i/zynq_ultra_ps_e_0/inst/buffer_pl_clk_0.PL_CLK_0_BUFG/O
    X0Y1 (CLOCK_ROOT)    net (fo=5362, routed)        2.138     2.354    karatsuba_1_i/axi_dma_0/U0/I_PRMRY_DATAMOVER/GEN_S2MM_FULL.I_S2MM_FULL_WRAPPER/GEN_ENABLE_INDET_BTT_SF.I_INDET_BTT/I_XD_FIFO/NON_BLK_MEM.I_SYNC_FIFOGEN_FIFO/xpm_fifo_instance.xpm_fifo_sync_inst/xpm_fifo_base_inst/wrp_inst/wr_clk
    SLICE_X9Y76          FDRE                                         r  karatsuba_1_i/axi_dma_0/U0/I_PRMRY_DATAMOVER/GEN_S2MM_FULL.I_S2MM_FULL_WRAPPER/GEN_ENABLE_INDET_BTT_SF.I_INDET_BTT/I_XD_FIFO/NON_BLK_MEM.I_SYNC_FIFOGEN_FIFO/xpm_fifo_instance.xpm_fifo_sync_inst/xpm_fifo_base_inst/wrp_inst/count_value_i_reg[0]/C
  -------------------------------------------------------------------    -------------------
    SLICE_X9Y76          FDRE (Prop_HFF2_SLICEL_C_Q)
                                                      0.113     2.467 r  karatsuba_1_i/axi_dma_0/U0/I_PRMRY_DATAMOVER/GEN_S2MM_FULL.I_S2MM_FULL_WRAPPER/GEN_ENABLE_INDET_BTT_SF.I_INDET_BTT/I_XD_FIFO/NON_BLK_MEM.I_SYNC_FIFOGEN_FIFO/xpm_fifo_instance.xpm_fifo_sync_inst/xpm_fifo_base_inst/wrp_inst/count_value_i_reg[0]/Q
                         net (fo=26, routed)          0.142     2.609    karatsuba_1_i/axi_dma_0/U0/I_PRMRY_DATAMOVER/GEN_S2MM_FULL.I_S2MM_FULL_WRAPPER/GEN_ENABLE_INDET_BTT_SF.I_INDET_BTT/I_XD_FIFO/NON_BLK_MEM.I_SYNC_FIFOGEN_FIFO/xpm_fifo_instance.xpm_fifo_sync_inst/xpm_fifo_base_inst/gen_sdpram.xpm_memory_base_inst/gen_wr_a.gen_word_narrow.mem_reg_0_15_0_8/ADDRH0
    SLICE_X8Y77          RAMD32                                       r  karatsuba_1_i/axi_dma_0/U0/I_PRMRY_DATAMOVER/GEN_S2MM_FULL.I_S2MM_FULL_WRAPPER/GEN_ENABLE_INDET_BTT_SF.I_INDET_BTT/I_XD_FIFO/NON_BLK_MEM.I_SYNC_FIFOGEN_FIFO/xpm_fifo_instance.xpm_fifo_sync_inst/xpm_fifo_base_inst/gen_sdpram.xpm_memory_base_inst/gen_wr_a.gen_word_narrow.mem_reg_0_15_0_8/RAMC/WADR0
  -------------------------------------------------------------------    -------------------

                         (clock clk_pl_0 rise edge)
                                                      0.000     0.000 r  
    PS8_X0Y0             PS8                          0.000     0.000 r  karatsuba_1_i/zynq_ultra_ps_e_0/inst/PS8_i/PLCLK[0]
                         net (fo=1, routed)           0.229     0.229    karatsuba_1_i/zynq_ultra_ps_e_0/inst/pl_clk_unbuffered[0]
    BUFG_PS_X0Y80        BUFG_PS (Prop_BUFG_PS_I_O)
                                                      0.038     0.267 r  karatsuba_1_i/zynq_ultra_ps_e_0/inst/buffer_pl_clk_0.PL_CLK_0_BUFG/O
    X0Y1 (CLOCK_ROOT)    net (fo=5362, routed)        2.453     2.720    karatsuba_1_i/axi_dma_0/U0/I_PRMRY_DATAMOVER/GEN_S2MM_FULL.I_S2MM_FULL_WRAPPER/GEN_ENABLE_INDET_BTT_SF.I_INDET_BTT/I_XD_FIFO/NON_BLK_MEM.I_SYNC_FIFOGEN_FIFO/xpm_fifo_instance.xpm_fifo_sync_inst/xpm_fifo_base_inst/gen_sdpram.xpm_memory_base_inst/gen_wr_a.gen_word_narrow.mem_reg_0_15_0_8/WCLK
    SLICE_X8Y77          RAMD32                                       r  karatsuba_1_i/axi_dma_0/U0/I_PRMRY_DATAMOVER/GEN_S2MM_FULL.I_S2MM_FULL_WRAPPER/GEN_ENABLE_INDET_BTT_SF.I_INDET_BTT/I_XD_FIFO/NON_BLK_MEM.I_SYNC_FIFOGEN_FIFO/xpm_fifo_instance.xpm_fifo_sync_inst/xpm_fifo_base_inst/gen_sdpram.xpm_memory_base_inst/gen_wr_a.gen_word_narrow.mem_reg_0_15_0_8/RAMC/CLK
                         clock pessimism             -0.244     2.476    
    SLICE_X8Y77          RAMD32 (Hold_C5LUT_SLICEM_CLK_WADR0)
                                                      0.116     2.592    karatsuba_1_i/axi_dma_0/U0/I_PRMRY_DATAMOVER/GEN_S2MM_FULL.I_S2MM_FULL_WRAPPER/GEN_ENABLE_INDET_BTT_SF.I_INDET_BTT/I_XD_FIFO/NON_BLK_MEM.I_SYNC_FIFOGEN_FIFO/xpm_fifo_instance.xpm_fifo_sync_inst/xpm_fifo_base_inst/gen_sdpram.xpm_memory_base_inst/gen_wr_a.gen_word_narrow.mem_reg_0_15_0_8/RAMC
  -------------------------------------------------------------------
                         required time                         -2.592    
                         arrival time                           2.609    
  -------------------------------------------------------------------
                         slack                                  0.017    

Slack (MET) :             0.017ns  (arrival time - required time)
  Source:                 karatsuba_1_i/axi_dma_0/U0/I_PRMRY_DATAMOVER/GEN_S2MM_FULL.I_S2MM_FULL_WRAPPER/GEN_ENABLE_INDET_BTT_SF.I_INDET_BTT/I_XD_FIFO/NON_BLK_MEM.I_SYNC_FIFOGEN_FIFO/xpm_fifo_instance.xpm_fifo_sync_inst/xpm_fifo_base_inst/wrp_inst/count_value_i_reg[0]/C
                            (rising edge-triggered cell FDRE clocked by clk_pl_0  {rise@0.000ns fall@5.000ns period=10.000ns})
  Destination:            karatsuba_1_i/axi_dma_0/U0/I_PRMRY_DATAMOVER/GEN_S2MM_FULL.I_S2MM_FULL_WRAPPER/GEN_ENABLE_INDET_BTT_SF.I_INDET_BTT/I_XD_FIFO/NON_BLK_MEM.I_SYNC_FIFOGEN_FIFO/xpm_fifo_instance.xpm_fifo_sync_inst/xpm_fifo_base_inst/gen_sdpram.xpm_memory_base_inst/gen_wr_a.gen_word_narrow.mem_reg_0_15_0_8/RAMC_D1/WADR0
                            (rising edge-triggered cell RAMD32 clocked by clk_pl_0  {rise@0.000ns fall@5.000ns period=10.000ns})
  Path Group:             clk_pl_0
  Path Type:              Hold (Min at Slow Process Corner)
  Requirement:            0.000ns  (clk_pl_0 rise@0.000ns - clk_pl_0 rise@0.000ns)
  Data Path Delay:        0.255ns  (logic 0.113ns (44.294%)  route 0.142ns (55.706%))
  Logic Levels:           0  
  Clock Path Skew:        0.122ns (DCD - SCD - CPR)
    Destination Clock Delay (DCD):    2.720ns
    Source Clock Delay      (SCD):    2.354ns
    Clock Pessimism Removal (CPR):    0.244ns
  Clock Net Delay (Source):      2.138ns (routing 0.955ns, distribution 1.183ns)
  Clock Net Delay (Destination): 2.453ns (routing 1.045ns, distribution 1.408ns)

    Location             Delay type                Incr(ns)  Path(ns)    Netlist Resource(s)
  -------------------------------------------------------------------    -------------------
                         (clock clk_pl_0 rise edge)
                                                      0.000     0.000 r  
    PS8_X0Y0             PS8                          0.000     0.000 r  karatsuba_1_i/zynq_ultra_ps_e_0/inst/PS8_i/PLCLK[0]
                         net (fo=1, routed)           0.181     0.181    karatsuba_1_i/zynq_ultra_ps_e_0/inst/pl_clk_unbuffered[0]
    BUFG_PS_X0Y80        BUFG_PS (Prop_BUFG_PS_I_O)
                                                      0.035     0.216 r  karatsuba_1_i/zynq_ultra_ps_e_0/inst/buffer_pl_clk_0.PL_CLK_0_BUFG/O
    X0Y1 (CLOCK_ROOT)    net (fo=5362, routed)        2.138     2.354    karatsuba_1_i/axi_dma_0/U0/I_PRMRY_DATAMOVER/GEN_S2MM_FULL.I_S2MM_FULL_WRAPPER/GEN_ENABLE_INDET_BTT_SF.I_INDET_BTT/I_XD_FIFO/NON_BLK_MEM.I_SYNC_FIFOGEN_FIFO/xpm_fifo_instance.xpm_fifo_sync_inst/xpm_fifo_base_inst/wrp_inst/wr_clk
    SLICE_X9Y76          FDRE                                         r  karatsuba_1_i/axi_dma_0/U0/I_PRMRY_DATAMOVER/GEN_S2MM_FULL.I_S2MM_FULL_WRAPPER/GEN_ENABLE_INDET_BTT_SF.I_INDET_BTT/I_XD_FIFO/NON_BLK_MEM.I_SYNC_FIFOGEN_FIFO/xpm_fifo_instance.xpm_fifo_sync_inst/xpm_fifo_base_inst/wrp_inst/count_value_i_reg[0]/C
  -------------------------------------------------------------------    -------------------
    SLICE_X9Y76          FDRE (Prop_HFF2_SLICEL_C_Q)
                                                      0.113     2.467 r  karatsuba_1_i/axi_dma_0/U0/I_PRMRY_DATAMOVER/GEN_S2MM_FULL.I_S2MM_FULL_WRAPPER/GEN_ENABLE_INDET_BTT_SF.I_INDET_BTT/I_XD_FIFO/NON_BLK_MEM.I_SYNC_FIFOGEN_FIFO/xpm_fifo_instance.xpm_fifo_sync_inst/xpm_fifo_base_inst/wrp_inst/count_value_i_reg[0]/Q
                         net (fo=26, routed)          0.142     2.609    karatsuba_1_i/axi_dma_0/U0/I_PRMRY_DATAMOVER/GEN_S2MM_FULL.I_S2MM_FULL_WRAPPER/GEN_ENABLE_INDET_BTT_SF.I_INDET_BTT/I_XD_FIFO/NON_BLK_MEM.I_SYNC_FIFOGEN_FIFO/xpm_fifo_instance.xpm_fifo_sync_inst/xpm_fifo_base_inst/gen_sdpram.xpm_memory_base_inst/gen_wr_a.gen_word_narrow.mem_reg_0_15_0_8/ADDRH0
    SLICE_X8Y77          RAMD32                                       r  karatsuba_1_i/axi_dma_0/U0/I_PRMRY_DATAMOVER/GEN_S2MM_FULL.I_S2MM_FULL_WRAPPER/GEN_ENABLE_INDET_BTT_SF.I_INDET_BTT/I_XD_FIFO/NON_BLK_MEM.I_SYNC_FIFOGEN_FIFO/xpm_fifo_instance.xpm_fifo_sync_inst/xpm_fifo_base_inst/gen_sdpram.xpm_memory_base_inst/gen_wr_a.gen_word_narrow.mem_reg_0_15_0_8/RAMC_D1/WADR0
  -------------------------------------------------------------------    -------------------

                         (clock clk_pl_0 rise edge)
                                                      0.000     0.000 r  
    PS8_X0Y0             PS8                          0.000     0.000 r  karatsuba_1_i/zynq_ultra_ps_e_0/inst/PS8_i/PLCLK[0]
                         net (fo=1, routed)           0.229     0.229    karatsuba_1_i/zynq_ultra_ps_e_0/inst/pl_clk_unbuffered[0]
    BUFG_PS_X0Y80        BUFG_PS (Prop_BUFG_PS_I_O)
                                                      0.038     0.267 r  karatsuba_1_i/zynq_ultra_ps_e_0/inst/buffer_pl_clk_0.PL_CLK_0_BUFG/O
    X0Y1 (CLOCK_ROOT)    net (fo=5362, routed)        2.453     2.720    karatsuba_1_i/axi_dma_0/U0/I_PRMRY_DATAMOVER/GEN_S2MM_FULL.I_S2MM_FULL_WRAPPER/GEN_ENABLE_INDET_BTT_SF.I_INDET_BTT/I_XD_FIFO/NON_BLK_MEM.I_SYNC_FIFOGEN_FIFO/xpm_fifo_instance.xpm_fifo_sync_inst/xpm_fifo_base_inst/gen_sdpram.xpm_memory_base_inst/gen_wr_a.gen_word_narrow.mem_reg_0_15_0_8/WCLK
    SLICE_X8Y77          RAMD32                                       r  karatsuba_1_i/axi_dma_0/U0/I_PRMRY_DATAMOVER/GEN_S2MM_FULL.I_S2MM_FULL_WRAPPER/GEN_ENABLE_INDET_BTT_SF.I_INDET_BTT/I_XD_FIFO/NON_BLK_MEM.I_SYNC_FIFOGEN_FIFO/xpm_fifo_instance.xpm_fifo_sync_inst/xpm_fifo_base_inst/gen_sdpram.xpm_memory_base_inst/gen_wr_a.gen_word_narrow.mem_reg_0_15_0_8/RAMC_D1/CLK
                         clock pessimism             -0.244     2.476    
    SLICE_X8Y77          RAMD32 (Hold_C6LUT_SLICEM_CLK_WADR0)
                                                      0.116     2.592    karatsuba_1_i/axi_dma_0/U0/I_PRMRY_DATAMOVER/GEN_S2MM_FULL.I_S2MM_FULL_WRAPPER/GEN_ENABLE_INDET_BTT_SF.I_INDET_BTT/I_XD_FIFO/NON_BLK_MEM.I_SYNC_FIFOGEN_FIFO/xpm_fifo_instance.xpm_fifo_sync_inst/xpm_fifo_base_inst/gen_sdpram.xpm_memory_base_inst/gen_wr_a.gen_word_narrow.mem_reg_0_15_0_8/RAMC_D1
  -------------------------------------------------------------------
                         required time                         -2.592    
                         arrival time                           2.609    
  -------------------------------------------------------------------
                         slack                                  0.017    





Pulse Width Checks
--------------------------------------------------------------------------------------
Clock Name:         clk_pl_0
Waveform(ns):       { 0.000 5.000 }
Period(ns):         10.000
Sources:            { karatsuba_1_i/zynq_ultra_ps_e_0/inst/PS8_i/PLCLK[0] }

Check Type        Corner  Lib Pin             Reference Pin  Required(ns)  Actual(ns)  Slack(ns)  Location      Pin
Min Period        n/a     PS8/MAXIGP0ACLK     n/a            3.000         10.000      7.000      PS8_X0Y0      karatsuba_1_i/zynq_ultra_ps_e_0/inst/PS8_i/MAXIGP0ACLK
Min Period        n/a     PS8/SAXIGP0RCLK     n/a            3.000         10.000      7.000      PS8_X0Y0      karatsuba_1_i/zynq_ultra_ps_e_0/inst/PS8_i/SAXIGP0RCLK
Min Period        n/a     PS8/SAXIGP0WCLK     n/a            3.000         10.000      7.000      PS8_X0Y0      karatsuba_1_i/zynq_ultra_ps_e_0/inst/PS8_i/SAXIGP0WCLK
Min Period        n/a     RAMB36E2/CLKARDCLK  n/a            1.709         10.000      8.291      RAMB36_X0Y11  karatsuba_1_i/axi_dma_0/U0/I_PRMRY_DATAMOVER/GEN_MM2S_FULL.I_MM2S_FULL_WRAPPER/GEN_INCLUDE_MM2S_SF.I_RD_SF/I_DATA_FIFO/BLK_MEM.I_SYNC_FIFOGEN_FIFO/xpm_fifo_instance.xpm_fifo_sync_inst/xpm_fifo_base_inst/gen_sdpram.xpm_memory_base_inst/gen_wr_a.gen_word_narrow.mem_reg/CLKARDCLK
Min Period        n/a     RAMB36E2/CLKBWRCLK  n/a            1.709         10.000      8.291      RAMB36_X0Y11  karatsuba_1_i/axi_dma_0/U0/I_PRMRY_DATAMOVER/GEN_MM2S_FULL.I_MM2S_FULL_WRAPPER/GEN_INCLUDE_MM2S_SF.I_RD_SF/I_DATA_FIFO/BLK_MEM.I_SYNC_FIFOGEN_FIFO/xpm_fifo_instance.xpm_fifo_sync_inst/xpm_fifo_base_inst/gen_sdpram.xpm_memory_base_inst/gen_wr_a.gen_word_narrow.mem_reg/CLKBWRCLK
Min Period        n/a     RAMB36E2/CLKARDCLK  n/a            1.709         10.000      8.291      RAMB36_X0Y14  karatsuba_1_i/axi_dma_0/U0/I_PRMRY_DATAMOVER/GEN_S2MM_FULL.I_S2MM_FULL_WRAPPER/GEN_ENABLE_INDET_BTT_SF.I_INDET_BTT/I_DATA_FIFO/BLK_MEM.I_SYNC_FIFOGEN_FIFO/xpm_fifo_instance.xpm_fifo_sync_inst/xpm_fifo_base_inst/gen_sdpram.xpm_memory_base_inst/gen_wr_a.gen_word_narrow.mem_reg/CLKARDCLK
Min Period        n/a     RAMB36E2/CLKBWRCLK  n/a            1.709         10.000      8.291      RAMB36_X0Y14  karatsuba_1_i/axi_dma_0/U0/I_PRMRY_DATAMOVER/GEN_S2MM_FULL.I_S2MM_FULL_WRAPPER/GEN_ENABLE_INDET_BTT_SF.I_INDET_BTT/I_DATA_FIFO/BLK_MEM.I_SYNC_FIFOGEN_FIFO/xpm_fifo_instance.xpm_fifo_sync_inst/xpm_fifo_base_inst/gen_sdpram.xpm_memory_base_inst/gen_wr_a.gen_word_narrow.mem_reg/CLKBWRCLK
Min Period        n/a     SRL16E/CLK          n/a            1.524         10.000      8.476      SLICE_X5Y71   karatsuba_1_i/axi_dma_0/U0/I_PRMRY_DATAMOVER/GEN_MM2S_FULL.I_MM2S_FULL_WRAPPER/I_ADDR_CNTL/GEN_ADDR_FIFO.I_ADDR_QUAL_FIFO/USE_SRL_FIFO.I_SYNC_FIFO/I_SRL_FIFO_RBU_F/DYNSHREG_F_I/INFERRED_GEN.data_reg[3][11]_srl4/CLK
Min Period        n/a     SRL16E/CLK          n/a            1.524         10.000      8.476      SLICE_X5Y71   karatsuba_1_i/axi_dma_0/U0/I_PRMRY_DATAMOVER/GEN_MM2S_FULL.I_MM2S_FULL_WRAPPER/I_ADDR_CNTL/GEN_ADDR_FIFO.I_ADDR_QUAL_FIFO/USE_SRL_FIFO.I_SYNC_FIFO/I_SRL_FIFO_RBU_F/DYNSHREG_F_I/INFERRED_GEN.data_reg[3][13]_srl4/CLK
Min Period        n/a     SRL16E/CLK          n/a            1.524         10.000      8.476      SLICE_X5Y71   karatsuba_1_i/axi_dma_0/U0/I_PRMRY_DATAMOVER/GEN_MM2S_FULL.I_MM2S_FULL_WRAPPER/I_ADDR_CNTL/GEN_ADDR_FIFO.I_ADDR_QUAL_FIFO/USE_SRL_FIFO.I_SYNC_FIFO/I_SRL_FIFO_RBU_F/DYNSHREG_F_I/INFERRED_GEN.data_reg[3][19]_srl4/CLK
Low Pulse Width   Slow    PS8/MAXIGP0ACLK     n/a            1.500         5.000       3.500      PS8_X0Y0      karatsuba_1_i/zynq_ultra_ps_e_0/inst/PS8_i/MAXIGP0ACLK
Low Pulse Width   Fast    PS8/MAXIGP0ACLK     n/a            1.500         5.000       3.500      PS8_X0Y0      karatsuba_1_i/zynq_ultra_ps_e_0/inst/PS8_i/MAXIGP0ACLK
Low Pulse Width   Slow    PS8/SAXIGP0RCLK     n/a            1.500         5.000       3.500      PS8_X0Y0      karatsuba_1_i/zynq_ultra_ps_e_0/inst/PS8_i/SAXIGP0RCLK
Low Pulse Width   Fast    PS8/SAXIGP0RCLK     n/a            1.500         5.000       3.500      PS8_X0Y0      karatsuba_1_i/zynq_ultra_ps_e_0/inst/PS8_i/SAXIGP0RCLK
Low Pulse Width   Slow    PS8/SAXIGP0WCLK     n/a            1.500         5.000       3.500      PS8_X0Y0      karatsuba_1_i/zynq_ultra_ps_e_0/inst/PS8_i/SAXIGP0WCLK
Low Pulse Width   Fast    PS8/SAXIGP0WCLK     n/a            1.500         5.000       3.500      PS8_X0Y0      karatsuba_1_i/zynq_ultra_ps_e_0/inst/PS8_i/SAXIGP0WCLK
Low Pulse Width   Slow    SRL16E/CLK          n/a            0.762         5.000       4.238      SLICE_X5Y71   karatsuba_1_i/axi_dma_0/U0/I_PRMRY_DATAMOVER/GEN_MM2S_FULL.I_MM2S_FULL_WRAPPER/I_ADDR_CNTL/GEN_ADDR_FIFO.I_ADDR_QUAL_FIFO/USE_SRL_FIFO.I_SYNC_FIFO/I_SRL_FIFO_RBU_F/DYNSHREG_F_I/INFERRED_GEN.data_reg[3][11]_srl4/CLK
Low Pulse Width   Fast    SRL16E/CLK          n/a            0.762         5.000       4.238      SLICE_X5Y71   karatsuba_1_i/axi_dma_0/U0/I_PRMRY_DATAMOVER/GEN_MM2S_FULL.I_MM2S_FULL_WRAPPER/I_ADDR_CNTL/GEN_ADDR_FIFO.I_ADDR_QUAL_FIFO/USE_SRL_FIFO.I_SYNC_FIFO/I_SRL_FIFO_RBU_F/DYNSHREG_F_I/INFERRED_GEN.data_reg[3][11]_srl4/CLK
Low Pulse Width   Slow    SRL16E/CLK          n/a            0.762         5.000       4.238      SLICE_X5Y71   karatsuba_1_i/axi_dma_0/U0/I_PRMRY_DATAMOVER/GEN_MM2S_FULL.I_MM2S_FULL_WRAPPER/I_ADDR_CNTL/GEN_ADDR_FIFO.I_ADDR_QUAL_FIFO/USE_SRL_FIFO.I_SYNC_FIFO/I_SRL_FIFO_RBU_F/DYNSHREG_F_I/INFERRED_GEN.data_reg[3][13]_srl4/CLK
Low Pulse Width   Fast    SRL16E/CLK          n/a            0.762         5.000       4.238      SLICE_X5Y71   karatsuba_1_i/axi_dma_0/U0/I_PRMRY_DATAMOVER/GEN_MM2S_FULL.I_MM2S_FULL_WRAPPER/I_ADDR_CNTL/GEN_ADDR_FIFO.I_ADDR_QUAL_FIFO/USE_SRL_FIFO.I_SYNC_FIFO/I_SRL_FIFO_RBU_F/DYNSHREG_F_I/INFERRED_GEN.data_reg[3][13]_srl4/CLK
High Pulse Width  Slow    PS8/MAXIGP0ACLK     n/a            1.500         5.000       3.500      PS8_X0Y0      karatsuba_1_i/zynq_ultra_ps_e_0/inst/PS8_i/MAXIGP0ACLK
High Pulse Width  Fast    PS8/MAXIGP0ACLK     n/a            1.500         5.000       3.500      PS8_X0Y0      karatsuba_1_i/zynq_ultra_ps_e_0/inst/PS8_i/MAXIGP0ACLK
High Pulse Width  Slow    PS8/SAXIGP0RCLK     n/a            1.500         5.000       3.500      PS8_X0Y0      karatsuba_1_i/zynq_ultra_ps_e_0/inst/PS8_i/SAXIGP0RCLK
High Pulse Width  Fast    PS8/SAXIGP0RCLK     n/a            1.500         5.000       3.500      PS8_X0Y0      karatsuba_1_i/zynq_ultra_ps_e_0/inst/PS8_i/SAXIGP0RCLK
High Pulse Width  Slow    PS8/SAXIGP0WCLK     n/a            1.500         5.000       3.500      PS8_X0Y0      karatsuba_1_i/zynq_ultra_ps_e_0/inst/PS8_i/SAXIGP0WCLK
High Pulse Width  Fast    PS8/SAXIGP0WCLK     n/a            1.500         5.000       3.500      PS8_X0Y0      karatsuba_1_i/zynq_ultra_ps_e_0/inst/PS8_i/SAXIGP0WCLK
High Pulse Width  Slow    SRL16E/CLK          n/a            0.762         5.000       4.238      SLICE_X5Y71   karatsuba_1_i/axi_dma_0/U0/I_PRMRY_DATAMOVER/GEN_MM2S_FULL.I_MM2S_FULL_WRAPPER/I_ADDR_CNTL/GEN_ADDR_FIFO.I_ADDR_QUAL_FIFO/USE_SRL_FIFO.I_SYNC_FIFO/I_SRL_FIFO_RBU_F/DYNSHREG_F_I/INFERRED_GEN.data_reg[3][11]_srl4/CLK
High Pulse Width  Fast    SRL16E/CLK          n/a            0.762         5.000       4.238      SLICE_X5Y71   karatsuba_1_i/axi_dma_0/U0/I_PRMRY_DATAMOVER/GEN_MM2S_FULL.I_MM2S_FULL_WRAPPER/I_ADDR_CNTL/GEN_ADDR_FIFO.I_ADDR_QUAL_FIFO/USE_SRL_FIFO.I_SYNC_FIFO/I_SRL_FIFO_RBU_F/DYNSHREG_F_I/INFERRED_GEN.data_reg[3][11]_srl4/CLK
High Pulse Width  Slow    SRL16E/CLK          n/a            0.762         5.000       4.238      SLICE_X5Y71   karatsuba_1_i/axi_dma_0/U0/I_PRMRY_DATAMOVER/GEN_MM2S_FULL.I_MM2S_FULL_WRAPPER/I_ADDR_CNTL/GEN_ADDR_FIFO.I_ADDR_QUAL_FIFO/USE_SRL_FIFO.I_SYNC_FIFO/I_SRL_FIFO_RBU_F/DYNSHREG_F_I/INFERRED_GEN.data_reg[3][13]_srl4/CLK
High Pulse Width  Fast    SRL16E/CLK          n/a            0.762         5.000       4.238      SLICE_X5Y71   karatsuba_1_i/axi_dma_0/U0/I_PRMRY_DATAMOVER/GEN_MM2S_FULL.I_MM2S_FULL_WRAPPER/I_ADDR_CNTL/GEN_ADDR_FIFO.I_ADDR_QUAL_FIFO/USE_SRL_FIFO.I_SYNC_FIFO/I_SRL_FIFO_RBU_F/DYNSHREG_F_I/INFERRED_GEN.data_reg[3][13]_srl4/CLK



---------------------------------------------------------------------------------------------------
Path Group:  **async_default**
From Clock:  clk_pl_0
  To Clock:  clk_pl_0

Setup :            0  Failing Endpoints,  Worst Slack        6.854ns,  Total Violation        0.000ns
Hold  :            0  Failing Endpoints,  Worst Slack        0.231ns,  Total Violation        0.000ns
---------------------------------------------------------------------------------------------------


Max Delay Paths
--------------------------------------------------------------------------------------
Slack (MET) :             6.854ns  (required time - arrival time)
  Source:                 karatsuba_1_i/rst_ps8_0_99M/U0/ACTIVE_LOW_PR_OUT_DFF[0].FDRE_PER_N/C
                            (rising edge-triggered cell FDRE clocked by clk_pl_0  {rise@0.000ns fall@5.000ns period=10.000ns})
  Destination:            karatsuba_1_i/karatsuba_mult_ip_0/inst/karatsuba_mult_ip_slave_lite_v1_0_S00_AXI_inst/karatsuba_mult_inst/FSM_onehot_state_reg[1]/CLR
                            (recovery check against rising-edge clock clk_pl_0  {rise@0.000ns fall@5.000ns period=10.000ns})
  Path Group:             **async_default**
  Path Type:              Recovery (Max at Slow Process Corner)
  Requirement:            10.000ns  (clk_pl_0 rise@10.000ns - clk_pl_0 rise@0.000ns)
  Data Path Delay:        2.958ns  (logic 0.114ns (3.854%)  route 2.844ns (96.146%))
  Logic Levels:           0  
  Clock Path Skew:        0.065ns (DCD - SCD + CPR)
    Destination Clock Delay (DCD):    2.493ns = ( 12.493 - 10.000 ) 
    Source Clock Delay      (SCD):    2.623ns
    Clock Pessimism Removal (CPR):    0.195ns
  Clock Uncertainty:      0.160ns  ((TSJ^2 + DJ^2)^1/2) / 2 + PE
    Total System Jitter     (TSJ):    0.071ns
    Discrete Jitter          (DJ):    0.312ns
    Phase Error              (PE):    0.000ns
  Clock Net Delay (Source):      2.356ns (routing 1.045ns, distribution 1.311ns)
  Clock Net Delay (Destination): 2.277ns (routing 0.955ns, distribution 1.322ns)

    Location             Delay type                Incr(ns)  Path(ns)    Netlist Resource(s)
  -------------------------------------------------------------------    -------------------
                         (clock clk_pl_0 rise edge)
                                                      0.000     0.000 r  
    PS8_X0Y0             PS8                          0.000     0.000 r  karatsuba_1_i/zynq_ultra_ps_e_0/inst/PS8_i/PLCLK[0]
                         net (fo=1, routed)           0.229     0.229    karatsuba_1_i/zynq_ultra_ps_e_0/inst/pl_clk_unbuffered[0]
    BUFG_PS_X0Y80        BUFG_PS (Prop_BUFG_PS_I_O)
                                                      0.038     0.267 r  karatsuba_1_i/zynq_ultra_ps_e_0/inst/buffer_pl_clk_0.PL_CLK_0_BUFG/O
    X0Y1 (CLOCK_ROOT)    net (fo=5362, routed)        2.356     2.623    karatsuba_1_i/rst_ps8_0_99M/U0/slowest_sync_clk
    SLICE_X9Y118         FDRE                                         r  karatsuba_1_i/rst_ps8_0_99M/U0/ACTIVE_LOW_PR_OUT_DFF[0].FDRE_PER_N/C
  -------------------------------------------------------------------    -------------------
    SLICE_X9Y118         FDRE (Prop_AFF_SLICEL_C_Q)
                                                      0.114     2.737 r  karatsuba_1_i/rst_ps8_0_99M/U0/ACTIVE_LOW_PR_OUT_DFF[0].FDRE_PER_N/Q
                         net (fo=1236, routed)        2.844     5.581    karatsuba_1_i/karatsuba_mult_ip_0/inst/karatsuba_mult_ip_slave_lite_v1_0_S00_AXI_inst/karatsuba_mult_inst/s00_axi_aresetn
    SLICE_X27Y96         FDCE                                         f  karatsuba_1_i/karatsuba_mult_ip_0/inst/karatsuba_mult_ip_slave_lite_v1_0_S00_AXI_inst/karatsuba_mult_inst/FSM_onehot_state_reg[1]/CLR  (IS_INVERTED)
  -------------------------------------------------------------------    -------------------

                         (clock clk_pl_0 rise edge)
                                                     10.000    10.000 r  
    PS8_X0Y0             PS8                          0.000    10.000 r  karatsuba_1_i/zynq_ultra_ps_e_0/inst/PS8_i/PLCLK[0]
                         net (fo=1, routed)           0.181    10.181    karatsuba_1_i/zynq_ultra_ps_e_0/inst/pl_clk_unbuffered[0]
    BUFG_PS_X0Y80        BUFG_PS (Prop_BUFG_PS_I_O)
                                                      0.035    10.216 r  karatsuba_1_i/zynq_ultra_ps_e_0/inst/buffer_pl_clk_0.PL_CLK_0_BUFG/O
    X0Y1 (CLOCK_ROOT)    net (fo=5362, routed)        2.277    12.493    karatsuba_1_i/karatsuba_mult_ip_0/inst/karatsuba_mult_ip_slave_lite_v1_0_S00_AXI_inst/karatsuba_mult_inst/s00_axi_aclk
    SLICE_X27Y96         FDCE                                         r  karatsuba_1_i/karatsuba_mult_ip_0/inst/karatsuba_mult_ip_slave_lite_v1_0_S00_AXI_inst/karatsuba_mult_inst/FSM_onehot_state_reg[1]/C
                         clock pessimism              0.195    12.688    
                         clock uncertainty           -0.160    12.528    
    SLICE_X27Y96         FDCE (Recov_EFF_SLICEL_C_CLR)
                                                     -0.093    12.435    karatsuba_1_i/karatsuba_mult_ip_0/inst/karatsuba_mult_ip_slave_lite_v1_0_S00_AXI_inst/karatsuba_mult_inst/FSM_onehot_state_reg[1]
  -------------------------------------------------------------------
                         required time                         12.435    
                         arrival time                          -5.581    
  -------------------------------------------------------------------
                         slack                                  6.854    

Slack (MET) :             6.854ns  (required time - arrival time)
  Source:                 karatsuba_1_i/rst_ps8_0_99M/U0/ACTIVE_LOW_PR_OUT_DFF[0].FDRE_PER_N/C
                            (rising edge-triggered cell FDRE clocked by clk_pl_0  {rise@0.000ns fall@5.000ns period=10.000ns})
  Destination:            karatsuba_1_i/karatsuba_mult_ip_0/inst/karatsuba_mult_ip_slave_lite_v1_0_S00_AXI_inst/karatsuba_mult_inst/FSM_onehot_state_reg[2]/CLR
                            (recovery check against rising-edge clock clk_pl_0  {rise@0.000ns fall@5.000ns period=10.000ns})
  Path Group:             **async_default**
  Path Type:              Recovery (Max at Slow Process Corner)
  Requirement:            10.000ns  (clk_pl_0 rise@10.000ns - clk_pl_0 rise@0.000ns)
  Data Path Delay:        2.958ns  (logic 0.114ns (3.854%)  route 2.844ns (96.146%))
  Logic Levels:           0  
  Clock Path Skew:        0.065ns (DCD - SCD + CPR)
    Destination Clock Delay (DCD):    2.493ns = ( 12.493 - 10.000 ) 
    Source Clock Delay      (SCD):    2.623ns
    Clock Pessimism Removal (CPR):    0.195ns
  Clock Uncertainty:      0.160ns  ((TSJ^2 + DJ^2)^1/2) / 2 + PE
    Total System Jitter     (TSJ):    0.071ns
    Discrete Jitter          (DJ):    0.312ns
    Phase Error              (PE):    0.000ns
  Clock Net Delay (Source):      2.356ns (routing 1.045ns, distribution 1.311ns)
  Clock Net Delay (Destination): 2.277ns (routing 0.955ns, distribution 1.322ns)

    Location             Delay type                Incr(ns)  Path(ns)    Netlist Resource(s)
  -------------------------------------------------------------------    -------------------
                         (clock clk_pl_0 rise edge)
                                                      0.000     0.000 r  
    PS8_X0Y0             PS8                          0.000     0.000 r  karatsuba_1_i/zynq_ultra_ps_e_0/inst/PS8_i/PLCLK[0]
                         net (fo=1, routed)           0.229     0.229    karatsuba_1_i/zynq_ultra_ps_e_0/inst/pl_clk_unbuffered[0]
    BUFG_PS_X0Y80        BUFG_PS (Prop_BUFG_PS_I_O)
                                                      0.038     0.267 r  karatsuba_1_i/zynq_ultra_ps_e_0/inst/buffer_pl_clk_0.PL_CLK_0_BUFG/O
    X0Y1 (CLOCK_ROOT)    net (fo=5362, routed)        2.356     2.623    karatsuba_1_i/rst_ps8_0_99M/U0/slowest_sync_clk
    SLICE_X9Y118         FDRE                                         r  karatsuba_1_i/rst_ps8_0_99M/U0/ACTIVE_LOW_PR_OUT_DFF[0].FDRE_PER_N/C
  -------------------------------------------------------------------    -------------------
    SLICE_X9Y118         FDRE (Prop_AFF_SLICEL_C_Q)
                                                      0.114     2.737 r  karatsuba_1_i/rst_ps8_0_99M/U0/ACTIVE_LOW_PR_OUT_DFF[0].FDRE_PER_N/Q
                         net (fo=1236, routed)        2.844     5.581    karatsuba_1_i/karatsuba_mult_ip_0/inst/karatsuba_mult_ip_slave_lite_v1_0_S00_AXI_inst/karatsuba_mult_inst/s00_axi_aresetn
    SLICE_X27Y96         FDCE                                         f  karatsuba_1_i/karatsuba_mult_ip_0/inst/karatsuba_mult_ip_slave_lite_v1_0_S00_AXI_inst/karatsuba_mult_inst/FSM_onehot_state_reg[2]/CLR  (IS_INVERTED)
  -------------------------------------------------------------------    -------------------

                         (clock clk_pl_0 rise edge)
                                                     10.000    10.000 r  
    PS8_X0Y0             PS8                          0.000    10.000 r  karatsuba_1_i/zynq_ultra_ps_e_0/inst/PS8_i/PLCLK[0]
                         net (fo=1, routed)           0.181    10.181    karatsuba_1_i/zynq_ultra_ps_e_0/inst/pl_clk_unbuffered[0]
    BUFG_PS_X0Y80        BUFG_PS (Prop_BUFG_PS_I_O)
                                                      0.035    10.216 r  karatsuba_1_i/zynq_ultra_ps_e_0/inst/buffer_pl_clk_0.PL_CLK_0_BUFG/O
    X0Y1 (CLOCK_ROOT)    net (fo=5362, routed)        2.277    12.493    karatsuba_1_i/karatsuba_mult_ip_0/inst/karatsuba_mult_ip_slave_lite_v1_0_S00_AXI_inst/karatsuba_mult_inst/s00_axi_aclk
    SLICE_X27Y96         FDCE                                         r  karatsuba_1_i/karatsuba_mult_ip_0/inst/karatsuba_mult_ip_slave_lite_v1_0_S00_AXI_inst/karatsuba_mult_inst/FSM_onehot_state_reg[2]/C
                         clock pessimism              0.195    12.688    
                         clock uncertainty           -0.160    12.528    
    SLICE_X27Y96         FDCE (Recov_EFF2_SLICEL_C_CLR)
                                                     -0.093    12.435    karatsuba_1_i/karatsuba_mult_ip_0/inst/karatsuba_mult_ip_slave_lite_v1_0_S00_AXI_inst/karatsuba_mult_inst/FSM_onehot_state_reg[2]
  -------------------------------------------------------------------
                         required time                         12.435    
                         arrival time                          -5.581    
  -------------------------------------------------------------------
                         slack                                  6.854    

Slack (MET) :             7.715ns  (required time - arrival time)
  Source:                 karatsuba_1_i/rst_ps8_0_99M/U0/ACTIVE_LOW_PR_OUT_DFF[0].FDRE_PER_N/C
                            (rising edge-triggered cell FDRE clocked by clk_pl_0  {rise@0.000ns fall@5.000ns period=10.000ns})
  Destination:            karatsuba_1_i/karatsuba_mult_ip_0/inst/karatsuba_mult_ip_slave_lite_v1_0_S00_AXI_inst/karatsuba_mult_inst/result_reg[11]/CLR
                            (recovery check against rising-edge clock clk_pl_0  {rise@0.000ns fall@5.000ns period=10.000ns})
  Path Group:             **async_default**
  Path Type:              Recovery (Max at Slow Process Corner)
  Requirement:            10.000ns  (clk_pl_0 rise@10.000ns - clk_pl_0 rise@0.000ns)
  Data Path Delay:        2.085ns  (logic 0.114ns (5.467%)  route 1.971ns (94.533%))
  Logic Levels:           0  
  Clock Path Skew:        0.053ns (DCD - SCD + CPR)
    Destination Clock Delay (DCD):    2.481ns = ( 12.481 - 10.000 ) 
    Source Clock Delay      (SCD):    2.623ns
    Clock Pessimism Removal (CPR):    0.195ns
  Clock Uncertainty:      0.160ns  ((TSJ^2 + DJ^2)^1/2) / 2 + PE
    Total System Jitter     (TSJ):    0.071ns
    Discrete Jitter          (DJ):    0.312ns
    Phase Error              (PE):    0.000ns
  Clock Net Delay (Source):      2.356ns (routing 1.045ns, distribution 1.311ns)
  Clock Net Delay (Destination): 2.265ns (routing 0.955ns, distribution 1.310ns)

    Location             Delay type                Incr(ns)  Path(ns)    Netlist Resource(s)
  -------------------------------------------------------------------    -------------------
                         (clock clk_pl_0 rise edge)
                                                      0.000     0.000 r  
    PS8_X0Y0             PS8                          0.000     0.000 r  karatsuba_1_i/zynq_ultra_ps_e_0/inst/PS8_i/PLCLK[0]
                         net (fo=1, routed)           0.229     0.229    karatsuba_1_i/zynq_ultra_ps_e_0/inst/pl_clk_unbuffered[0]
    BUFG_PS_X0Y80        BUFG_PS (Prop_BUFG_PS_I_O)
                                                      0.038     0.267 r  karatsuba_1_i/zynq_ultra_ps_e_0/inst/buffer_pl_clk_0.PL_CLK_0_BUFG/O
    X0Y1 (CLOCK_ROOT)    net (fo=5362, routed)        2.356     2.623    karatsuba_1_i/rst_ps8_0_99M/U0/slowest_sync_clk
    SLICE_X9Y118         FDRE                                         r  karatsuba_1_i/rst_ps8_0_99M/U0/ACTIVE_LOW_PR_OUT_DFF[0].FDRE_PER_N/C
  -------------------------------------------------------------------    -------------------
    SLICE_X9Y118         FDRE (Prop_AFF_SLICEL_C_Q)
                                                      0.114     2.737 r  karatsuba_1_i/rst_ps8_0_99M/U0/ACTIVE_LOW_PR_OUT_DFF[0].FDRE_PER_N/Q
                         net (fo=1236, routed)        1.971     4.708    karatsuba_1_i/karatsuba_mult_ip_0/inst/karatsuba_mult_ip_slave_lite_v1_0_S00_AXI_inst/karatsuba_mult_inst/s00_axi_aresetn
    SLICE_X24Y92         FDCE                                         f  karatsuba_1_i/karatsuba_mult_ip_0/inst/karatsuba_mult_ip_slave_lite_v1_0_S00_AXI_inst/karatsuba_mult_inst/result_reg[11]/CLR  (IS_INVERTED)
  -------------------------------------------------------------------    -------------------

                         (clock clk_pl_0 rise edge)
                                                     10.000    10.000 r  
    PS8_X0Y0             PS8                          0.000    10.000 r  karatsuba_1_i/zynq_ultra_ps_e_0/inst/PS8_i/PLCLK[0]
                         net (fo=1, routed)           0.181    10.181    karatsuba_1_i/zynq_ultra_ps_e_0/inst/pl_clk_unbuffered[0]
    BUFG_PS_X0Y80        BUFG_PS (Prop_BUFG_PS_I_O)
                                                      0.035    10.216 r  karatsuba_1_i/zynq_ultra_ps_e_0/inst/buffer_pl_clk_0.PL_CLK_0_BUFG/O
    X0Y1 (CLOCK_ROOT)    net (fo=5362, routed)        2.265    12.481    karatsuba_1_i/karatsuba_mult_ip_0/inst/karatsuba_mult_ip_slave_lite_v1_0_S00_AXI_inst/karatsuba_mult_inst/s00_axi_aclk
    SLICE_X24Y92         FDCE                                         r  karatsuba_1_i/karatsuba_mult_ip_0/inst/karatsuba_mult_ip_slave_lite_v1_0_S00_AXI_inst/karatsuba_mult_inst/result_reg[11]/C
                         clock pessimism              0.195    12.676    
                         clock uncertainty           -0.160    12.516    
    SLICE_X24Y92         FDCE (Recov_DFF_SLICEM_C_CLR)
                                                     -0.093    12.423    karatsuba_1_i/karatsuba_mult_ip_0/inst/karatsuba_mult_ip_slave_lite_v1_0_S00_AXI_inst/karatsuba_mult_inst/result_reg[11]
  -------------------------------------------------------------------
                         required time                         12.423    
                         arrival time                          -4.708    
  -------------------------------------------------------------------
                         slack                                  7.715    

Slack (MET) :             7.715ns  (required time - arrival time)
  Source:                 karatsuba_1_i/rst_ps8_0_99M/U0/ACTIVE_LOW_PR_OUT_DFF[0].FDRE_PER_N/C
                            (rising edge-triggered cell FDRE clocked by clk_pl_0  {rise@0.000ns fall@5.000ns period=10.000ns})
  Destination:            karatsuba_1_i/karatsuba_mult_ip_0/inst/karatsuba_mult_ip_slave_lite_v1_0_S00_AXI_inst/karatsuba_mult_inst/result_reg[12]/CLR
                            (recovery check against rising-edge clock clk_pl_0  {rise@0.000ns fall@5.000ns period=10.000ns})
  Path Group:             **async_default**
  Path Type:              Recovery (Max at Slow Process Corner)
  Requirement:            10.000ns  (clk_pl_0 rise@10.000ns - clk_pl_0 rise@0.000ns)
  Data Path Delay:        2.085ns  (logic 0.114ns (5.467%)  route 1.971ns (94.533%))
  Logic Levels:           0  
  Clock Path Skew:        0.053ns (DCD - SCD + CPR)
    Destination Clock Delay (DCD):    2.481ns = ( 12.481 - 10.000 ) 
    Source Clock Delay      (SCD):    2.623ns
    Clock Pessimism Removal (CPR):    0.195ns
  Clock Uncertainty:      0.160ns  ((TSJ^2 + DJ^2)^1/2) / 2 + PE
    Total System Jitter     (TSJ):    0.071ns
    Discrete Jitter          (DJ):    0.312ns
    Phase Error              (PE):    0.000ns
  Clock Net Delay (Source):      2.356ns (routing 1.045ns, distribution 1.311ns)
  Clock Net Delay (Destination): 2.265ns (routing 0.955ns, distribution 1.310ns)

    Location             Delay type                Incr(ns)  Path(ns)    Netlist Resource(s)
  -------------------------------------------------------------------    -------------------
                         (clock clk_pl_0 rise edge)
                                                      0.000     0.000 r  
    PS8_X0Y0             PS8                          0.000     0.000 r  karatsuba_1_i/zynq_ultra_ps_e_0/inst/PS8_i/PLCLK[0]
                         net (fo=1, routed)           0.229     0.229    karatsuba_1_i/zynq_ultra_ps_e_0/inst/pl_clk_unbuffered[0]
    BUFG_PS_X0Y80        BUFG_PS (Prop_BUFG_PS_I_O)
                                                      0.038     0.267 r  karatsuba_1_i/zynq_ultra_ps_e_0/inst/buffer_pl_clk_0.PL_CLK_0_BUFG/O
    X0Y1 (CLOCK_ROOT)    net (fo=5362, routed)        2.356     2.623    karatsuba_1_i/rst_ps8_0_99M/U0/slowest_sync_clk
    SLICE_X9Y118         FDRE                                         r  karatsuba_1_i/rst_ps8_0_99M/U0/ACTIVE_LOW_PR_OUT_DFF[0].FDRE_PER_N/C
  -------------------------------------------------------------------    -------------------
    SLICE_X9Y118         FDRE (Prop_AFF_SLICEL_C_Q)
                                                      0.114     2.737 r  karatsuba_1_i/rst_ps8_0_99M/U0/ACTIVE_LOW_PR_OUT_DFF[0].FDRE_PER_N/Q
                         net (fo=1236, routed)        1.971     4.708    karatsuba_1_i/karatsuba_mult_ip_0/inst/karatsuba_mult_ip_slave_lite_v1_0_S00_AXI_inst/karatsuba_mult_inst/s00_axi_aresetn
    SLICE_X24Y92         FDCE                                         f  karatsuba_1_i/karatsuba_mult_ip_0/inst/karatsuba_mult_ip_slave_lite_v1_0_S00_AXI_inst/karatsuba_mult_inst/result_reg[12]/CLR  (IS_INVERTED)
  -------------------------------------------------------------------    -------------------

                         (clock clk_pl_0 rise edge)
                                                     10.000    10.000 r  
    PS8_X0Y0             PS8                          0.000    10.000 r  karatsuba_1_i/zynq_ultra_ps_e_0/inst/PS8_i/PLCLK[0]
                         net (fo=1, routed)           0.181    10.181    karatsuba_1_i/zynq_ultra_ps_e_0/inst/pl_clk_unbuffered[0]
    BUFG_PS_X0Y80        BUFG_PS (Prop_BUFG_PS_I_O)
                                                      0.035    10.216 r  karatsuba_1_i/zynq_ultra_ps_e_0/inst/buffer_pl_clk_0.PL_CLK_0_BUFG/O
    X0Y1 (CLOCK_ROOT)    net (fo=5362, routed)        2.265    12.481    karatsuba_1_i/karatsuba_mult_ip_0/inst/karatsuba_mult_ip_slave_lite_v1_0_S00_AXI_inst/karatsuba_mult_inst/s00_axi_aclk
    SLICE_X24Y92         FDCE                                         r  karatsuba_1_i/karatsuba_mult_ip_0/inst/karatsuba_mult_ip_slave_lite_v1_0_S00_AXI_inst/karatsuba_mult_inst/result_reg[12]/C
                         clock pessimism              0.195    12.676    
                         clock uncertainty           -0.160    12.516    
    SLICE_X24Y92         FDCE (Recov_DFF2_SLICEM_C_CLR)
                                                     -0.093    12.423    karatsuba_1_i/karatsuba_mult_ip_0/inst/karatsuba_mult_ip_slave_lite_v1_0_S00_AXI_inst/karatsuba_mult_inst/result_reg[12]
  -------------------------------------------------------------------
                         required time                         12.423    
                         arrival time                          -4.708    
  -------------------------------------------------------------------
                         slack                                  7.715    

Slack (MET) :             7.721ns  (required time - arrival time)
  Source:                 karatsuba_1_i/rst_ps8_0_99M/U0/ACTIVE_LOW_PR_OUT_DFF[0].FDRE_PER_N/C
                            (rising edge-triggered cell FDRE clocked by clk_pl_0  {rise@0.000ns fall@5.000ns period=10.000ns})
  Destination:            karatsuba_1_i/karatsuba_mult_ip_0/inst/karatsuba_mult_ip_slave_lite_v1_0_S00_AXI_inst/karatsuba_mult_inst/result_reg[1]/CLR
                            (recovery check against rising-edge clock clk_pl_0  {rise@0.000ns fall@5.000ns period=10.000ns})
  Path Group:             **async_default**
  Path Type:              Recovery (Max at Slow Process Corner)
  Requirement:            10.000ns  (clk_pl_0 rise@10.000ns - clk_pl_0 rise@0.000ns)
  Data Path Delay:        2.084ns  (logic 0.114ns (5.469%)  route 1.970ns (94.531%))
  Logic Levels:           0  
  Clock Path Skew:        0.058ns (DCD - SCD + CPR)
    Destination Clock Delay (DCD):    2.486ns = ( 12.486 - 10.000 ) 
    Source Clock Delay      (SCD):    2.623ns
    Clock Pessimism Removal (CPR):    0.195ns
  Clock Uncertainty:      0.160ns  ((TSJ^2 + DJ^2)^1/2) / 2 + PE
    Total System Jitter     (TSJ):    0.071ns
    Discrete Jitter          (DJ):    0.312ns
    Phase Error              (PE):    0.000ns
  Clock Net Delay (Source):      2.356ns (routing 1.045ns, distribution 1.311ns)
  Clock Net Delay (Destination): 2.270ns (routing 0.955ns, distribution 1.315ns)

    Location             Delay type                Incr(ns)  Path(ns)    Netlist Resource(s)
  -------------------------------------------------------------------    -------------------
                         (clock clk_pl_0 rise edge)
                                                      0.000     0.000 r  
    PS8_X0Y0             PS8                          0.000     0.000 r  karatsuba_1_i/zynq_ultra_ps_e_0/inst/PS8_i/PLCLK[0]
                         net (fo=1, routed)           0.229     0.229    karatsuba_1_i/zynq_ultra_ps_e_0/inst/pl_clk_unbuffered[0]
    BUFG_PS_X0Y80        BUFG_PS (Prop_BUFG_PS_I_O)
                                                      0.038     0.267 r  karatsuba_1_i/zynq_ultra_ps_e_0/inst/buffer_pl_clk_0.PL_CLK_0_BUFG/O
    X0Y1 (CLOCK_ROOT)    net (fo=5362, routed)        2.356     2.623    karatsuba_1_i/rst_ps8_0_99M/U0/slowest_sync_clk
    SLICE_X9Y118         FDRE                                         r  karatsuba_1_i/rst_ps8_0_99M/U0/ACTIVE_LOW_PR_OUT_DFF[0].FDRE_PER_N/C
  -------------------------------------------------------------------    -------------------
    SLICE_X9Y118         FDRE (Prop_AFF_SLICEL_C_Q)
                                                      0.114     2.737 r  karatsuba_1_i/rst_ps8_0_99M/U0/ACTIVE_LOW_PR_OUT_DFF[0].FDRE_PER_N/Q
                         net (fo=1236, routed)        1.970     4.707    karatsuba_1_i/karatsuba_mult_ip_0/inst/karatsuba_mult_ip_slave_lite_v1_0_S00_AXI_inst/karatsuba_mult_inst/s00_axi_aresetn
    SLICE_X24Y91         FDCE                                         f  karatsuba_1_i/karatsuba_mult_ip_0/inst/karatsuba_mult_ip_slave_lite_v1_0_S00_AXI_inst/karatsuba_mult_inst/result_reg[1]/CLR  (IS_INVERTED)
  -------------------------------------------------------------------    -------------------

                         (clock clk_pl_0 rise edge)
                                                     10.000    10.000 r  
    PS8_X0Y0             PS8                          0.000    10.000 r  karatsuba_1_i/zynq_ultra_ps_e_0/inst/PS8_i/PLCLK[0]
                         net (fo=1, routed)           0.181    10.181    karatsuba_1_i/zynq_ultra_ps_e_0/inst/pl_clk_unbuffered[0]
    BUFG_PS_X0Y80        BUFG_PS (Prop_BUFG_PS_I_O)
                                                      0.035    10.216 r  karatsuba_1_i/zynq_ultra_ps_e_0/inst/buffer_pl_clk_0.PL_CLK_0_BUFG/O
    X0Y1 (CLOCK_ROOT)    net (fo=5362, routed)        2.270    12.486    karatsuba_1_i/karatsuba_mult_ip_0/inst/karatsuba_mult_ip_slave_lite_v1_0_S00_AXI_inst/karatsuba_mult_inst/s00_axi_aclk
    SLICE_X24Y91         FDCE                                         r  karatsuba_1_i/karatsuba_mult_ip_0/inst/karatsuba_mult_ip_slave_lite_v1_0_S00_AXI_inst/karatsuba_mult_inst/result_reg[1]/C
                         clock pessimism              0.195    12.681    
                         clock uncertainty           -0.160    12.521    
    SLICE_X24Y91         FDCE (Recov_DFF_SLICEM_C_CLR)
                                                     -0.093    12.428    karatsuba_1_i/karatsuba_mult_ip_0/inst/karatsuba_mult_ip_slave_lite_v1_0_S00_AXI_inst/karatsuba_mult_inst/result_reg[1]
  -------------------------------------------------------------------
                         required time                         12.428    
                         arrival time                          -4.707    
  -------------------------------------------------------------------
                         slack                                  7.721    

Slack (MET) :             7.721ns  (required time - arrival time)
  Source:                 karatsuba_1_i/rst_ps8_0_99M/U0/ACTIVE_LOW_PR_OUT_DFF[0].FDRE_PER_N/C
                            (rising edge-triggered cell FDRE clocked by clk_pl_0  {rise@0.000ns fall@5.000ns period=10.000ns})
  Destination:            karatsuba_1_i/karatsuba_mult_ip_0/inst/karatsuba_mult_ip_slave_lite_v1_0_S00_AXI_inst/karatsuba_mult_inst/result_reg[2]/CLR
                            (recovery check against rising-edge clock clk_pl_0  {rise@0.000ns fall@5.000ns period=10.000ns})
  Path Group:             **async_default**
  Path Type:              Recovery (Max at Slow Process Corner)
  Requirement:            10.000ns  (clk_pl_0 rise@10.000ns - clk_pl_0 rise@0.000ns)
  Data Path Delay:        2.084ns  (logic 0.114ns (5.469%)  route 1.970ns (94.531%))
  Logic Levels:           0  
  Clock Path Skew:        0.058ns (DCD - SCD + CPR)
    Destination Clock Delay (DCD):    2.486ns = ( 12.486 - 10.000 ) 
    Source Clock Delay      (SCD):    2.623ns
    Clock Pessimism Removal (CPR):    0.195ns
  Clock Uncertainty:      0.160ns  ((TSJ^2 + DJ^2)^1/2) / 2 + PE
    Total System Jitter     (TSJ):    0.071ns
    Discrete Jitter          (DJ):    0.312ns
    Phase Error              (PE):    0.000ns
  Clock Net Delay (Source):      2.356ns (routing 1.045ns, distribution 1.311ns)
  Clock Net Delay (Destination): 2.270ns (routing 0.955ns, distribution 1.315ns)

    Location             Delay type                Incr(ns)  Path(ns)    Netlist Resource(s)
  -------------------------------------------------------------------    -------------------
                         (clock clk_pl_0 rise edge)
                                                      0.000     0.000 r  
    PS8_X0Y0             PS8                          0.000     0.000 r  karatsuba_1_i/zynq_ultra_ps_e_0/inst/PS8_i/PLCLK[0]
                         net (fo=1, routed)           0.229     0.229    karatsuba_1_i/zynq_ultra_ps_e_0/inst/pl_clk_unbuffered[0]
    BUFG_PS_X0Y80        BUFG_PS (Prop_BUFG_PS_I_O)
                                                      0.038     0.267 r  karatsuba_1_i/zynq_ultra_ps_e_0/inst/buffer_pl_clk_0.PL_CLK_0_BUFG/O
    X0Y1 (CLOCK_ROOT)    net (fo=5362, routed)        2.356     2.623    karatsuba_1_i/rst_ps8_0_99M/U0/slowest_sync_clk
    SLICE_X9Y118         FDRE                                         r  karatsuba_1_i/rst_ps8_0_99M/U0/ACTIVE_LOW_PR_OUT_DFF[0].FDRE_PER_N/C
  -------------------------------------------------------------------    -------------------
    SLICE_X9Y118         FDRE (Prop_AFF_SLICEL_C_Q)
                                                      0.114     2.737 r  karatsuba_1_i/rst_ps8_0_99M/U0/ACTIVE_LOW_PR_OUT_DFF[0].FDRE_PER_N/Q
                         net (fo=1236, routed)        1.970     4.707    karatsuba_1_i/karatsuba_mult_ip_0/inst/karatsuba_mult_ip_slave_lite_v1_0_S00_AXI_inst/karatsuba_mult_inst/s00_axi_aresetn
    SLICE_X24Y91         FDCE                                         f  karatsuba_1_i/karatsuba_mult_ip_0/inst/karatsuba_mult_ip_slave_lite_v1_0_S00_AXI_inst/karatsuba_mult_inst/result_reg[2]/CLR  (IS_INVERTED)
  -------------------------------------------------------------------    -------------------

                         (clock clk_pl_0 rise edge)
                                                     10.000    10.000 r  
    PS8_X0Y0             PS8                          0.000    10.000 r  karatsuba_1_i/zynq_ultra_ps_e_0/inst/PS8_i/PLCLK[0]
                         net (fo=1, routed)           0.181    10.181    karatsuba_1_i/zynq_ultra_ps_e_0/inst/pl_clk_unbuffered[0]
    BUFG_PS_X0Y80        BUFG_PS (Prop_BUFG_PS_I_O)
                                                      0.035    10.216 r  karatsuba_1_i/zynq_ultra_ps_e_0/inst/buffer_pl_clk_0.PL_CLK_0_BUFG/O
    X0Y1 (CLOCK_ROOT)    net (fo=5362, routed)        2.270    12.486    karatsuba_1_i/karatsuba_mult_ip_0/inst/karatsuba_mult_ip_slave_lite_v1_0_S00_AXI_inst/karatsuba_mult_inst/s00_axi_aclk
    SLICE_X24Y91         FDCE                                         r  karatsuba_1_i/karatsuba_mult_ip_0/inst/karatsuba_mult_ip_slave_lite_v1_0_S00_AXI_inst/karatsuba_mult_inst/result_reg[2]/C
                         clock pessimism              0.195    12.681    
                         clock uncertainty           -0.160    12.521    
    SLICE_X24Y91         FDCE (Recov_DFF2_SLICEM_C_CLR)
                                                     -0.093    12.428    karatsuba_1_i/karatsuba_mult_ip_0/inst/karatsuba_mult_ip_slave_lite_v1_0_S00_AXI_inst/karatsuba_mult_inst/result_reg[2]
  -------------------------------------------------------------------
                         required time                         12.428    
                         arrival time                          -4.707    
  -------------------------------------------------------------------
                         slack                                  7.721    

Slack (MET) :             7.721ns  (required time - arrival time)
  Source:                 karatsuba_1_i/rst_ps8_0_99M/U0/ACTIVE_LOW_PR_OUT_DFF[0].FDRE_PER_N/C
                            (rising edge-triggered cell FDRE clocked by clk_pl_0  {rise@0.000ns fall@5.000ns period=10.000ns})
  Destination:            karatsuba_1_i/karatsuba_mult_ip_0/inst/karatsuba_mult_ip_slave_lite_v1_0_S00_AXI_inst/karatsuba_mult_inst/result_reg[7]/CLR
                            (recovery check against rising-edge clock clk_pl_0  {rise@0.000ns fall@5.000ns period=10.000ns})
  Path Group:             **async_default**
  Path Type:              Recovery (Max at Slow Process Corner)
  Requirement:            10.000ns  (clk_pl_0 rise@10.000ns - clk_pl_0 rise@0.000ns)
  Data Path Delay:        2.084ns  (logic 0.114ns (5.469%)  route 1.970ns (94.531%))
  Logic Levels:           0  
  Clock Path Skew:        0.058ns (DCD - SCD + CPR)
    Destination Clock Delay (DCD):    2.486ns = ( 12.486 - 10.000 ) 
    Source Clock Delay      (SCD):    2.623ns
    Clock Pessimism Removal (CPR):    0.195ns
  Clock Uncertainty:      0.160ns  ((TSJ^2 + DJ^2)^1/2) / 2 + PE
    Total System Jitter     (TSJ):    0.071ns
    Discrete Jitter          (DJ):    0.312ns
    Phase Error              (PE):    0.000ns
  Clock Net Delay (Source):      2.356ns (routing 1.045ns, distribution 1.311ns)
  Clock Net Delay (Destination): 2.270ns (routing 0.955ns, distribution 1.315ns)

    Location             Delay type                Incr(ns)  Path(ns)    Netlist Resource(s)
  -------------------------------------------------------------------    -------------------
                         (clock clk_pl_0 rise edge)
                                                      0.000     0.000 r  
    PS8_X0Y0             PS8                          0.000     0.000 r  karatsuba_1_i/zynq_ultra_ps_e_0/inst/PS8_i/PLCLK[0]
                         net (fo=1, routed)           0.229     0.229    karatsuba_1_i/zynq_ultra_ps_e_0/inst/pl_clk_unbuffered[0]
    BUFG_PS_X0Y80        BUFG_PS (Prop_BUFG_PS_I_O)
                                                      0.038     0.267 r  karatsuba_1_i/zynq_ultra_ps_e_0/inst/buffer_pl_clk_0.PL_CLK_0_BUFG/O
    X0Y1 (CLOCK_ROOT)    net (fo=5362, routed)        2.356     2.623    karatsuba_1_i/rst_ps8_0_99M/U0/slowest_sync_clk
    SLICE_X9Y118         FDRE                                         r  karatsuba_1_i/rst_ps8_0_99M/U0/ACTIVE_LOW_PR_OUT_DFF[0].FDRE_PER_N/C
  -------------------------------------------------------------------    -------------------
    SLICE_X9Y118         FDRE (Prop_AFF_SLICEL_C_Q)
                                                      0.114     2.737 r  karatsuba_1_i/rst_ps8_0_99M/U0/ACTIVE_LOW_PR_OUT_DFF[0].FDRE_PER_N/Q
                         net (fo=1236, routed)        1.970     4.707    karatsuba_1_i/karatsuba_mult_ip_0/inst/karatsuba_mult_ip_slave_lite_v1_0_S00_AXI_inst/karatsuba_mult_inst/s00_axi_aresetn
    SLICE_X24Y91         FDCE                                         f  karatsuba_1_i/karatsuba_mult_ip_0/inst/karatsuba_mult_ip_slave_lite_v1_0_S00_AXI_inst/karatsuba_mult_inst/result_reg[7]/CLR  (IS_INVERTED)
  -------------------------------------------------------------------    -------------------

                         (clock clk_pl_0 rise edge)
                                                     10.000    10.000 r  
    PS8_X0Y0             PS8                          0.000    10.000 r  karatsuba_1_i/zynq_ultra_ps_e_0/inst/PS8_i/PLCLK[0]
                         net (fo=1, routed)           0.181    10.181    karatsuba_1_i/zynq_ultra_ps_e_0/inst/pl_clk_unbuffered[0]
    BUFG_PS_X0Y80        BUFG_PS (Prop_BUFG_PS_I_O)
                                                      0.035    10.216 r  karatsuba_1_i/zynq_ultra_ps_e_0/inst/buffer_pl_clk_0.PL_CLK_0_BUFG/O
    X0Y1 (CLOCK_ROOT)    net (fo=5362, routed)        2.270    12.486    karatsuba_1_i/karatsuba_mult_ip_0/inst/karatsuba_mult_ip_slave_lite_v1_0_S00_AXI_inst/karatsuba_mult_inst/s00_axi_aclk
    SLICE_X24Y91         FDCE                                         r  karatsuba_1_i/karatsuba_mult_ip_0/inst/karatsuba_mult_ip_slave_lite_v1_0_S00_AXI_inst/karatsuba_mult_inst/result_reg[7]/C
                         clock pessimism              0.195    12.681    
                         clock uncertainty           -0.160    12.521    
    SLICE_X24Y91         FDCE (Recov_CFF_SLICEM_C_CLR)
                                                     -0.093    12.428    karatsuba_1_i/karatsuba_mult_ip_0/inst/karatsuba_mult_ip_slave_lite_v1_0_S00_AXI_inst/karatsuba_mult_inst/result_reg[7]
  -------------------------------------------------------------------
                         required time                         12.428    
                         arrival time                          -4.707    
  -------------------------------------------------------------------
                         slack                                  7.721    

Slack (MET) :             7.721ns  (required time - arrival time)
  Source:                 karatsuba_1_i/rst_ps8_0_99M/U0/ACTIVE_LOW_PR_OUT_DFF[0].FDRE_PER_N/C
                            (rising edge-triggered cell FDRE clocked by clk_pl_0  {rise@0.000ns fall@5.000ns period=10.000ns})
  Destination:            karatsuba_1_i/karatsuba_mult_ip_0/inst/karatsuba_mult_ip_slave_lite_v1_0_S00_AXI_inst/karatsuba_mult_inst/result_reg[8]/CLR
                            (recovery check against rising-edge clock clk_pl_0  {rise@0.000ns fall@5.000ns period=10.000ns})
  Path Group:             **async_default**
  Path Type:              Recovery (Max at Slow Process Corner)
  Requirement:            10.000ns  (clk_pl_0 rise@10.000ns - clk_pl_0 rise@0.000ns)
  Data Path Delay:        2.084ns  (logic 0.114ns (5.469%)  route 1.970ns (94.531%))
  Logic Levels:           0  
  Clock Path Skew:        0.058ns (DCD - SCD + CPR)
    Destination Clock Delay (DCD):    2.486ns = ( 12.486 - 10.000 ) 
    Source Clock Delay      (SCD):    2.623ns
    Clock Pessimism Removal (CPR):    0.195ns
  Clock Uncertainty:      0.160ns  ((TSJ^2 + DJ^2)^1/2) / 2 + PE
    Total System Jitter     (TSJ):    0.071ns
    Discrete Jitter          (DJ):    0.312ns
    Phase Error              (PE):    0.000ns
  Clock Net Delay (Source):      2.356ns (routing 1.045ns, distribution 1.311ns)
  Clock Net Delay (Destination): 2.270ns (routing 0.955ns, distribution 1.315ns)

    Location             Delay type                Incr(ns)  Path(ns)    Netlist Resource(s)
  -------------------------------------------------------------------    -------------------
                         (clock clk_pl_0 rise edge)
                                                      0.000     0.000 r  
    PS8_X0Y0             PS8                          0.000     0.000 r  karatsuba_1_i/zynq_ultra_ps_e_0/inst/PS8_i/PLCLK[0]
                         net (fo=1, routed)           0.229     0.229    karatsuba_1_i/zynq_ultra_ps_e_0/inst/pl_clk_unbuffered[0]
    BUFG_PS_X0Y80        BUFG_PS (Prop_BUFG_PS_I_O)
                                                      0.038     0.267 r  karatsuba_1_i/zynq_ultra_ps_e_0/inst/buffer_pl_clk_0.PL_CLK_0_BUFG/O
    X0Y1 (CLOCK_ROOT)    net (fo=5362, routed)        2.356     2.623    karatsuba_1_i/rst_ps8_0_99M/U0/slowest_sync_clk
    SLICE_X9Y118         FDRE                                         r  karatsuba_1_i/rst_ps8_0_99M/U0/ACTIVE_LOW_PR_OUT_DFF[0].FDRE_PER_N/C
  -------------------------------------------------------------------    -------------------
    SLICE_X9Y118         FDRE (Prop_AFF_SLICEL_C_Q)
                                                      0.114     2.737 r  karatsuba_1_i/rst_ps8_0_99M/U0/ACTIVE_LOW_PR_OUT_DFF[0].FDRE_PER_N/Q
                         net (fo=1236, routed)        1.970     4.707    karatsuba_1_i/karatsuba_mult_ip_0/inst/karatsuba_mult_ip_slave_lite_v1_0_S00_AXI_inst/karatsuba_mult_inst/s00_axi_aresetn
    SLICE_X24Y91         FDCE                                         f  karatsuba_1_i/karatsuba_mult_ip_0/inst/karatsuba_mult_ip_slave_lite_v1_0_S00_AXI_inst/karatsuba_mult_inst/result_reg[8]/CLR  (IS_INVERTED)
  -------------------------------------------------------------------    -------------------

                         (clock clk_pl_0 rise edge)
                                                     10.000    10.000 r  
    PS8_X0Y0             PS8                          0.000    10.000 r  karatsuba_1_i/zynq_ultra_ps_e_0/inst/PS8_i/PLCLK[0]
                         net (fo=1, routed)           0.181    10.181    karatsuba_1_i/zynq_ultra_ps_e_0/inst/pl_clk_unbuffered[0]
    BUFG_PS_X0Y80        BUFG_PS (Prop_BUFG_PS_I_O)
                                                      0.035    10.216 r  karatsuba_1_i/zynq_ultra_ps_e_0/inst/buffer_pl_clk_0.PL_CLK_0_BUFG/O
    X0Y1 (CLOCK_ROOT)    net (fo=5362, routed)        2.270    12.486    karatsuba_1_i/karatsuba_mult_ip_0/inst/karatsuba_mult_ip_slave_lite_v1_0_S00_AXI_inst/karatsuba_mult_inst/s00_axi_aclk
    SLICE_X24Y91         FDCE                                         r  karatsuba_1_i/karatsuba_mult_ip_0/inst/karatsuba_mult_ip_slave_lite_v1_0_S00_AXI_inst/karatsuba_mult_inst/result_reg[8]/C
                         clock pessimism              0.195    12.681    
                         clock uncertainty           -0.160    12.521    
    SLICE_X24Y91         FDCE (Recov_CFF2_SLICEM_C_CLR)
                                                     -0.093    12.428    karatsuba_1_i/karatsuba_mult_ip_0/inst/karatsuba_mult_ip_slave_lite_v1_0_S00_AXI_inst/karatsuba_mult_inst/result_reg[8]
  -------------------------------------------------------------------
                         required time                         12.428    
                         arrival time                          -4.707    
  -------------------------------------------------------------------
                         slack                                  7.721    

Slack (MET) :             7.765ns  (required time - arrival time)
  Source:                 karatsuba_1_i/rst_ps8_0_99M/U0/ACTIVE_LOW_PR_OUT_DFF[0].FDRE_PER_N/C
                            (rising edge-triggered cell FDRE clocked by clk_pl_0  {rise@0.000ns fall@5.000ns period=10.000ns})
  Destination:            karatsuba_1_i/karatsuba_mult_ip_0/inst/karatsuba_mult_ip_slave_lite_v1_0_S00_AXI_inst/karatsuba_mult_inst/result_reg[3]/CLR
                            (recovery check against rising-edge clock clk_pl_0  {rise@0.000ns fall@5.000ns period=10.000ns})
  Path Group:             **async_default**
  Path Type:              Recovery (Max at Slow Process Corner)
  Requirement:            10.000ns  (clk_pl_0 rise@10.000ns - clk_pl_0 rise@0.000ns)
  Data Path Delay:        2.027ns  (logic 0.114ns (5.624%)  route 1.913ns (94.376%))
  Logic Levels:           0  
  Clock Path Skew:        0.045ns (DCD - SCD + CPR)
    Destination Clock Delay (DCD):    2.473ns = ( 12.473 - 10.000 ) 
    Source Clock Delay      (SCD):    2.623ns
    Clock Pessimism Removal (CPR):    0.195ns
  Clock Uncertainty:      0.160ns  ((TSJ^2 + DJ^2)^1/2) / 2 + PE
    Total System Jitter     (TSJ):    0.071ns
    Discrete Jitter          (DJ):    0.312ns
    Phase Error              (PE):    0.000ns
  Clock Net Delay (Source):      2.356ns (routing 1.045ns, distribution 1.311ns)
  Clock Net Delay (Destination): 2.257ns (routing 0.955ns, distribution 1.302ns)

    Location             Delay type                Incr(ns)  Path(ns)    Netlist Resource(s)
  -------------------------------------------------------------------    -------------------
                         (clock clk_pl_0 rise edge)
                                                      0.000     0.000 r  
    PS8_X0Y0             PS8                          0.000     0.000 r  karatsuba_1_i/zynq_ultra_ps_e_0/inst/PS8_i/PLCLK[0]
                         net (fo=1, routed)           0.229     0.229    karatsuba_1_i/zynq_ultra_ps_e_0/inst/pl_clk_unbuffered[0]
    BUFG_PS_X0Y80        BUFG_PS (Prop_BUFG_PS_I_O)
                                                      0.038     0.267 r  karatsuba_1_i/zynq_ultra_ps_e_0/inst/buffer_pl_clk_0.PL_CLK_0_BUFG/O
    X0Y1 (CLOCK_ROOT)    net (fo=5362, routed)        2.356     2.623    karatsuba_1_i/rst_ps8_0_99M/U0/slowest_sync_clk
    SLICE_X9Y118         FDRE                                         r  karatsuba_1_i/rst_ps8_0_99M/U0/ACTIVE_LOW_PR_OUT_DFF[0].FDRE_PER_N/C
  -------------------------------------------------------------------    -------------------
    SLICE_X9Y118         FDRE (Prop_AFF_SLICEL_C_Q)
                                                      0.114     2.737 r  karatsuba_1_i/rst_ps8_0_99M/U0/ACTIVE_LOW_PR_OUT_DFF[0].FDRE_PER_N/Q
                         net (fo=1236, routed)        1.913     4.650    karatsuba_1_i/karatsuba_mult_ip_0/inst/karatsuba_mult_ip_slave_lite_v1_0_S00_AXI_inst/karatsuba_mult_inst/s00_axi_aresetn
    SLICE_X23Y93         FDCE                                         f  karatsuba_1_i/karatsuba_mult_ip_0/inst/karatsuba_mult_ip_slave_lite_v1_0_S00_AXI_inst/karatsuba_mult_inst/result_reg[3]/CLR  (IS_INVERTED)
  -------------------------------------------------------------------    -------------------

                         (clock clk_pl_0 rise edge)
                                                     10.000    10.000 r  
    PS8_X0Y0             PS8                          0.000    10.000 r  karatsuba_1_i/zynq_ultra_ps_e_0/inst/PS8_i/PLCLK[0]
                         net (fo=1, routed)           0.181    10.181    karatsuba_1_i/zynq_ultra_ps_e_0/inst/pl_clk_unbuffered[0]
    BUFG_PS_X0Y80        BUFG_PS (Prop_BUFG_PS_I_O)
                                                      0.035    10.216 r  karatsuba_1_i/zynq_ultra_ps_e_0/inst/buffer_pl_clk_0.PL_CLK_0_BUFG/O
    X0Y1 (CLOCK_ROOT)    net (fo=5362, routed)        2.257    12.473    karatsuba_1_i/karatsuba_mult_ip_0/inst/karatsuba_mult_ip_slave_lite_v1_0_S00_AXI_inst/karatsuba_mult_inst/s00_axi_aclk
    SLICE_X23Y93         FDCE                                         r  karatsuba_1_i/karatsuba_mult_ip_0/inst/karatsuba_mult_ip_slave_lite_v1_0_S00_AXI_inst/karatsuba_mult_inst/result_reg[3]/C
                         clock pessimism              0.195    12.668    
                         clock uncertainty           -0.160    12.508    
    SLICE_X23Y93         FDCE (Recov_DFF_SLICEL_C_CLR)
                                                     -0.093    12.415    karatsuba_1_i/karatsuba_mult_ip_0/inst/karatsuba_mult_ip_slave_lite_v1_0_S00_AXI_inst/karatsuba_mult_inst/result_reg[3]
  -------------------------------------------------------------------
                         required time                         12.415    
                         arrival time                          -4.650    
  -------------------------------------------------------------------
                         slack                                  7.765    

Slack (MET) :             7.765ns  (required time - arrival time)
  Source:                 karatsuba_1_i/rst_ps8_0_99M/U0/ACTIVE_LOW_PR_OUT_DFF[0].FDRE_PER_N/C
                            (rising edge-triggered cell FDRE clocked by clk_pl_0  {rise@0.000ns fall@5.000ns period=10.000ns})
  Destination:            karatsuba_1_i/karatsuba_mult_ip_0/inst/karatsuba_mult_ip_slave_lite_v1_0_S00_AXI_inst/karatsuba_mult_inst/result_reg[4]/CLR
                            (recovery check against rising-edge clock clk_pl_0  {rise@0.000ns fall@5.000ns period=10.000ns})
  Path Group:             **async_default**
  Path Type:              Recovery (Max at Slow Process Corner)
  Requirement:            10.000ns  (clk_pl_0 rise@10.000ns - clk_pl_0 rise@0.000ns)
  Data Path Delay:        2.027ns  (logic 0.114ns (5.624%)  route 1.913ns (94.376%))
  Logic Levels:           0  
  Clock Path Skew:        0.045ns (DCD - SCD + CPR)
    Destination Clock Delay (DCD):    2.473ns = ( 12.473 - 10.000 ) 
    Source Clock Delay      (SCD):    2.623ns
    Clock Pessimism Removal (CPR):    0.195ns
  Clock Uncertainty:      0.160ns  ((TSJ^2 + DJ^2)^1/2) / 2 + PE
    Total System Jitter     (TSJ):    0.071ns
    Discrete Jitter          (DJ):    0.312ns
    Phase Error              (PE):    0.000ns
  Clock Net Delay (Source):      2.356ns (routing 1.045ns, distribution 1.311ns)
  Clock Net Delay (Destination): 2.257ns (routing 0.955ns, distribution 1.302ns)

    Location             Delay type                Incr(ns)  Path(ns)    Netlist Resource(s)
  -------------------------------------------------------------------    -------------------
                         (clock clk_pl_0 rise edge)
                                                      0.000     0.000 r  
    PS8_X0Y0             PS8                          0.000     0.000 r  karatsuba_1_i/zynq_ultra_ps_e_0/inst/PS8_i/PLCLK[0]
                         net (fo=1, routed)           0.229     0.229    karatsuba_1_i/zynq_ultra_ps_e_0/inst/pl_clk_unbuffered[0]
    BUFG_PS_X0Y80        BUFG_PS (Prop_BUFG_PS_I_O)
                                                      0.038     0.267 r  karatsuba_1_i/zynq_ultra_ps_e_0/inst/buffer_pl_clk_0.PL_CLK_0_BUFG/O
    X0Y1 (CLOCK_ROOT)    net (fo=5362, routed)        2.356     2.623    karatsuba_1_i/rst_ps8_0_99M/U0/slowest_sync_clk
    SLICE_X9Y118         FDRE                                         r  karatsuba_1_i/rst_ps8_0_99M/U0/ACTIVE_LOW_PR_OUT_DFF[0].FDRE_PER_N/C
  -------------------------------------------------------------------    -------------------
    SLICE_X9Y118         FDRE (Prop_AFF_SLICEL_C_Q)
                                                      0.114     2.737 r  karatsuba_1_i/rst_ps8_0_99M/U0/ACTIVE_LOW_PR_OUT_DFF[0].FDRE_PER_N/Q
                         net (fo=1236, routed)        1.913     4.650    karatsuba_1_i/karatsuba_mult_ip_0/inst/karatsuba_mult_ip_slave_lite_v1_0_S00_AXI_inst/karatsuba_mult_inst/s00_axi_aresetn
    SLICE_X23Y93         FDCE                                         f  karatsuba_1_i/karatsuba_mult_ip_0/inst/karatsuba_mult_ip_slave_lite_v1_0_S00_AXI_inst/karatsuba_mult_inst/result_reg[4]/CLR  (IS_INVERTED)
  -------------------------------------------------------------------    -------------------

                         (clock clk_pl_0 rise edge)
                                                     10.000    10.000 r  
    PS8_X0Y0             PS8                          0.000    10.000 r  karatsuba_1_i/zynq_ultra_ps_e_0/inst/PS8_i/PLCLK[0]
                         net (fo=1, routed)           0.181    10.181    karatsuba_1_i/zynq_ultra_ps_e_0/inst/pl_clk_unbuffered[0]
    BUFG_PS_X0Y80        BUFG_PS (Prop_BUFG_PS_I_O)
                                                      0.035    10.216 r  karatsuba_1_i/zynq_ultra_ps_e_0/inst/buffer_pl_clk_0.PL_CLK_0_BUFG/O
    X0Y1 (CLOCK_ROOT)    net (fo=5362, routed)        2.257    12.473    karatsuba_1_i/karatsuba_mult_ip_0/inst/karatsuba_mult_ip_slave_lite_v1_0_S00_AXI_inst/karatsuba_mult_inst/s00_axi_aclk
    SLICE_X23Y93         FDCE                                         r  karatsuba_1_i/karatsuba_mult_ip_0/inst/karatsuba_mult_ip_slave_lite_v1_0_S00_AXI_inst/karatsuba_mult_inst/result_reg[4]/C
                         clock pessimism              0.195    12.668    
                         clock uncertainty           -0.160    12.508    
    SLICE_X23Y93         FDCE (Recov_DFF2_SLICEL_C_CLR)
                                                     -0.093    12.415    karatsuba_1_i/karatsuba_mult_ip_0/inst/karatsuba_mult_ip_slave_lite_v1_0_S00_AXI_inst/karatsuba_mult_inst/result_reg[4]
  -------------------------------------------------------------------
                         required time                         12.415    
                         arrival time                          -4.650    
  -------------------------------------------------------------------
                         slack                                  7.765    





Min Delay Paths
--------------------------------------------------------------------------------------
Slack (MET) :             0.231ns  (arrival time - required time)
  Source:                 karatsuba_1_i/axi_interconnect_0/s00_couplers/auto_ds/inst/gen_downsizer.gen_simple_downsizer.axi_downsizer_inst/USE_WRITE.write_addr_inst/USE_B_CHANNEL.cmd_b_queue/inst/fifo_gen_inst/inst_fifo_gen/gconvfifo.rf/grf.rf/rstblk/ngwrdrst.grst.g7serrst.gnsckt_wrst.gcc_rst.sckt_wr_rst_cc_reg[0]/C
                            (rising edge-triggered cell FDRE clocked by clk_pl_0  {rise@0.000ns fall@5.000ns period=10.000ns})
  Destination:            karatsuba_1_i/axi_interconnect_0/s00_couplers/auto_ds/inst/gen_downsizer.gen_simple_downsizer.axi_downsizer_inst/USE_WRITE.write_addr_inst/USE_B_CHANNEL.cmd_b_queue/inst/fifo_gen_inst/inst_fifo_gen/gconvfifo.rf/grf.rf/gntv_or_sync_fifo.gl0.rd/gr1.gr1_int.rfwft/aempty_fwft_fb_i_reg/PRE
                            (removal check against rising-edge clock clk_pl_0  {rise@0.000ns fall@5.000ns period=10.000ns})
  Path Group:             **async_default**
  Path Type:              Removal (Min at Fast Process Corner)
  Requirement:            0.000ns  (clk_pl_0 rise@0.000ns - clk_pl_0 rise@0.000ns)
  Data Path Delay:        0.236ns  (logic 0.122ns (51.780%)  route 0.114ns (48.220%))
  Logic Levels:           1  (LUT3=1)
  Clock Path Skew:        0.023ns (DCD - SCD - CPR)
    Destination Clock Delay (DCD):    1.596ns
    Source Clock Delay      (SCD):    1.434ns
    Clock Pessimism Removal (CPR):    0.139ns
  Clock Net Delay (Source):      1.283ns (routing 0.572ns, distribution 0.711ns)
  Clock Net Delay (Destination): 1.409ns (routing 0.623ns, distribution 0.786ns)

    Location             Delay type                Incr(ns)  Path(ns)    Netlist Resource(s)
  -------------------------------------------------------------------    -------------------
                         (clock clk_pl_0 rise edge)
                                                      0.000     0.000 r  
    PS8_X0Y0             PS8                          0.000     0.000 r  karatsuba_1_i/zynq_ultra_ps_e_0/inst/PS8_i/PLCLK[0]
                         net (fo=1, routed)           0.129     0.129    karatsuba_1_i/zynq_ultra_ps_e_0/inst/pl_clk_unbuffered[0]
    BUFG_PS_X0Y80        BUFG_PS (Prop_BUFG_PS_I_O)
                                                      0.022     0.151 r  karatsuba_1_i/zynq_ultra_ps_e_0/inst/buffer_pl_clk_0.PL_CLK_0_BUFG/O
    X0Y1 (CLOCK_ROOT)    net (fo=5362, routed)        1.283     1.434    karatsuba_1_i/axi_interconnect_0/s00_couplers/auto_ds/inst/gen_downsizer.gen_simple_downsizer.axi_downsizer_inst/USE_WRITE.write_addr_inst/USE_B_CHANNEL.cmd_b_queue/inst/fifo_gen_inst/inst_fifo_gen/gconvfifo.rf/grf.rf/rstblk/clk
    SLICE_X9Y102         FDRE                                         r  karatsuba_1_i/axi_interconnect_0/s00_couplers/auto_ds/inst/gen_downsizer.gen_simple_downsizer.axi_downsizer_inst/USE_WRITE.write_addr_inst/USE_B_CHANNEL.cmd_b_queue/inst/fifo_gen_inst/inst_fifo_gen/gconvfifo.rf/grf.rf/rstblk/ngwrdrst.grst.g7serrst.gnsckt_wrst.gcc_rst.sckt_wr_rst_cc_reg[0]/C
  -------------------------------------------------------------------    -------------------
    SLICE_X9Y102         FDRE (Prop_AFF_SLICEL_C_Q)
                                                      0.084     1.518 f  karatsuba_1_i/axi_interconnect_0/s00_couplers/auto_ds/inst/gen_downsizer.gen_simple_downsizer.axi_downsizer_inst/USE_WRITE.write_addr_inst/USE_B_CHANNEL.cmd_b_queue/inst/fifo_gen_inst/inst_fifo_gen/gconvfifo.rf/grf.rf/rstblk/ngwrdrst.grst.g7serrst.gnsckt_wrst.gcc_rst.sckt_wr_rst_cc_reg[0]/Q
                         net (fo=3, routed)           0.026     1.544    karatsuba_1_i/axi_interconnect_0/s00_couplers/auto_ds/inst/gen_downsizer.gen_simple_downsizer.axi_downsizer_inst/USE_WRITE.write_addr_inst/USE_B_CHANNEL.cmd_b_queue/inst/fifo_gen_inst/inst_fifo_gen/gconvfifo.rf/grf.rf/rstblk/ngwrdrst.grst.g7serrst.gnsckt_wrst.gcc_rst.sckt_wr_rst_cc[0]
    SLICE_X9Y102         LUT3 (Prop_B6LUT_SLICEL_I1_O)
                                                      0.038     1.582 f  karatsuba_1_i/axi_interconnect_0/s00_couplers/auto_ds/inst/gen_downsizer.gen_simple_downsizer.axi_downsizer_inst/USE_WRITE.write_addr_inst/USE_B_CHANNEL.cmd_b_queue/inst/fifo_gen_inst/inst_fifo_gen/gconvfifo.rf/grf.rf/rstblk/gpregsm1.curr_fwft_state[1]_i_2/O
                         net (fo=32, routed)          0.088     1.669    karatsuba_1_i/axi_interconnect_0/s00_couplers/auto_ds/inst/gen_downsizer.gen_simple_downsizer.axi_downsizer_inst/USE_WRITE.write_addr_inst/USE_B_CHANNEL.cmd_b_queue/inst/fifo_gen_inst/inst_fifo_gen/gconvfifo.rf/grf.rf/gntv_or_sync_fifo.gl0.rd/gr1.gr1_int.rfwft/gpregsm1.user_valid_reg_0
    SLICE_X9Y103         FDPE                                         f  karatsuba_1_i/axi_interconnect_0/s00_couplers/auto_ds/inst/gen_downsizer.gen_simple_downsizer.axi_downsizer_inst/USE_WRITE.write_addr_inst/USE_B_CHANNEL.cmd_b_queue/inst/fifo_gen_inst/inst_fifo_gen/gconvfifo.rf/grf.rf/gntv_or_sync_fifo.gl0.rd/gr1.gr1_int.rfwft/aempty_fwft_fb_i_reg/PRE
  -------------------------------------------------------------------    -------------------

                         (clock clk_pl_0 rise edge)
                                                      0.000     0.000 r  
    PS8_X0Y0             PS8                          0.000     0.000 r  karatsuba_1_i/zynq_ultra_ps_e_0/inst/PS8_i/PLCLK[0]
                         net (fo=1, routed)           0.164     0.164    karatsuba_1_i/zynq_ultra_ps_e_0/inst/pl_clk_unbuffered[0]
    BUFG_PS_X0Y80        BUFG_PS (Prop_BUFG_PS_I_O)
                                                      0.023     0.187 r  karatsuba_1_i/zynq_ultra_ps_e_0/inst/buffer_pl_clk_0.PL_CLK_0_BUFG/O
    X0Y1 (CLOCK_ROOT)    net (fo=5362, routed)        1.409     1.596    karatsuba_1_i/axi_interconnect_0/s00_couplers/auto_ds/inst/gen_downsizer.gen_simple_downsizer.axi_downsizer_inst/USE_WRITE.write_addr_inst/USE_B_CHANNEL.cmd_b_queue/inst/fifo_gen_inst/inst_fifo_gen/gconvfifo.rf/grf.rf/gntv_or_sync_fifo.gl0.rd/gr1.gr1_int.rfwft/clk
    SLICE_X9Y103         FDPE                                         r  karatsuba_1_i/axi_interconnect_0/s00_couplers/auto_ds/inst/gen_downsizer.gen_simple_downsizer.axi_downsizer_inst/USE_WRITE.write_addr_inst/USE_B_CHANNEL.cmd_b_queue/inst/fifo_gen_inst/inst_fifo_gen/gconvfifo.rf/grf.rf/gntv_or_sync_fifo.gl0.rd/gr1.gr1_int.rfwft/aempty_fwft_fb_i_reg/C
                         clock pessimism             -0.139     1.457    
    SLICE_X9Y103         FDPE (Remov_EFF_SLICEL_C_PRE)
                                                     -0.018     1.439    karatsuba_1_i/axi_interconnect_0/s00_couplers/auto_ds/inst/gen_downsizer.gen_simple_downsizer.axi_downsizer_inst/USE_WRITE.write_addr_inst/USE_B_CHANNEL.cmd_b_queue/inst/fifo_gen_inst/inst_fifo_gen/gconvfifo.rf/grf.rf/gntv_or_sync_fifo.gl0.rd/gr1.gr1_int.rfwft/aempty_fwft_fb_i_reg
  -------------------------------------------------------------------
                         required time                         -1.439    
                         arrival time                           1.669    
  -------------------------------------------------------------------
                         slack                                  0.231    

Slack (MET) :             0.231ns  (arrival time - required time)
  Source:                 karatsuba_1_i/axi_interconnect_0/s00_couplers/auto_ds/inst/gen_downsizer.gen_simple_downsizer.axi_downsizer_inst/USE_WRITE.write_addr_inst/USE_B_CHANNEL.cmd_b_queue/inst/fifo_gen_inst/inst_fifo_gen/gconvfifo.rf/grf.rf/rstblk/ngwrdrst.grst.g7serrst.gnsckt_wrst.gcc_rst.sckt_wr_rst_cc_reg[0]/C
                            (rising edge-triggered cell FDRE clocked by clk_pl_0  {rise@0.000ns fall@5.000ns period=10.000ns})
  Destination:            karatsuba_1_i/axi_interconnect_0/s00_couplers/auto_ds/inst/gen_downsizer.gen_simple_downsizer.axi_downsizer_inst/USE_WRITE.write_addr_inst/USE_B_CHANNEL.cmd_b_queue/inst/fifo_gen_inst/inst_fifo_gen/gconvfifo.rf/grf.rf/gntv_or_sync_fifo.gl0.rd/gr1.gr1_int.rfwft/aempty_fwft_i_reg/PRE
                            (removal check against rising-edge clock clk_pl_0  {rise@0.000ns fall@5.000ns period=10.000ns})
  Path Group:             **async_default**
  Path Type:              Removal (Min at Fast Process Corner)
  Requirement:            0.000ns  (clk_pl_0 rise@0.000ns - clk_pl_0 rise@0.000ns)
  Data Path Delay:        0.236ns  (logic 0.122ns (51.780%)  route 0.114ns (48.220%))
  Logic Levels:           1  (LUT3=1)
  Clock Path Skew:        0.023ns (DCD - SCD - CPR)
    Destination Clock Delay (DCD):    1.596ns
    Source Clock Delay      (SCD):    1.434ns
    Clock Pessimism Removal (CPR):    0.139ns
  Clock Net Delay (Source):      1.283ns (routing 0.572ns, distribution 0.711ns)
  Clock Net Delay (Destination): 1.409ns (routing 0.623ns, distribution 0.786ns)

    Location             Delay type                Incr(ns)  Path(ns)    Netlist Resource(s)
  -------------------------------------------------------------------    -------------------
                         (clock clk_pl_0 rise edge)
                                                      0.000     0.000 r  
    PS8_X0Y0             PS8                          0.000     0.000 r  karatsuba_1_i/zynq_ultra_ps_e_0/inst/PS8_i/PLCLK[0]
                         net (fo=1, routed)           0.129     0.129    karatsuba_1_i/zynq_ultra_ps_e_0/inst/pl_clk_unbuffered[0]
    BUFG_PS_X0Y80        BUFG_PS (Prop_BUFG_PS_I_O)
                                                      0.022     0.151 r  karatsuba_1_i/zynq_ultra_ps_e_0/inst/buffer_pl_clk_0.PL_CLK_0_BUFG/O
    X0Y1 (CLOCK_ROOT)    net (fo=5362, routed)        1.283     1.434    karatsuba_1_i/axi_interconnect_0/s00_couplers/auto_ds/inst/gen_downsizer.gen_simple_downsizer.axi_downsizer_inst/USE_WRITE.write_addr_inst/USE_B_CHANNEL.cmd_b_queue/inst/fifo_gen_inst/inst_fifo_gen/gconvfifo.rf/grf.rf/rstblk/clk
    SLICE_X9Y102         FDRE                                         r  karatsuba_1_i/axi_interconnect_0/s00_couplers/auto_ds/inst/gen_downsizer.gen_simple_downsizer.axi_downsizer_inst/USE_WRITE.write_addr_inst/USE_B_CHANNEL.cmd_b_queue/inst/fifo_gen_inst/inst_fifo_gen/gconvfifo.rf/grf.rf/rstblk/ngwrdrst.grst.g7serrst.gnsckt_wrst.gcc_rst.sckt_wr_rst_cc_reg[0]/C
  -------------------------------------------------------------------    -------------------
    SLICE_X9Y102         FDRE (Prop_AFF_SLICEL_C_Q)
                                                      0.084     1.518 f  karatsuba_1_i/axi_interconnect_0/s00_couplers/auto_ds/inst/gen_downsizer.gen_simple_downsizer.axi_downsizer_inst/USE_WRITE.write_addr_inst/USE_B_CHANNEL.cmd_b_queue/inst/fifo_gen_inst/inst_fifo_gen/gconvfifo.rf/grf.rf/rstblk/ngwrdrst.grst.g7serrst.gnsckt_wrst.gcc_rst.sckt_wr_rst_cc_reg[0]/Q
                         net (fo=3, routed)           0.026     1.544    karatsuba_1_i/axi_interconnect_0/s00_couplers/auto_ds/inst/gen_downsizer.gen_simple_downsizer.axi_downsizer_inst/USE_WRITE.write_addr_inst/USE_B_CHANNEL.cmd_b_queue/inst/fifo_gen_inst/inst_fifo_gen/gconvfifo.rf/grf.rf/rstblk/ngwrdrst.grst.g7serrst.gnsckt_wrst.gcc_rst.sckt_wr_rst_cc[0]
    SLICE_X9Y102         LUT3 (Prop_B6LUT_SLICEL_I1_O)
                                                      0.038     1.582 f  karatsuba_1_i/axi_interconnect_0/s00_couplers/auto_ds/inst/gen_downsizer.gen_simple_downsizer.axi_downsizer_inst/USE_WRITE.write_addr_inst/USE_B_CHANNEL.cmd_b_queue/inst/fifo_gen_inst/inst_fifo_gen/gconvfifo.rf/grf.rf/rstblk/gpregsm1.curr_fwft_state[1]_i_2/O
                         net (fo=32, routed)          0.088     1.669    karatsuba_1_i/axi_interconnect_0/s00_couplers/auto_ds/inst/gen_downsizer.gen_simple_downsizer.axi_downsizer_inst/USE_WRITE.write_addr_inst/USE_B_CHANNEL.cmd_b_queue/inst/fifo_gen_inst/inst_fifo_gen/gconvfifo.rf/grf.rf/gntv_or_sync_fifo.gl0.rd/gr1.gr1_int.rfwft/gpregsm1.user_valid_reg_0
    SLICE_X9Y103         FDPE                                         f  karatsuba_1_i/axi_interconnect_0/s00_couplers/auto_ds/inst/gen_downsizer.gen_simple_downsizer.axi_downsizer_inst/USE_WRITE.write_addr_inst/USE_B_CHANNEL.cmd_b_queue/inst/fifo_gen_inst/inst_fifo_gen/gconvfifo.rf/grf.rf/gntv_or_sync_fifo.gl0.rd/gr1.gr1_int.rfwft/aempty_fwft_i_reg/PRE
  -------------------------------------------------------------------    -------------------

                         (clock clk_pl_0 rise edge)
                                                      0.000     0.000 r  
    PS8_X0Y0             PS8                          0.000     0.000 r  karatsuba_1_i/zynq_ultra_ps_e_0/inst/PS8_i/PLCLK[0]
                         net (fo=1, routed)           0.164     0.164    karatsuba_1_i/zynq_ultra_ps_e_0/inst/pl_clk_unbuffered[0]
    BUFG_PS_X0Y80        BUFG_PS (Prop_BUFG_PS_I_O)
                                                      0.023     0.187 r  karatsuba_1_i/zynq_ultra_ps_e_0/inst/buffer_pl_clk_0.PL_CLK_0_BUFG/O
    X0Y1 (CLOCK_ROOT)    net (fo=5362, routed)        1.409     1.596    karatsuba_1_i/axi_interconnect_0/s00_couplers/auto_ds/inst/gen_downsizer.gen_simple_downsizer.axi_downsizer_inst/USE_WRITE.write_addr_inst/USE_B_CHANNEL.cmd_b_queue/inst/fifo_gen_inst/inst_fifo_gen/gconvfifo.rf/grf.rf/gntv_or_sync_fifo.gl0.rd/gr1.gr1_int.rfwft/clk
    SLICE_X9Y103         FDPE                                         r  karatsuba_1_i/axi_interconnect_0/s00_couplers/auto_ds/inst/gen_downsizer.gen_simple_downsizer.axi_downsizer_inst/USE_WRITE.write_addr_inst/USE_B_CHANNEL.cmd_b_queue/inst/fifo_gen_inst/inst_fifo_gen/gconvfifo.rf/grf.rf/gntv_or_sync_fifo.gl0.rd/gr1.gr1_int.rfwft/aempty_fwft_i_reg/C
                         clock pessimism             -0.139     1.457    
    SLICE_X9Y103         FDPE (Remov_EFF2_SLICEL_C_PRE)
                                                     -0.018     1.439    karatsuba_1_i/axi_interconnect_0/s00_couplers/auto_ds/inst/gen_downsizer.gen_simple_downsizer.axi_downsizer_inst/USE_WRITE.write_addr_inst/USE_B_CHANNEL.cmd_b_queue/inst/fifo_gen_inst/inst_fifo_gen/gconvfifo.rf/grf.rf/gntv_or_sync_fifo.gl0.rd/gr1.gr1_int.rfwft/aempty_fwft_i_reg
  -------------------------------------------------------------------
                         required time                         -1.439    
                         arrival time                           1.669    
  -------------------------------------------------------------------
                         slack                                  0.231    

Slack (MET) :             0.235ns  (arrival time - required time)
  Source:                 karatsuba_1_i/axi_interconnect_0/s00_couplers/auto_ds/inst/gen_downsizer.gen_simple_downsizer.axi_downsizer_inst/USE_WRITE.write_addr_inst/USE_B_CHANNEL.cmd_b_queue/inst/fifo_gen_inst/inst_fifo_gen/gconvfifo.rf/grf.rf/rstblk/ngwrdrst.grst.g7serrst.gnsckt_wrst.gcc_rst.sckt_wr_rst_cc_reg[0]/C
                            (rising edge-triggered cell FDRE clocked by clk_pl_0  {rise@0.000ns fall@5.000ns period=10.000ns})
  Destination:            karatsuba_1_i/axi_interconnect_0/s00_couplers/auto_ds/inst/gen_downsizer.gen_simple_downsizer.axi_downsizer_inst/USE_WRITE.write_addr_inst/USE_B_CHANNEL.cmd_b_queue/inst/fifo_gen_inst/inst_fifo_gen/gconvfifo.rf/grf.rf/gntv_or_sync_fifo.gl0.rd/gr1.gr1_int.rfwft/empty_fwft_fb_o_i_reg/PRE
                            (removal check against rising-edge clock clk_pl_0  {rise@0.000ns fall@5.000ns period=10.000ns})
  Path Group:             **async_default**
  Path Type:              Removal (Min at Fast Process Corner)
  Requirement:            0.000ns  (clk_pl_0 rise@0.000ns - clk_pl_0 rise@0.000ns)
  Data Path Delay:        0.236ns  (logic 0.122ns (51.780%)  route 0.114ns (48.220%))
  Logic Levels:           1  (LUT3=1)
  Clock Path Skew:        0.019ns (DCD - SCD - CPR)
    Destination Clock Delay (DCD):    1.592ns
    Source Clock Delay      (SCD):    1.434ns
    Clock Pessimism Removal (CPR):    0.139ns
  Clock Net Delay (Source):      1.283ns (routing 0.572ns, distribution 0.711ns)
  Clock Net Delay (Destination): 1.405ns (routing 0.623ns, distribution 0.782ns)

    Location             Delay type                Incr(ns)  Path(ns)    Netlist Resource(s)
  -------------------------------------------------------------------    -------------------
                         (clock clk_pl_0 rise edge)
                                                      0.000     0.000 r  
    PS8_X0Y0             PS8                          0.000     0.000 r  karatsuba_1_i/zynq_ultra_ps_e_0/inst/PS8_i/PLCLK[0]
                         net (fo=1, routed)           0.129     0.129    karatsuba_1_i/zynq_ultra_ps_e_0/inst/pl_clk_unbuffered[0]
    BUFG_PS_X0Y80        BUFG_PS (Prop_BUFG_PS_I_O)
                                                      0.022     0.151 r  karatsuba_1_i/zynq_ultra_ps_e_0/inst/buffer_pl_clk_0.PL_CLK_0_BUFG/O
    X0Y1 (CLOCK_ROOT)    net (fo=5362, routed)        1.283     1.434    karatsuba_1_i/axi_interconnect_0/s00_couplers/auto_ds/inst/gen_downsizer.gen_simple_downsizer.axi_downsizer_inst/USE_WRITE.write_addr_inst/USE_B_CHANNEL.cmd_b_queue/inst/fifo_gen_inst/inst_fifo_gen/gconvfifo.rf/grf.rf/rstblk/clk
    SLICE_X9Y102         FDRE                                         r  karatsuba_1_i/axi_interconnect_0/s00_couplers/auto_ds/inst/gen_downsizer.gen_simple_downsizer.axi_downsizer_inst/USE_WRITE.write_addr_inst/USE_B_CHANNEL.cmd_b_queue/inst/fifo_gen_inst/inst_fifo_gen/gconvfifo.rf/grf.rf/rstblk/ngwrdrst.grst.g7serrst.gnsckt_wrst.gcc_rst.sckt_wr_rst_cc_reg[0]/C
  -------------------------------------------------------------------    -------------------
    SLICE_X9Y102         FDRE (Prop_AFF_SLICEL_C_Q)
                                                      0.084     1.518 f  karatsuba_1_i/axi_interconnect_0/s00_couplers/auto_ds/inst/gen_downsizer.gen_simple_downsizer.axi_downsizer_inst/USE_WRITE.write_addr_inst/USE_B_CHANNEL.cmd_b_queue/inst/fifo_gen_inst/inst_fifo_gen/gconvfifo.rf/grf.rf/rstblk/ngwrdrst.grst.g7serrst.gnsckt_wrst.gcc_rst.sckt_wr_rst_cc_reg[0]/Q
                         net (fo=3, routed)           0.026     1.544    karatsuba_1_i/axi_interconnect_0/s00_couplers/auto_ds/inst/gen_downsizer.gen_simple_downsizer.axi_downsizer_inst/USE_WRITE.write_addr_inst/USE_B_CHANNEL.cmd_b_queue/inst/fifo_gen_inst/inst_fifo_gen/gconvfifo.rf/grf.rf/rstblk/ngwrdrst.grst.g7serrst.gnsckt_wrst.gcc_rst.sckt_wr_rst_cc[0]
    SLICE_X9Y102         LUT3 (Prop_B6LUT_SLICEL_I1_O)
                                                      0.038     1.582 f  karatsuba_1_i/axi_interconnect_0/s00_couplers/auto_ds/inst/gen_downsizer.gen_simple_downsizer.axi_downsizer_inst/USE_WRITE.write_addr_inst/USE_B_CHANNEL.cmd_b_queue/inst/fifo_gen_inst/inst_fifo_gen/gconvfifo.rf/grf.rf/rstblk/gpregsm1.curr_fwft_state[1]_i_2/O
                         net (fo=32, routed)          0.088     1.669    karatsuba_1_i/axi_interconnect_0/s00_couplers/auto_ds/inst/gen_downsizer.gen_simple_downsizer.axi_downsizer_inst/USE_WRITE.write_addr_inst/USE_B_CHANNEL.cmd_b_queue/inst/fifo_gen_inst/inst_fifo_gen/gconvfifo.rf/grf.rf/gntv_or_sync_fifo.gl0.rd/gr1.gr1_int.rfwft/gpregsm1.user_valid_reg_0
    SLICE_X9Y103         FDPE                                         f  karatsuba_1_i/axi_interconnect_0/s00_couplers/auto_ds/inst/gen_downsizer.gen_simple_downsizer.axi_downsizer_inst/USE_WRITE.write_addr_inst/USE_B_CHANNEL.cmd_b_queue/inst/fifo_gen_inst/inst_fifo_gen/gconvfifo.rf/grf.rf/gntv_or_sync_fifo.gl0.rd/gr1.gr1_int.rfwft/empty_fwft_fb_o_i_reg/PRE
  -------------------------------------------------------------------    -------------------

                         (clock clk_pl_0 rise edge)
                                                      0.000     0.000 r  
    PS8_X0Y0             PS8                          0.000     0.000 r  karatsuba_1_i/zynq_ultra_ps_e_0/inst/PS8_i/PLCLK[0]
                         net (fo=1, routed)           0.164     0.164    karatsuba_1_i/zynq_ultra_ps_e_0/inst/pl_clk_unbuffered[0]
    BUFG_PS_X0Y80        BUFG_PS (Prop_BUFG_PS_I_O)
                                                      0.023     0.187 r  karatsuba_1_i/zynq_ultra_ps_e_0/inst/buffer_pl_clk_0.PL_CLK_0_BUFG/O
    X0Y1 (CLOCK_ROOT)    net (fo=5362, routed)        1.405     1.592    karatsuba_1_i/axi_interconnect_0/s00_couplers/auto_ds/inst/gen_downsizer.gen_simple_downsizer.axi_downsizer_inst/USE_WRITE.write_addr_inst/USE_B_CHANNEL.cmd_b_queue/inst/fifo_gen_inst/inst_fifo_gen/gconvfifo.rf/grf.rf/gntv_or_sync_fifo.gl0.rd/gr1.gr1_int.rfwft/clk
    SLICE_X9Y103         FDPE                                         r  karatsuba_1_i/axi_interconnect_0/s00_couplers/auto_ds/inst/gen_downsizer.gen_simple_downsizer.axi_downsizer_inst/USE_WRITE.write_addr_inst/USE_B_CHANNEL.cmd_b_queue/inst/fifo_gen_inst/inst_fifo_gen/gconvfifo.rf/grf.rf/gntv_or_sync_fifo.gl0.rd/gr1.gr1_int.rfwft/empty_fwft_fb_o_i_reg/C
                         clock pessimism             -0.139     1.452    
    SLICE_X9Y103         FDPE (Remov_DFF2_SLICEL_C_PRE)
                                                     -0.018     1.434    karatsuba_1_i/axi_interconnect_0/s00_couplers/auto_ds/inst/gen_downsizer.gen_simple_downsizer.axi_downsizer_inst/USE_WRITE.write_addr_inst/USE_B_CHANNEL.cmd_b_queue/inst/fifo_gen_inst/inst_fifo_gen/gconvfifo.rf/grf.rf/gntv_or_sync_fifo.gl0.rd/gr1.gr1_int.rfwft/empty_fwft_fb_o_i_reg
  -------------------------------------------------------------------
                         required time                         -1.434    
                         arrival time                           1.669    
  -------------------------------------------------------------------
                         slack                                  0.235    

Slack (MET) :             0.235ns  (arrival time - required time)
  Source:                 karatsuba_1_i/axi_interconnect_0/s00_couplers/auto_ds/inst/gen_downsizer.gen_simple_downsizer.axi_downsizer_inst/USE_WRITE.write_addr_inst/USE_B_CHANNEL.cmd_b_queue/inst/fifo_gen_inst/inst_fifo_gen/gconvfifo.rf/grf.rf/rstblk/ngwrdrst.grst.g7serrst.gnsckt_wrst.gcc_rst.sckt_wr_rst_cc_reg[0]/C
                            (rising edge-triggered cell FDRE clocked by clk_pl_0  {rise@0.000ns fall@5.000ns period=10.000ns})
  Destination:            karatsuba_1_i/axi_interconnect_0/s00_couplers/auto_ds/inst/gen_downsizer.gen_simple_downsizer.axi_downsizer_inst/USE_WRITE.write_addr_inst/USE_B_CHANNEL.cmd_b_queue/inst/fifo_gen_inst/inst_fifo_gen/gconvfifo.rf/grf.rf/gntv_or_sync_fifo.gl0.rd/gr1.gr1_int.rfwft/gpregsm1.curr_fwft_state_reg[0]/CLR
                            (removal check against rising-edge clock clk_pl_0  {rise@0.000ns fall@5.000ns period=10.000ns})
  Path Group:             **async_default**
  Path Type:              Removal (Min at Fast Process Corner)
  Requirement:            0.000ns  (clk_pl_0 rise@0.000ns - clk_pl_0 rise@0.000ns)
  Data Path Delay:        0.236ns  (logic 0.122ns (51.780%)  route 0.114ns (48.220%))
  Logic Levels:           1  (LUT3=1)
  Clock Path Skew:        0.019ns (DCD - SCD - CPR)
    Destination Clock Delay (DCD):    1.592ns
    Source Clock Delay      (SCD):    1.434ns
    Clock Pessimism Removal (CPR):    0.139ns
  Clock Net Delay (Source):      1.283ns (routing 0.572ns, distribution 0.711ns)
  Clock Net Delay (Destination): 1.405ns (routing 0.623ns, distribution 0.782ns)

    Location             Delay type                Incr(ns)  Path(ns)    Netlist Resource(s)
  -------------------------------------------------------------------    -------------------
                         (clock clk_pl_0 rise edge)
                                                      0.000     0.000 r  
    PS8_X0Y0             PS8                          0.000     0.000 r  karatsuba_1_i/zynq_ultra_ps_e_0/inst/PS8_i/PLCLK[0]
                         net (fo=1, routed)           0.129     0.129    karatsuba_1_i/zynq_ultra_ps_e_0/inst/pl_clk_unbuffered[0]
    BUFG_PS_X0Y80        BUFG_PS (Prop_BUFG_PS_I_O)
                                                      0.022     0.151 r  karatsuba_1_i/zynq_ultra_ps_e_0/inst/buffer_pl_clk_0.PL_CLK_0_BUFG/O
    X0Y1 (CLOCK_ROOT)    net (fo=5362, routed)        1.283     1.434    karatsuba_1_i/axi_interconnect_0/s00_couplers/auto_ds/inst/gen_downsizer.gen_simple_downsizer.axi_downsizer_inst/USE_WRITE.write_addr_inst/USE_B_CHANNEL.cmd_b_queue/inst/fifo_gen_inst/inst_fifo_gen/gconvfifo.rf/grf.rf/rstblk/clk
    SLICE_X9Y102         FDRE                                         r  karatsuba_1_i/axi_interconnect_0/s00_couplers/auto_ds/inst/gen_downsizer.gen_simple_downsizer.axi_downsizer_inst/USE_WRITE.write_addr_inst/USE_B_CHANNEL.cmd_b_queue/inst/fifo_gen_inst/inst_fifo_gen/gconvfifo.rf/grf.rf/rstblk/ngwrdrst.grst.g7serrst.gnsckt_wrst.gcc_rst.sckt_wr_rst_cc_reg[0]/C
  -------------------------------------------------------------------    -------------------
    SLICE_X9Y102         FDRE (Prop_AFF_SLICEL_C_Q)
                                                      0.084     1.518 f  karatsuba_1_i/axi_interconnect_0/s00_couplers/auto_ds/inst/gen_downsizer.gen_simple_downsizer.axi_downsizer_inst/USE_WRITE.write_addr_inst/USE_B_CHANNEL.cmd_b_queue/inst/fifo_gen_inst/inst_fifo_gen/gconvfifo.rf/grf.rf/rstblk/ngwrdrst.grst.g7serrst.gnsckt_wrst.gcc_rst.sckt_wr_rst_cc_reg[0]/Q
                         net (fo=3, routed)           0.026     1.544    karatsuba_1_i/axi_interconnect_0/s00_couplers/auto_ds/inst/gen_downsizer.gen_simple_downsizer.axi_downsizer_inst/USE_WRITE.write_addr_inst/USE_B_CHANNEL.cmd_b_queue/inst/fifo_gen_inst/inst_fifo_gen/gconvfifo.rf/grf.rf/rstblk/ngwrdrst.grst.g7serrst.gnsckt_wrst.gcc_rst.sckt_wr_rst_cc[0]
    SLICE_X9Y102         LUT3 (Prop_B6LUT_SLICEL_I1_O)
                                                      0.038     1.582 f  karatsuba_1_i/axi_interconnect_0/s00_couplers/auto_ds/inst/gen_downsizer.gen_simple_downsizer.axi_downsizer_inst/USE_WRITE.write_addr_inst/USE_B_CHANNEL.cmd_b_queue/inst/fifo_gen_inst/inst_fifo_gen/gconvfifo.rf/grf.rf/rstblk/gpregsm1.curr_fwft_state[1]_i_2/O
                         net (fo=32, routed)          0.088     1.669    karatsuba_1_i/axi_interconnect_0/s00_couplers/auto_ds/inst/gen_downsizer.gen_simple_downsizer.axi_downsizer_inst/USE_WRITE.write_addr_inst/USE_B_CHANNEL.cmd_b_queue/inst/fifo_gen_inst/inst_fifo_gen/gconvfifo.rf/grf.rf/gntv_or_sync_fifo.gl0.rd/gr1.gr1_int.rfwft/gpregsm1.user_valid_reg_0
    SLICE_X9Y103         FDCE                                         f  karatsuba_1_i/axi_interconnect_0/s00_couplers/auto_ds/inst/gen_downsizer.gen_simple_downsizer.axi_downsizer_inst/USE_WRITE.write_addr_inst/USE_B_CHANNEL.cmd_b_queue/inst/fifo_gen_inst/inst_fifo_gen/gconvfifo.rf/grf.rf/gntv_or_sync_fifo.gl0.rd/gr1.gr1_int.rfwft/gpregsm1.curr_fwft_state_reg[0]/CLR
  -------------------------------------------------------------------    -------------------

                         (clock clk_pl_0 rise edge)
                                                      0.000     0.000 r  
    PS8_X0Y0             PS8                          0.000     0.000 r  karatsuba_1_i/zynq_ultra_ps_e_0/inst/PS8_i/PLCLK[0]
                         net (fo=1, routed)           0.164     0.164    karatsuba_1_i/zynq_ultra_ps_e_0/inst/pl_clk_unbuffered[0]
    BUFG_PS_X0Y80        BUFG_PS (Prop_BUFG_PS_I_O)
                                                      0.023     0.187 r  karatsuba_1_i/zynq_ultra_ps_e_0/inst/buffer_pl_clk_0.PL_CLK_0_BUFG/O
    X0Y1 (CLOCK_ROOT)    net (fo=5362, routed)        1.405     1.592    karatsuba_1_i/axi_interconnect_0/s00_couplers/auto_ds/inst/gen_downsizer.gen_simple_downsizer.axi_downsizer_inst/USE_WRITE.write_addr_inst/USE_B_CHANNEL.cmd_b_queue/inst/fifo_gen_inst/inst_fifo_gen/gconvfifo.rf/grf.rf/gntv_or_sync_fifo.gl0.rd/gr1.gr1_int.rfwft/clk
    SLICE_X9Y103         FDCE                                         r  karatsuba_1_i/axi_interconnect_0/s00_couplers/auto_ds/inst/gen_downsizer.gen_simple_downsizer.axi_downsizer_inst/USE_WRITE.write_addr_inst/USE_B_CHANNEL.cmd_b_queue/inst/fifo_gen_inst/inst_fifo_gen/gconvfifo.rf/grf.rf/gntv_or_sync_fifo.gl0.rd/gr1.gr1_int.rfwft/gpregsm1.curr_fwft_state_reg[0]/C
                         clock pessimism             -0.139     1.452    
    SLICE_X9Y103         FDCE (Remov_CFF_SLICEL_C_CLR)
                                                     -0.018     1.434    karatsuba_1_i/axi_interconnect_0/s00_couplers/auto_ds/inst/gen_downsizer.gen_simple_downsizer.axi_downsizer_inst/USE_WRITE.write_addr_inst/USE_B_CHANNEL.cmd_b_queue/inst/fifo_gen_inst/inst_fifo_gen/gconvfifo.rf/grf.rf/gntv_or_sync_fifo.gl0.rd/gr1.gr1_int.rfwft/gpregsm1.curr_fwft_state_reg[0]
  -------------------------------------------------------------------
                         required time                         -1.434    
                         arrival time                           1.669    
  -------------------------------------------------------------------
                         slack                                  0.235    

Slack (MET) :             0.235ns  (arrival time - required time)
  Source:                 karatsuba_1_i/axi_interconnect_0/s00_couplers/auto_ds/inst/gen_downsizer.gen_simple_downsizer.axi_downsizer_inst/USE_WRITE.write_addr_inst/USE_B_CHANNEL.cmd_b_queue/inst/fifo_gen_inst/inst_fifo_gen/gconvfifo.rf/grf.rf/rstblk/ngwrdrst.grst.g7serrst.gnsckt_wrst.gcc_rst.sckt_wr_rst_cc_reg[0]/C
                            (rising edge-triggered cell FDRE clocked by clk_pl_0  {rise@0.000ns fall@5.000ns period=10.000ns})
  Destination:            karatsuba_1_i/axi_interconnect_0/s00_couplers/auto_ds/inst/gen_downsizer.gen_simple_downsizer.axi_downsizer_inst/USE_WRITE.write_addr_inst/USE_B_CHANNEL.cmd_b_queue/inst/fifo_gen_inst/inst_fifo_gen/gconvfifo.rf/grf.rf/gntv_or_sync_fifo.gl0.rd/gr1.gr1_int.rfwft/gpregsm1.curr_fwft_state_reg[1]/CLR
                            (removal check against rising-edge clock clk_pl_0  {rise@0.000ns fall@5.000ns period=10.000ns})
  Path Group:             **async_default**
  Path Type:              Removal (Min at Fast Process Corner)
  Requirement:            0.000ns  (clk_pl_0 rise@0.000ns - clk_pl_0 rise@0.000ns)
  Data Path Delay:        0.236ns  (logic 0.122ns (51.780%)  route 0.114ns (48.220%))
  Logic Levels:           1  (LUT3=1)
  Clock Path Skew:        0.019ns (DCD - SCD - CPR)
    Destination Clock Delay (DCD):    1.592ns
    Source Clock Delay      (SCD):    1.434ns
    Clock Pessimism Removal (CPR):    0.139ns
  Clock Net Delay (Source):      1.283ns (routing 0.572ns, distribution 0.711ns)
  Clock Net Delay (Destination): 1.405ns (routing 0.623ns, distribution 0.782ns)

    Location             Delay type                Incr(ns)  Path(ns)    Netlist Resource(s)
  -------------------------------------------------------------------    -------------------
                         (clock clk_pl_0 rise edge)
                                                      0.000     0.000 r  
    PS8_X0Y0             PS8                          0.000     0.000 r  karatsuba_1_i/zynq_ultra_ps_e_0/inst/PS8_i/PLCLK[0]
                         net (fo=1, routed)           0.129     0.129    karatsuba_1_i/zynq_ultra_ps_e_0/inst/pl_clk_unbuffered[0]
    BUFG_PS_X0Y80        BUFG_PS (Prop_BUFG_PS_I_O)
                                                      0.022     0.151 r  karatsuba_1_i/zynq_ultra_ps_e_0/inst/buffer_pl_clk_0.PL_CLK_0_BUFG/O
    X0Y1 (CLOCK_ROOT)    net (fo=5362, routed)        1.283     1.434    karatsuba_1_i/axi_interconnect_0/s00_couplers/auto_ds/inst/gen_downsizer.gen_simple_downsizer.axi_downsizer_inst/USE_WRITE.write_addr_inst/USE_B_CHANNEL.cmd_b_queue/inst/fifo_gen_inst/inst_fifo_gen/gconvfifo.rf/grf.rf/rstblk/clk
    SLICE_X9Y102         FDRE                                         r  karatsuba_1_i/axi_interconnect_0/s00_couplers/auto_ds/inst/gen_downsizer.gen_simple_downsizer.axi_downsizer_inst/USE_WRITE.write_addr_inst/USE_B_CHANNEL.cmd_b_queue/inst/fifo_gen_inst/inst_fifo_gen/gconvfifo.rf/grf.rf/rstblk/ngwrdrst.grst.g7serrst.gnsckt_wrst.gcc_rst.sckt_wr_rst_cc_reg[0]/C
  -------------------------------------------------------------------    -------------------
    SLICE_X9Y102         FDRE (Prop_AFF_SLICEL_C_Q)
                                                      0.084     1.518 f  karatsuba_1_i/axi_interconnect_0/s00_couplers/auto_ds/inst/gen_downsizer.gen_simple_downsizer.axi_downsizer_inst/USE_WRITE.write_addr_inst/USE_B_CHANNEL.cmd_b_queue/inst/fifo_gen_inst/inst_fifo_gen/gconvfifo.rf/grf.rf/rstblk/ngwrdrst.grst.g7serrst.gnsckt_wrst.gcc_rst.sckt_wr_rst_cc_reg[0]/Q
                         net (fo=3, routed)           0.026     1.544    karatsuba_1_i/axi_interconnect_0/s00_couplers/auto_ds/inst/gen_downsizer.gen_simple_downsizer.axi_downsizer_inst/USE_WRITE.write_addr_inst/USE_B_CHANNEL.cmd_b_queue/inst/fifo_gen_inst/inst_fifo_gen/gconvfifo.rf/grf.rf/rstblk/ngwrdrst.grst.g7serrst.gnsckt_wrst.gcc_rst.sckt_wr_rst_cc[0]
    SLICE_X9Y102         LUT3 (Prop_B6LUT_SLICEL_I1_O)
                                                      0.038     1.582 f  karatsuba_1_i/axi_interconnect_0/s00_couplers/auto_ds/inst/gen_downsizer.gen_simple_downsizer.axi_downsizer_inst/USE_WRITE.write_addr_inst/USE_B_CHANNEL.cmd_b_queue/inst/fifo_gen_inst/inst_fifo_gen/gconvfifo.rf/grf.rf/rstblk/gpregsm1.curr_fwft_state[1]_i_2/O
                         net (fo=32, routed)          0.088     1.669    karatsuba_1_i/axi_interconnect_0/s00_couplers/auto_ds/inst/gen_downsizer.gen_simple_downsizer.axi_downsizer_inst/USE_WRITE.write_addr_inst/USE_B_CHANNEL.cmd_b_queue/inst/fifo_gen_inst/inst_fifo_gen/gconvfifo.rf/grf.rf/gntv_or_sync_fifo.gl0.rd/gr1.gr1_int.rfwft/gpregsm1.user_valid_reg_0
    SLICE_X9Y103         FDCE                                         f  karatsuba_1_i/axi_interconnect_0/s00_couplers/auto_ds/inst/gen_downsizer.gen_simple_downsizer.axi_downsizer_inst/USE_WRITE.write_addr_inst/USE_B_CHANNEL.cmd_b_queue/inst/fifo_gen_inst/inst_fifo_gen/gconvfifo.rf/grf.rf/gntv_or_sync_fifo.gl0.rd/gr1.gr1_int.rfwft/gpregsm1.curr_fwft_state_reg[1]/CLR
  -------------------------------------------------------------------    -------------------

                         (clock clk_pl_0 rise edge)
                                                      0.000     0.000 r  
    PS8_X0Y0             PS8                          0.000     0.000 r  karatsuba_1_i/zynq_ultra_ps_e_0/inst/PS8_i/PLCLK[0]
                         net (fo=1, routed)           0.164     0.164    karatsuba_1_i/zynq_ultra_ps_e_0/inst/pl_clk_unbuffered[0]
    BUFG_PS_X0Y80        BUFG_PS (Prop_BUFG_PS_I_O)
                                                      0.023     0.187 r  karatsuba_1_i/zynq_ultra_ps_e_0/inst/buffer_pl_clk_0.PL_CLK_0_BUFG/O
    X0Y1 (CLOCK_ROOT)    net (fo=5362, routed)        1.405     1.592    karatsuba_1_i/axi_interconnect_0/s00_couplers/auto_ds/inst/gen_downsizer.gen_simple_downsizer.axi_downsizer_inst/USE_WRITE.write_addr_inst/USE_B_CHANNEL.cmd_b_queue/inst/fifo_gen_inst/inst_fifo_gen/gconvfifo.rf/grf.rf/gntv_or_sync_fifo.gl0.rd/gr1.gr1_int.rfwft/clk
    SLICE_X9Y103         FDCE                                         r  karatsuba_1_i/axi_interconnect_0/s00_couplers/auto_ds/inst/gen_downsizer.gen_simple_downsizer.axi_downsizer_inst/USE_WRITE.write_addr_inst/USE_B_CHANNEL.cmd_b_queue/inst/fifo_gen_inst/inst_fifo_gen/gconvfifo.rf/grf.rf/gntv_or_sync_fifo.gl0.rd/gr1.gr1_int.rfwft/gpregsm1.curr_fwft_state_reg[1]/C
                         clock pessimism             -0.139     1.452    
    SLICE_X9Y103         FDCE (Remov_CFF2_SLICEL_C_CLR)
                                                     -0.018     1.434    karatsuba_1_i/axi_interconnect_0/s00_couplers/auto_ds/inst/gen_downsizer.gen_simple_downsizer.axi_downsizer_inst/USE_WRITE.write_addr_inst/USE_B_CHANNEL.cmd_b_queue/inst/fifo_gen_inst/inst_fifo_gen/gconvfifo.rf/grf.rf/gntv_or_sync_fifo.gl0.rd/gr1.gr1_int.rfwft/gpregsm1.curr_fwft_state_reg[1]
  -------------------------------------------------------------------
                         required time                         -1.434    
                         arrival time                           1.669    
  -------------------------------------------------------------------
                         slack                                  0.235    

Slack (MET) :             0.235ns  (arrival time - required time)
  Source:                 karatsuba_1_i/axi_interconnect_0/s00_couplers/auto_ds/inst/gen_downsizer.gen_simple_downsizer.axi_downsizer_inst/USE_WRITE.write_addr_inst/USE_B_CHANNEL.cmd_b_queue/inst/fifo_gen_inst/inst_fifo_gen/gconvfifo.rf/grf.rf/rstblk/ngwrdrst.grst.g7serrst.gnsckt_wrst.gcc_rst.sckt_wr_rst_cc_reg[0]/C
                            (rising edge-triggered cell FDRE clocked by clk_pl_0  {rise@0.000ns fall@5.000ns period=10.000ns})
  Destination:            karatsuba_1_i/axi_interconnect_0/s00_couplers/auto_ds/inst/gen_downsizer.gen_simple_downsizer.axi_downsizer_inst/USE_WRITE.write_addr_inst/USE_B_CHANNEL.cmd_b_queue/inst/fifo_gen_inst/inst_fifo_gen/gconvfifo.rf/grf.rf/gntv_or_sync_fifo.gl0.rd/gr1.gr1_int.rfwft/gpregsm1.user_valid_reg/CLR
                            (removal check against rising-edge clock clk_pl_0  {rise@0.000ns fall@5.000ns period=10.000ns})
  Path Group:             **async_default**
  Path Type:              Removal (Min at Fast Process Corner)
  Requirement:            0.000ns  (clk_pl_0 rise@0.000ns - clk_pl_0 rise@0.000ns)
  Data Path Delay:        0.236ns  (logic 0.122ns (51.780%)  route 0.114ns (48.220%))
  Logic Levels:           1  (LUT3=1)
  Clock Path Skew:        0.019ns (DCD - SCD - CPR)
    Destination Clock Delay (DCD):    1.592ns
    Source Clock Delay      (SCD):    1.434ns
    Clock Pessimism Removal (CPR):    0.139ns
  Clock Net Delay (Source):      1.283ns (routing 0.572ns, distribution 0.711ns)
  Clock Net Delay (Destination): 1.405ns (routing 0.623ns, distribution 0.782ns)

    Location             Delay type                Incr(ns)  Path(ns)    Netlist Resource(s)
  -------------------------------------------------------------------    -------------------
                         (clock clk_pl_0 rise edge)
                                                      0.000     0.000 r  
    PS8_X0Y0             PS8                          0.000     0.000 r  karatsuba_1_i/zynq_ultra_ps_e_0/inst/PS8_i/PLCLK[0]
                         net (fo=1, routed)           0.129     0.129    karatsuba_1_i/zynq_ultra_ps_e_0/inst/pl_clk_unbuffered[0]
    BUFG_PS_X0Y80        BUFG_PS (Prop_BUFG_PS_I_O)
                                                      0.022     0.151 r  karatsuba_1_i/zynq_ultra_ps_e_0/inst/buffer_pl_clk_0.PL_CLK_0_BUFG/O
    X0Y1 (CLOCK_ROOT)    net (fo=5362, routed)        1.283     1.434    karatsuba_1_i/axi_interconnect_0/s00_couplers/auto_ds/inst/gen_downsizer.gen_simple_downsizer.axi_downsizer_inst/USE_WRITE.write_addr_inst/USE_B_CHANNEL.cmd_b_queue/inst/fifo_gen_inst/inst_fifo_gen/gconvfifo.rf/grf.rf/rstblk/clk
    SLICE_X9Y102         FDRE                                         r  karatsuba_1_i/axi_interconnect_0/s00_couplers/auto_ds/inst/gen_downsizer.gen_simple_downsizer.axi_downsizer_inst/USE_WRITE.write_addr_inst/USE_B_CHANNEL.cmd_b_queue/inst/fifo_gen_inst/inst_fifo_gen/gconvfifo.rf/grf.rf/rstblk/ngwrdrst.grst.g7serrst.gnsckt_wrst.gcc_rst.sckt_wr_rst_cc_reg[0]/C
  -------------------------------------------------------------------    -------------------
    SLICE_X9Y102         FDRE (Prop_AFF_SLICEL_C_Q)
                                                      0.084     1.518 f  karatsuba_1_i/axi_interconnect_0/s00_couplers/auto_ds/inst/gen_downsizer.gen_simple_downsizer.axi_downsizer_inst/USE_WRITE.write_addr_inst/USE_B_CHANNEL.cmd_b_queue/inst/fifo_gen_inst/inst_fifo_gen/gconvfifo.rf/grf.rf/rstblk/ngwrdrst.grst.g7serrst.gnsckt_wrst.gcc_rst.sckt_wr_rst_cc_reg[0]/Q
                         net (fo=3, routed)           0.026     1.544    karatsuba_1_i/axi_interconnect_0/s00_couplers/auto_ds/inst/gen_downsizer.gen_simple_downsizer.axi_downsizer_inst/USE_WRITE.write_addr_inst/USE_B_CHANNEL.cmd_b_queue/inst/fifo_gen_inst/inst_fifo_gen/gconvfifo.rf/grf.rf/rstblk/ngwrdrst.grst.g7serrst.gnsckt_wrst.gcc_rst.sckt_wr_rst_cc[0]
    SLICE_X9Y102         LUT3 (Prop_B6LUT_SLICEL_I1_O)
                                                      0.038     1.582 f  karatsuba_1_i/axi_interconnect_0/s00_couplers/auto_ds/inst/gen_downsizer.gen_simple_downsizer.axi_downsizer_inst/USE_WRITE.write_addr_inst/USE_B_CHANNEL.cmd_b_queue/inst/fifo_gen_inst/inst_fifo_gen/gconvfifo.rf/grf.rf/rstblk/gpregsm1.curr_fwft_state[1]_i_2/O
                         net (fo=32, routed)          0.088     1.669    karatsuba_1_i/axi_interconnect_0/s00_couplers/auto_ds/inst/gen_downsizer.gen_simple_downsizer.axi_downsizer_inst/USE_WRITE.write_addr_inst/USE_B_CHANNEL.cmd_b_queue/inst/fifo_gen_inst/inst_fifo_gen/gconvfifo.rf/grf.rf/gntv_or_sync_fifo.gl0.rd/gr1.gr1_int.rfwft/gpregsm1.user_valid_reg_0
    SLICE_X9Y103         FDCE                                         f  karatsuba_1_i/axi_interconnect_0/s00_couplers/auto_ds/inst/gen_downsizer.gen_simple_downsizer.axi_downsizer_inst/USE_WRITE.write_addr_inst/USE_B_CHANNEL.cmd_b_queue/inst/fifo_gen_inst/inst_fifo_gen/gconvfifo.rf/grf.rf/gntv_or_sync_fifo.gl0.rd/gr1.gr1_int.rfwft/gpregsm1.user_valid_reg/CLR
  -------------------------------------------------------------------    -------------------

                         (clock clk_pl_0 rise edge)
                                                      0.000     0.000 r  
    PS8_X0Y0             PS8                          0.000     0.000 r  karatsuba_1_i/zynq_ultra_ps_e_0/inst/PS8_i/PLCLK[0]
                         net (fo=1, routed)           0.164     0.164    karatsuba_1_i/zynq_ultra_ps_e_0/inst/pl_clk_unbuffered[0]
    BUFG_PS_X0Y80        BUFG_PS (Prop_BUFG_PS_I_O)
                                                      0.023     0.187 r  karatsuba_1_i/zynq_ultra_ps_e_0/inst/buffer_pl_clk_0.PL_CLK_0_BUFG/O
    X0Y1 (CLOCK_ROOT)    net (fo=5362, routed)        1.405     1.592    karatsuba_1_i/axi_interconnect_0/s00_couplers/auto_ds/inst/gen_downsizer.gen_simple_downsizer.axi_downsizer_inst/USE_WRITE.write_addr_inst/USE_B_CHANNEL.cmd_b_queue/inst/fifo_gen_inst/inst_fifo_gen/gconvfifo.rf/grf.rf/gntv_or_sync_fifo.gl0.rd/gr1.gr1_int.rfwft/clk
    SLICE_X9Y103         FDCE                                         r  karatsuba_1_i/axi_interconnect_0/s00_couplers/auto_ds/inst/gen_downsizer.gen_simple_downsizer.axi_downsizer_inst/USE_WRITE.write_addr_inst/USE_B_CHANNEL.cmd_b_queue/inst/fifo_gen_inst/inst_fifo_gen/gconvfifo.rf/grf.rf/gntv_or_sync_fifo.gl0.rd/gr1.gr1_int.rfwft/gpregsm1.user_valid_reg/C
                         clock pessimism             -0.139     1.452    
    SLICE_X9Y103         FDCE (Remov_BFF2_SLICEL_C_CLR)
                                                     -0.018     1.434    karatsuba_1_i/axi_interconnect_0/s00_couplers/auto_ds/inst/gen_downsizer.gen_simple_downsizer.axi_downsizer_inst/USE_WRITE.write_addr_inst/USE_B_CHANNEL.cmd_b_queue/inst/fifo_gen_inst/inst_fifo_gen/gconvfifo.rf/grf.rf/gntv_or_sync_fifo.gl0.rd/gr1.gr1_int.rfwft/gpregsm1.user_valid_reg
  -------------------------------------------------------------------
                         required time                         -1.434    
                         arrival time                           1.669    
  -------------------------------------------------------------------
                         slack                                  0.235    

Slack (MET) :             0.246ns  (arrival time - required time)
  Source:                 karatsuba_1_i/axi_interconnect_0/s00_couplers/auto_ds/inst/gen_downsizer.gen_simple_downsizer.axi_downsizer_inst/USE_WRITE.write_addr_inst/USE_B_CHANNEL.cmd_b_queue/inst/fifo_gen_inst/inst_fifo_gen/gconvfifo.rf/grf.rf/rstblk/ngwrdrst.grst.g7serrst.gnsckt_wrst.gcc_rst.sckt_wr_rst_cc_reg[0]/C
                            (rising edge-triggered cell FDRE clocked by clk_pl_0  {rise@0.000ns fall@5.000ns period=10.000ns})
  Destination:            karatsuba_1_i/axi_interconnect_0/s00_couplers/auto_ds/inst/gen_downsizer.gen_simple_downsizer.axi_downsizer_inst/USE_WRITE.write_addr_inst/USE_B_CHANNEL.cmd_b_queue/inst/fifo_gen_inst/inst_fifo_gen/gconvfifo.rf/grf.rf/gntv_or_sync_fifo.gl0.rd/gr1.gr1_int.rfwft/empty_fwft_fb_i_reg/PRE
                            (removal check against rising-edge clock clk_pl_0  {rise@0.000ns fall@5.000ns period=10.000ns})
  Path Group:             **async_default**
  Path Type:              Removal (Min at Fast Process Corner)
  Requirement:            0.000ns  (clk_pl_0 rise@0.000ns - clk_pl_0 rise@0.000ns)
  Data Path Delay:        0.245ns  (logic 0.122ns (49.872%)  route 0.123ns (50.128%))
  Logic Levels:           1  (LUT3=1)
  Clock Path Skew:        0.016ns (DCD - SCD - CPR)
    Destination Clock Delay (DCD):    1.595ns
    Source Clock Delay      (SCD):    1.434ns
    Clock Pessimism Removal (CPR):    0.145ns
  Clock Net Delay (Source):      1.283ns (routing 0.572ns, distribution 0.711ns)
  Clock Net Delay (Destination): 1.408ns (routing 0.623ns, distribution 0.785ns)

    Location             Delay type                Incr(ns)  Path(ns)    Netlist Resource(s)
  -------------------------------------------------------------------    -------------------
                         (clock clk_pl_0 rise edge)
                                                      0.000     0.000 r  
    PS8_X0Y0             PS8                          0.000     0.000 r  karatsuba_1_i/zynq_ultra_ps_e_0/inst/PS8_i/PLCLK[0]
                         net (fo=1, routed)           0.129     0.129    karatsuba_1_i/zynq_ultra_ps_e_0/inst/pl_clk_unbuffered[0]
    BUFG_PS_X0Y80        BUFG_PS (Prop_BUFG_PS_I_O)
                                                      0.022     0.151 r  karatsuba_1_i/zynq_ultra_ps_e_0/inst/buffer_pl_clk_0.PL_CLK_0_BUFG/O
    X0Y1 (CLOCK_ROOT)    net (fo=5362, routed)        1.283     1.434    karatsuba_1_i/axi_interconnect_0/s00_couplers/auto_ds/inst/gen_downsizer.gen_simple_downsizer.axi_downsizer_inst/USE_WRITE.write_addr_inst/USE_B_CHANNEL.cmd_b_queue/inst/fifo_gen_inst/inst_fifo_gen/gconvfifo.rf/grf.rf/rstblk/clk
    SLICE_X9Y102         FDRE                                         r  karatsuba_1_i/axi_interconnect_0/s00_couplers/auto_ds/inst/gen_downsizer.gen_simple_downsizer.axi_downsizer_inst/USE_WRITE.write_addr_inst/USE_B_CHANNEL.cmd_b_queue/inst/fifo_gen_inst/inst_fifo_gen/gconvfifo.rf/grf.rf/rstblk/ngwrdrst.grst.g7serrst.gnsckt_wrst.gcc_rst.sckt_wr_rst_cc_reg[0]/C
  -------------------------------------------------------------------    -------------------
    SLICE_X9Y102         FDRE (Prop_AFF_SLICEL_C_Q)
                                                      0.084     1.518 f  karatsuba_1_i/axi_interconnect_0/s00_couplers/auto_ds/inst/gen_downsizer.gen_simple_downsizer.axi_downsizer_inst/USE_WRITE.write_addr_inst/USE_B_CHANNEL.cmd_b_queue/inst/fifo_gen_inst/inst_fifo_gen/gconvfifo.rf/grf.rf/rstblk/ngwrdrst.grst.g7serrst.gnsckt_wrst.gcc_rst.sckt_wr_rst_cc_reg[0]/Q
                         net (fo=3, routed)           0.026     1.544    karatsuba_1_i/axi_interconnect_0/s00_couplers/auto_ds/inst/gen_downsizer.gen_simple_downsizer.axi_downsizer_inst/USE_WRITE.write_addr_inst/USE_B_CHANNEL.cmd_b_queue/inst/fifo_gen_inst/inst_fifo_gen/gconvfifo.rf/grf.rf/rstblk/ngwrdrst.grst.g7serrst.gnsckt_wrst.gcc_rst.sckt_wr_rst_cc[0]
    SLICE_X9Y102         LUT3 (Prop_B6LUT_SLICEL_I1_O)
                                                      0.038     1.582 f  karatsuba_1_i/axi_interconnect_0/s00_couplers/auto_ds/inst/gen_downsizer.gen_simple_downsizer.axi_downsizer_inst/USE_WRITE.write_addr_inst/USE_B_CHANNEL.cmd_b_queue/inst/fifo_gen_inst/inst_fifo_gen/gconvfifo.rf/grf.rf/rstblk/gpregsm1.curr_fwft_state[1]_i_2/O
                         net (fo=32, routed)          0.097     1.678    karatsuba_1_i/axi_interconnect_0/s00_couplers/auto_ds/inst/gen_downsizer.gen_simple_downsizer.axi_downsizer_inst/USE_WRITE.write_addr_inst/USE_B_CHANNEL.cmd_b_queue/inst/fifo_gen_inst/inst_fifo_gen/gconvfifo.rf/grf.rf/gntv_or_sync_fifo.gl0.rd/gr1.gr1_int.rfwft/gpregsm1.user_valid_reg_0
    SLICE_X9Y102         FDPE                                         f  karatsuba_1_i/axi_interconnect_0/s00_couplers/auto_ds/inst/gen_downsizer.gen_simple_downsizer.axi_downsizer_inst/USE_WRITE.write_addr_inst/USE_B_CHANNEL.cmd_b_queue/inst/fifo_gen_inst/inst_fifo_gen/gconvfifo.rf/grf.rf/gntv_or_sync_fifo.gl0.rd/gr1.gr1_int.rfwft/empty_fwft_fb_i_reg/PRE
  -------------------------------------------------------------------    -------------------

                         (clock clk_pl_0 rise edge)
                                                      0.000     0.000 r  
    PS8_X0Y0             PS8                          0.000     0.000 r  karatsuba_1_i/zynq_ultra_ps_e_0/inst/PS8_i/PLCLK[0]
                         net (fo=1, routed)           0.164     0.164    karatsuba_1_i/zynq_ultra_ps_e_0/inst/pl_clk_unbuffered[0]
    BUFG_PS_X0Y80        BUFG_PS (Prop_BUFG_PS_I_O)
                                                      0.023     0.187 r  karatsuba_1_i/zynq_ultra_ps_e_0/inst/buffer_pl_clk_0.PL_CLK_0_BUFG/O
    X0Y1 (CLOCK_ROOT)    net (fo=5362, routed)        1.408     1.595    karatsuba_1_i/axi_interconnect_0/s00_couplers/auto_ds/inst/gen_downsizer.gen_simple_downsizer.axi_downsizer_inst/USE_WRITE.write_addr_inst/USE_B_CHANNEL.cmd_b_queue/inst/fifo_gen_inst/inst_fifo_gen/gconvfifo.rf/grf.rf/gntv_or_sync_fifo.gl0.rd/gr1.gr1_int.rfwft/clk
    SLICE_X9Y102         FDPE                                         r  karatsuba_1_i/axi_interconnect_0/s00_couplers/auto_ds/inst/gen_downsizer.gen_simple_downsizer.axi_downsizer_inst/USE_WRITE.write_addr_inst/USE_B_CHANNEL.cmd_b_queue/inst/fifo_gen_inst/inst_fifo_gen/gconvfifo.rf/grf.rf/gntv_or_sync_fifo.gl0.rd/gr1.gr1_int.rfwft/empty_fwft_fb_i_reg/C
                         clock pessimism             -0.145     1.450    
    SLICE_X9Y102         FDPE (Remov_EFF_SLICEL_C_PRE)
                                                     -0.018     1.432    karatsuba_1_i/axi_interconnect_0/s00_couplers/auto_ds/inst/gen_downsizer.gen_simple_downsizer.axi_downsizer_inst/USE_WRITE.write_addr_inst/USE_B_CHANNEL.cmd_b_queue/inst/fifo_gen_inst/inst_fifo_gen/gconvfifo.rf/grf.rf/gntv_or_sync_fifo.gl0.rd/gr1.gr1_int.rfwft/empty_fwft_fb_i_reg
  -------------------------------------------------------------------
                         required time                         -1.432    
                         arrival time                           1.678    
  -------------------------------------------------------------------
                         slack                                  0.246    

Slack (MET) :             0.246ns  (arrival time - required time)
  Source:                 karatsuba_1_i/axi_interconnect_0/s00_couplers/auto_ds/inst/gen_downsizer.gen_simple_downsizer.axi_downsizer_inst/USE_WRITE.write_addr_inst/USE_B_CHANNEL.cmd_b_queue/inst/fifo_gen_inst/inst_fifo_gen/gconvfifo.rf/grf.rf/rstblk/ngwrdrst.grst.g7serrst.gnsckt_wrst.gcc_rst.sckt_wr_rst_cc_reg[0]/C
                            (rising edge-triggered cell FDRE clocked by clk_pl_0  {rise@0.000ns fall@5.000ns period=10.000ns})
  Destination:            karatsuba_1_i/axi_interconnect_0/s00_couplers/auto_ds/inst/gen_downsizer.gen_simple_downsizer.axi_downsizer_inst/USE_WRITE.write_addr_inst/USE_B_CHANNEL.cmd_b_queue/inst/fifo_gen_inst/inst_fifo_gen/gconvfifo.rf/grf.rf/gntv_or_sync_fifo.gl0.rd/gr1.gr1_int.rfwft/empty_fwft_i_reg/PRE
                            (removal check against rising-edge clock clk_pl_0  {rise@0.000ns fall@5.000ns period=10.000ns})
  Path Group:             **async_default**
  Path Type:              Removal (Min at Fast Process Corner)
  Requirement:            0.000ns  (clk_pl_0 rise@0.000ns - clk_pl_0 rise@0.000ns)
  Data Path Delay:        0.245ns  (logic 0.122ns (49.872%)  route 0.123ns (50.128%))
  Logic Levels:           1  (LUT3=1)
  Clock Path Skew:        0.016ns (DCD - SCD - CPR)
    Destination Clock Delay (DCD):    1.595ns
    Source Clock Delay      (SCD):    1.434ns
    Clock Pessimism Removal (CPR):    0.145ns
  Clock Net Delay (Source):      1.283ns (routing 0.572ns, distribution 0.711ns)
  Clock Net Delay (Destination): 1.408ns (routing 0.623ns, distribution 0.785ns)

    Location             Delay type                Incr(ns)  Path(ns)    Netlist Resource(s)
  -------------------------------------------------------------------    -------------------
                         (clock clk_pl_0 rise edge)
                                                      0.000     0.000 r  
    PS8_X0Y0             PS8                          0.000     0.000 r  karatsuba_1_i/zynq_ultra_ps_e_0/inst/PS8_i/PLCLK[0]
                         net (fo=1, routed)           0.129     0.129    karatsuba_1_i/zynq_ultra_ps_e_0/inst/pl_clk_unbuffered[0]
    BUFG_PS_X0Y80        BUFG_PS (Prop_BUFG_PS_I_O)
                                                      0.022     0.151 r  karatsuba_1_i/zynq_ultra_ps_e_0/inst/buffer_pl_clk_0.PL_CLK_0_BUFG/O
    X0Y1 (CLOCK_ROOT)    net (fo=5362, routed)        1.283     1.434    karatsuba_1_i/axi_interconnect_0/s00_couplers/auto_ds/inst/gen_downsizer.gen_simple_downsizer.axi_downsizer_inst/USE_WRITE.write_addr_inst/USE_B_CHANNEL.cmd_b_queue/inst/fifo_gen_inst/inst_fifo_gen/gconvfifo.rf/grf.rf/rstblk/clk
    SLICE_X9Y102         FDRE                                         r  karatsuba_1_i/axi_interconnect_0/s00_couplers/auto_ds/inst/gen_downsizer.gen_simple_downsizer.axi_downsizer_inst/USE_WRITE.write_addr_inst/USE_B_CHANNEL.cmd_b_queue/inst/fifo_gen_inst/inst_fifo_gen/gconvfifo.rf/grf.rf/rstblk/ngwrdrst.grst.g7serrst.gnsckt_wrst.gcc_rst.sckt_wr_rst_cc_reg[0]/C
  -------------------------------------------------------------------    -------------------
    SLICE_X9Y102         FDRE (Prop_AFF_SLICEL_C_Q)
                                                      0.084     1.518 f  karatsuba_1_i/axi_interconnect_0/s00_couplers/auto_ds/inst/gen_downsizer.gen_simple_downsizer.axi_downsizer_inst/USE_WRITE.write_addr_inst/USE_B_CHANNEL.cmd_b_queue/inst/fifo_gen_inst/inst_fifo_gen/gconvfifo.rf/grf.rf/rstblk/ngwrdrst.grst.g7serrst.gnsckt_wrst.gcc_rst.sckt_wr_rst_cc_reg[0]/Q
                         net (fo=3, routed)           0.026     1.544    karatsuba_1_i/axi_interconnect_0/s00_couplers/auto_ds/inst/gen_downsizer.gen_simple_downsizer.axi_downsizer_inst/USE_WRITE.write_addr_inst/USE_B_CHANNEL.cmd_b_queue/inst/fifo_gen_inst/inst_fifo_gen/gconvfifo.rf/grf.rf/rstblk/ngwrdrst.grst.g7serrst.gnsckt_wrst.gcc_rst.sckt_wr_rst_cc[0]
    SLICE_X9Y102         LUT3 (Prop_B6LUT_SLICEL_I1_O)
                                                      0.038     1.582 f  karatsuba_1_i/axi_interconnect_0/s00_couplers/auto_ds/inst/gen_downsizer.gen_simple_downsizer.axi_downsizer_inst/USE_WRITE.write_addr_inst/USE_B_CHANNEL.cmd_b_queue/inst/fifo_gen_inst/inst_fifo_gen/gconvfifo.rf/grf.rf/rstblk/gpregsm1.curr_fwft_state[1]_i_2/O
                         net (fo=32, routed)          0.097     1.678    karatsuba_1_i/axi_interconnect_0/s00_couplers/auto_ds/inst/gen_downsizer.gen_simple_downsizer.axi_downsizer_inst/USE_WRITE.write_addr_inst/USE_B_CHANNEL.cmd_b_queue/inst/fifo_gen_inst/inst_fifo_gen/gconvfifo.rf/grf.rf/gntv_or_sync_fifo.gl0.rd/gr1.gr1_int.rfwft/gpregsm1.user_valid_reg_0
    SLICE_X9Y102         FDPE                                         f  karatsuba_1_i/axi_interconnect_0/s00_couplers/auto_ds/inst/gen_downsizer.gen_simple_downsizer.axi_downsizer_inst/USE_WRITE.write_addr_inst/USE_B_CHANNEL.cmd_b_queue/inst/fifo_gen_inst/inst_fifo_gen/gconvfifo.rf/grf.rf/gntv_or_sync_fifo.gl0.rd/gr1.gr1_int.rfwft/empty_fwft_i_reg/PRE
  -------------------------------------------------------------------    -------------------

                         (clock clk_pl_0 rise edge)
                                                      0.000     0.000 r  
    PS8_X0Y0             PS8                          0.000     0.000 r  karatsuba_1_i/zynq_ultra_ps_e_0/inst/PS8_i/PLCLK[0]
                         net (fo=1, routed)           0.164     0.164    karatsuba_1_i/zynq_ultra_ps_e_0/inst/pl_clk_unbuffered[0]
    BUFG_PS_X0Y80        BUFG_PS (Prop_BUFG_PS_I_O)
                                                      0.023     0.187 r  karatsuba_1_i/zynq_ultra_ps_e_0/inst/buffer_pl_clk_0.PL_CLK_0_BUFG/O
    X0Y1 (CLOCK_ROOT)    net (fo=5362, routed)        1.408     1.595    karatsuba_1_i/axi_interconnect_0/s00_couplers/auto_ds/inst/gen_downsizer.gen_simple_downsizer.axi_downsizer_inst/USE_WRITE.write_addr_inst/USE_B_CHANNEL.cmd_b_queue/inst/fifo_gen_inst/inst_fifo_gen/gconvfifo.rf/grf.rf/gntv_or_sync_fifo.gl0.rd/gr1.gr1_int.rfwft/clk
    SLICE_X9Y102         FDPE                                         r  karatsuba_1_i/axi_interconnect_0/s00_couplers/auto_ds/inst/gen_downsizer.gen_simple_downsizer.axi_downsizer_inst/USE_WRITE.write_addr_inst/USE_B_CHANNEL.cmd_b_queue/inst/fifo_gen_inst/inst_fifo_gen/gconvfifo.rf/grf.rf/gntv_or_sync_fifo.gl0.rd/gr1.gr1_int.rfwft/empty_fwft_i_reg/C
                         clock pessimism             -0.145     1.450    
    SLICE_X9Y102         FDPE (Remov_EFF2_SLICEL_C_PRE)
                                                     -0.018     1.432    karatsuba_1_i/axi_interconnect_0/s00_couplers/auto_ds/inst/gen_downsizer.gen_simple_downsizer.axi_downsizer_inst/USE_WRITE.write_addr_inst/USE_B_CHANNEL.cmd_b_queue/inst/fifo_gen_inst/inst_fifo_gen/gconvfifo.rf/grf.rf/gntv_or_sync_fifo.gl0.rd/gr1.gr1_int.rfwft/empty_fwft_i_reg
  -------------------------------------------------------------------
                         required time                         -1.432    
                         arrival time                           1.678    
  -------------------------------------------------------------------
                         slack                                  0.246    

Slack (MET) :             0.275ns  (arrival time - required time)
  Source:                 karatsuba_1_i/axi_interconnect_0/s00_couplers/auto_ds/inst/gen_downsizer.gen_simple_downsizer.axi_downsizer_inst/USE_WRITE.write_addr_inst/USE_B_CHANNEL.cmd_b_queue/inst/fifo_gen_inst/inst_fifo_gen/gconvfifo.rf/grf.rf/rstblk/ngwrdrst.grst.g7serrst.gnsckt_wrst.gcc_rst.sckt_wr_rst_cc_reg[0]/C
                            (rising edge-triggered cell FDRE clocked by clk_pl_0  {rise@0.000ns fall@5.000ns period=10.000ns})
  Destination:            karatsuba_1_i/axi_interconnect_0/s00_couplers/auto_ds/inst/gen_downsizer.gen_simple_downsizer.axi_downsizer_inst/USE_WRITE.write_addr_inst/USE_B_CHANNEL.cmd_b_queue/inst/fifo_gen_inst/inst_fifo_gen/gconvfifo.rf/grf.rf/gntv_or_sync_fifo.gl0.rd/rpntr/gc0.count_reg[0]/PRE
                            (removal check against rising-edge clock clk_pl_0  {rise@0.000ns fall@5.000ns period=10.000ns})
  Path Group:             **async_default**
  Path Type:              Removal (Min at Fast Process Corner)
  Requirement:            0.000ns  (clk_pl_0 rise@0.000ns - clk_pl_0 rise@0.000ns)
  Data Path Delay:        0.299ns  (logic 0.122ns (40.841%)  route 0.177ns (59.159%))
  Logic Levels:           1  (LUT3=1)
  Clock Path Skew:        0.041ns (DCD - SCD - CPR)
    Destination Clock Delay (DCD):    1.589ns
    Source Clock Delay      (SCD):    1.434ns
    Clock Pessimism Removal (CPR):    0.114ns
  Clock Net Delay (Source):      1.283ns (routing 0.572ns, distribution 0.711ns)
  Clock Net Delay (Destination): 1.402ns (routing 0.623ns, distribution 0.779ns)

    Location             Delay type                Incr(ns)  Path(ns)    Netlist Resource(s)
  -------------------------------------------------------------------    -------------------
                         (clock clk_pl_0 rise edge)
                                                      0.000     0.000 r  
    PS8_X0Y0             PS8                          0.000     0.000 r  karatsuba_1_i/zynq_ultra_ps_e_0/inst/PS8_i/PLCLK[0]
                         net (fo=1, routed)           0.129     0.129    karatsuba_1_i/zynq_ultra_ps_e_0/inst/pl_clk_unbuffered[0]
    BUFG_PS_X0Y80        BUFG_PS (Prop_BUFG_PS_I_O)
                                                      0.022     0.151 r  karatsuba_1_i/zynq_ultra_ps_e_0/inst/buffer_pl_clk_0.PL_CLK_0_BUFG/O
    X0Y1 (CLOCK_ROOT)    net (fo=5362, routed)        1.283     1.434    karatsuba_1_i/axi_interconnect_0/s00_couplers/auto_ds/inst/gen_downsizer.gen_simple_downsizer.axi_downsizer_inst/USE_WRITE.write_addr_inst/USE_B_CHANNEL.cmd_b_queue/inst/fifo_gen_inst/inst_fifo_gen/gconvfifo.rf/grf.rf/rstblk/clk
    SLICE_X9Y102         FDRE                                         r  karatsuba_1_i/axi_interconnect_0/s00_couplers/auto_ds/inst/gen_downsizer.gen_simple_downsizer.axi_downsizer_inst/USE_WRITE.write_addr_inst/USE_B_CHANNEL.cmd_b_queue/inst/fifo_gen_inst/inst_fifo_gen/gconvfifo.rf/grf.rf/rstblk/ngwrdrst.grst.g7serrst.gnsckt_wrst.gcc_rst.sckt_wr_rst_cc_reg[0]/C
  -------------------------------------------------------------------    -------------------
    SLICE_X9Y102         FDRE (Prop_AFF_SLICEL_C_Q)
                                                      0.084     1.518 f  karatsuba_1_i/axi_interconnect_0/s00_couplers/auto_ds/inst/gen_downsizer.gen_simple_downsizer.axi_downsizer_inst/USE_WRITE.write_addr_inst/USE_B_CHANNEL.cmd_b_queue/inst/fifo_gen_inst/inst_fifo_gen/gconvfifo.rf/grf.rf/rstblk/ngwrdrst.grst.g7serrst.gnsckt_wrst.gcc_rst.sckt_wr_rst_cc_reg[0]/Q
                         net (fo=3, routed)           0.026     1.544    karatsuba_1_i/axi_interconnect_0/s00_couplers/auto_ds/inst/gen_downsizer.gen_simple_downsizer.axi_downsizer_inst/USE_WRITE.write_addr_inst/USE_B_CHANNEL.cmd_b_queue/inst/fifo_gen_inst/inst_fifo_gen/gconvfifo.rf/grf.rf/rstblk/ngwrdrst.grst.g7serrst.gnsckt_wrst.gcc_rst.sckt_wr_rst_cc[0]
    SLICE_X9Y102         LUT3 (Prop_B6LUT_SLICEL_I1_O)
                                                      0.038     1.582 f  karatsuba_1_i/axi_interconnect_0/s00_couplers/auto_ds/inst/gen_downsizer.gen_simple_downsizer.axi_downsizer_inst/USE_WRITE.write_addr_inst/USE_B_CHANNEL.cmd_b_queue/inst/fifo_gen_inst/inst_fifo_gen/gconvfifo.rf/grf.rf/rstblk/gpregsm1.curr_fwft_state[1]_i_2/O
                         net (fo=32, routed)          0.151     1.732    karatsuba_1_i/axi_interconnect_0/s00_couplers/auto_ds/inst/gen_downsizer.gen_simple_downsizer.axi_downsizer_inst/USE_WRITE.write_addr_inst/USE_B_CHANNEL.cmd_b_queue/inst/fifo_gen_inst/inst_fifo_gen/gconvfifo.rf/grf.rf/gntv_or_sync_fifo.gl0.rd/rpntr/gc0.count_d1_reg[4]_1
    SLICE_X10Y104        FDPE                                         f  karatsuba_1_i/axi_interconnect_0/s00_couplers/auto_ds/inst/gen_downsizer.gen_simple_downsizer.axi_downsizer_inst/USE_WRITE.write_addr_inst/USE_B_CHANNEL.cmd_b_queue/inst/fifo_gen_inst/inst_fifo_gen/gconvfifo.rf/grf.rf/gntv_or_sync_fifo.gl0.rd/rpntr/gc0.count_reg[0]/PRE
  -------------------------------------------------------------------    -------------------

                         (clock clk_pl_0 rise edge)
                                                      0.000     0.000 r  
    PS8_X0Y0             PS8                          0.000     0.000 r  karatsuba_1_i/zynq_ultra_ps_e_0/inst/PS8_i/PLCLK[0]
                         net (fo=1, routed)           0.164     0.164    karatsuba_1_i/zynq_ultra_ps_e_0/inst/pl_clk_unbuffered[0]
    BUFG_PS_X0Y80        BUFG_PS (Prop_BUFG_PS_I_O)
                                                      0.023     0.187 r  karatsuba_1_i/zynq_ultra_ps_e_0/inst/buffer_pl_clk_0.PL_CLK_0_BUFG/O
    X0Y1 (CLOCK_ROOT)    net (fo=5362, routed)        1.402     1.589    karatsuba_1_i/axi_interconnect_0/s00_couplers/auto_ds/inst/gen_downsizer.gen_simple_downsizer.axi_downsizer_inst/USE_WRITE.write_addr_inst/USE_B_CHANNEL.cmd_b_queue/inst/fifo_gen_inst/inst_fifo_gen/gconvfifo.rf/grf.rf/gntv_or_sync_fifo.gl0.rd/rpntr/clk
    SLICE_X10Y104        FDPE                                         r  karatsuba_1_i/axi_interconnect_0/s00_couplers/auto_ds/inst/gen_downsizer.gen_simple_downsizer.axi_downsizer_inst/USE_WRITE.write_addr_inst/USE_B_CHANNEL.cmd_b_queue/inst/fifo_gen_inst/inst_fifo_gen/gconvfifo.rf/grf.rf/gntv_or_sync_fifo.gl0.rd/rpntr/gc0.count_reg[0]/C
                         clock pessimism             -0.114     1.475    
    SLICE_X10Y104        FDPE (Remov_BFF2_SLICEM_C_PRE)
                                                     -0.018     1.457    karatsuba_1_i/axi_interconnect_0/s00_couplers/auto_ds/inst/gen_downsizer.gen_simple_downsizer.axi_downsizer_inst/USE_WRITE.write_addr_inst/USE_B_CHANNEL.cmd_b_queue/inst/fifo_gen_inst/inst_fifo_gen/gconvfifo.rf/grf.rf/gntv_or_sync_fifo.gl0.rd/rpntr/gc0.count_reg[0]
  -------------------------------------------------------------------
                         required time                         -1.457    
                         arrival time                           1.732    
  -------------------------------------------------------------------
                         slack                                  0.275    

Slack (MET) :             0.275ns  (arrival time - required time)
  Source:                 karatsuba_1_i/axi_interconnect_0/s00_couplers/auto_ds/inst/gen_downsizer.gen_simple_downsizer.axi_downsizer_inst/USE_WRITE.write_addr_inst/USE_B_CHANNEL.cmd_b_queue/inst/fifo_gen_inst/inst_fifo_gen/gconvfifo.rf/grf.rf/rstblk/ngwrdrst.grst.g7serrst.gnsckt_wrst.gcc_rst.sckt_wr_rst_cc_reg[0]/C
                            (rising edge-triggered cell FDRE clocked by clk_pl_0  {rise@0.000ns fall@5.000ns period=10.000ns})
  Destination:            karatsuba_1_i/axi_interconnect_0/s00_couplers/auto_ds/inst/gen_downsizer.gen_simple_downsizer.axi_downsizer_inst/USE_WRITE.write_addr_inst/USE_B_CHANNEL.cmd_b_queue/inst/fifo_gen_inst/inst_fifo_gen/gconvfifo.rf/grf.rf/gntv_or_sync_fifo.gl0.rd/rpntr/gc0.count_reg[1]/CLR
                            (removal check against rising-edge clock clk_pl_0  {rise@0.000ns fall@5.000ns period=10.000ns})
  Path Group:             **async_default**
  Path Type:              Removal (Min at Fast Process Corner)
  Requirement:            0.000ns  (clk_pl_0 rise@0.000ns - clk_pl_0 rise@0.000ns)
  Data Path Delay:        0.299ns  (logic 0.122ns (40.841%)  route 0.177ns (59.159%))
  Logic Levels:           1  (LUT3=1)
  Clock Path Skew:        0.041ns (DCD - SCD - CPR)
    Destination Clock Delay (DCD):    1.589ns
    Source Clock Delay      (SCD):    1.434ns
    Clock Pessimism Removal (CPR):    0.114ns
  Clock Net Delay (Source):      1.283ns (routing 0.572ns, distribution 0.711ns)
  Clock Net Delay (Destination): 1.402ns (routing 0.623ns, distribution 0.779ns)

    Location             Delay type                Incr(ns)  Path(ns)    Netlist Resource(s)
  -------------------------------------------------------------------    -------------------
                         (clock clk_pl_0 rise edge)
                                                      0.000     0.000 r  
    PS8_X0Y0             PS8                          0.000     0.000 r  karatsuba_1_i/zynq_ultra_ps_e_0/inst/PS8_i/PLCLK[0]
                         net (fo=1, routed)           0.129     0.129    karatsuba_1_i/zynq_ultra_ps_e_0/inst/pl_clk_unbuffered[0]
    BUFG_PS_X0Y80        BUFG_PS (Prop_BUFG_PS_I_O)
                                                      0.022     0.151 r  karatsuba_1_i/zynq_ultra_ps_e_0/inst/buffer_pl_clk_0.PL_CLK_0_BUFG/O
    X0Y1 (CLOCK_ROOT)    net (fo=5362, routed)        1.283     1.434    karatsuba_1_i/axi_interconnect_0/s00_couplers/auto_ds/inst/gen_downsizer.gen_simple_downsizer.axi_downsizer_inst/USE_WRITE.write_addr_inst/USE_B_CHANNEL.cmd_b_queue/inst/fifo_gen_inst/inst_fifo_gen/gconvfifo.rf/grf.rf/rstblk/clk
    SLICE_X9Y102         FDRE                                         r  karatsuba_1_i/axi_interconnect_0/s00_couplers/auto_ds/inst/gen_downsizer.gen_simple_downsizer.axi_downsizer_inst/USE_WRITE.write_addr_inst/USE_B_CHANNEL.cmd_b_queue/inst/fifo_gen_inst/inst_fifo_gen/gconvfifo.rf/grf.rf/rstblk/ngwrdrst.grst.g7serrst.gnsckt_wrst.gcc_rst.sckt_wr_rst_cc_reg[0]/C
  -------------------------------------------------------------------    -------------------
    SLICE_X9Y102         FDRE (Prop_AFF_SLICEL_C_Q)
                                                      0.084     1.518 f  karatsuba_1_i/axi_interconnect_0/s00_couplers/auto_ds/inst/gen_downsizer.gen_simple_downsizer.axi_downsizer_inst/USE_WRITE.write_addr_inst/USE_B_CHANNEL.cmd_b_queue/inst/fifo_gen_inst/inst_fifo_gen/gconvfifo.rf/grf.rf/rstblk/ngwrdrst.grst.g7serrst.gnsckt_wrst.gcc_rst.sckt_wr_rst_cc_reg[0]/Q
                         net (fo=3, routed)           0.026     1.544    karatsuba_1_i/axi_interconnect_0/s00_couplers/auto_ds/inst/gen_downsizer.gen_simple_downsizer.axi_downsizer_inst/USE_WRITE.write_addr_inst/USE_B_CHANNEL.cmd_b_queue/inst/fifo_gen_inst/inst_fifo_gen/gconvfifo.rf/grf.rf/rstblk/ngwrdrst.grst.g7serrst.gnsckt_wrst.gcc_rst.sckt_wr_rst_cc[0]
    SLICE_X9Y102         LUT3 (Prop_B6LUT_SLICEL_I1_O)
                                                      0.038     1.582 f  karatsuba_1_i/axi_interconnect_0/s00_couplers/auto_ds/inst/gen_downsizer.gen_simple_downsizer.axi_downsizer_inst/USE_WRITE.write_addr_inst/USE_B_CHANNEL.cmd_b_queue/inst/fifo_gen_inst/inst_fifo_gen/gconvfifo.rf/grf.rf/rstblk/gpregsm1.curr_fwft_state[1]_i_2/O
                         net (fo=32, routed)          0.151     1.732    karatsuba_1_i/axi_interconnect_0/s00_couplers/auto_ds/inst/gen_downsizer.gen_simple_downsizer.axi_downsizer_inst/USE_WRITE.write_addr_inst/USE_B_CHANNEL.cmd_b_queue/inst/fifo_gen_inst/inst_fifo_gen/gconvfifo.rf/grf.rf/gntv_or_sync_fifo.gl0.rd/rpntr/gc0.count_d1_reg[4]_1
    SLICE_X10Y104        FDCE                                         f  karatsuba_1_i/axi_interconnect_0/s00_couplers/auto_ds/inst/gen_downsizer.gen_simple_downsizer.axi_downsizer_inst/USE_WRITE.write_addr_inst/USE_B_CHANNEL.cmd_b_queue/inst/fifo_gen_inst/inst_fifo_gen/gconvfifo.rf/grf.rf/gntv_or_sync_fifo.gl0.rd/rpntr/gc0.count_reg[1]/CLR
  -------------------------------------------------------------------    -------------------

                         (clock clk_pl_0 rise edge)
                                                      0.000     0.000 r  
    PS8_X0Y0             PS8                          0.000     0.000 r  karatsuba_1_i/zynq_ultra_ps_e_0/inst/PS8_i/PLCLK[0]
                         net (fo=1, routed)           0.164     0.164    karatsuba_1_i/zynq_ultra_ps_e_0/inst/pl_clk_unbuffered[0]
    BUFG_PS_X0Y80        BUFG_PS (Prop_BUFG_PS_I_O)
                                                      0.023     0.187 r  karatsuba_1_i/zynq_ultra_ps_e_0/inst/buffer_pl_clk_0.PL_CLK_0_BUFG/O
    X0Y1 (CLOCK_ROOT)    net (fo=5362, routed)        1.402     1.589    karatsuba_1_i/axi_interconnect_0/s00_couplers/auto_ds/inst/gen_downsizer.gen_simple_downsizer.axi_downsizer_inst/USE_WRITE.write_addr_inst/USE_B_CHANNEL.cmd_b_queue/inst/fifo_gen_inst/inst_fifo_gen/gconvfifo.rf/grf.rf/gntv_or_sync_fifo.gl0.rd/rpntr/clk
    SLICE_X10Y104        FDCE                                         r  karatsuba_1_i/axi_interconnect_0/s00_couplers/auto_ds/inst/gen_downsizer.gen_simple_downsizer.axi_downsizer_inst/USE_WRITE.write_addr_inst/USE_B_CHANNEL.cmd_b_queue/inst/fifo_gen_inst/inst_fifo_gen/gconvfifo.rf/grf.rf/gntv_or_sync_fifo.gl0.rd/rpntr/gc0.count_reg[1]/C
                         clock pessimism             -0.114     1.475    
    SLICE_X10Y104        FDCE (Remov_DFF_SLICEM_C_CLR)
                                                     -0.018     1.457    karatsuba_1_i/axi_interconnect_0/s00_couplers/auto_ds/inst/gen_downsizer.gen_simple_downsizer.axi_downsizer_inst/USE_WRITE.write_addr_inst/USE_B_CHANNEL.cmd_b_queue/inst/fifo_gen_inst/inst_fifo_gen/gconvfifo.rf/grf.rf/gntv_or_sync_fifo.gl0.rd/rpntr/gc0.count_reg[1]
  -------------------------------------------------------------------
                         required time                         -1.457    
                         arrival time                           1.732    
  -------------------------------------------------------------------
                         slack                                  0.275    





--------------------------------------------------------------------------------------
Path Group:  (none)
From Clock:  
  To Clock:  clk_pl_0

Max Delay             1 Endpoint
Min Delay             1 Endpoint
--------------------------------------------------------------------------------------


Max Delay Paths
--------------------------------------------------------------------------------------
Slack:                    inf
  Source:                 karatsuba_1_i/zynq_ultra_ps_e_0/inst/PS8_i/EMIOGPIOO[95]
                            (internal pin)
  Destination:            karatsuba_1_i/rst_ps8_0_99M/U0/EXT_LPF/ACTIVE_LOW_EXT.ACT_LO_EXT/GENERATE_LEVEL_P_S_CDC.SINGLE_BIT.CROSS_PLEVEL_IN2SCNDRY_IN_cdc_to/D
                            (rising edge-triggered cell FDRE clocked by clk_pl_0  {rise@0.000ns fall@5.000ns period=10.000ns})
  Path Group:             (none)
  Path Type:              Setup (Max at Slow Process Corner)
  Data Path Delay:        2.099ns  (logic 0.228ns (10.862%)  route 1.871ns (89.138%))
  Logic Levels:           1  (LUT1=1)
  Clock Uncertainty:      0.158ns  ((TSJ^2 + DJ^2)^1/2) / 2 + PE
    Total System Jitter     (TSJ):    0.050ns
    Discrete Jitter          (DJ):    0.312ns
    Phase Error              (PE):    0.000ns
  Clock Net Delay (Destination): 2.181ns (routing 0.955ns, distribution 1.226ns)
  Timing Exception:       False Path

    Location             Delay type                Incr(ns)  Path(ns)    Netlist Resource(s)
  -------------------------------------------------------------------    -------------------
    PS8_X0Y0             PS8                          0.000     0.000 f  karatsuba_1_i/zynq_ultra_ps_e_0/inst/PS8_i/EMIOGPIOO[95]
                         net (fo=1, routed)           1.496     1.496    karatsuba_1_i/rst_ps8_0_99M/U0/EXT_LPF/ACTIVE_LOW_EXT.ACT_LO_EXT/ext_reset_in
    SLICE_X8Y123         LUT1 (Prop_H6LUT_SLICEM_I0_O)
                                                      0.228     1.724 r  karatsuba_1_i/rst_ps8_0_99M/U0/EXT_LPF/ACTIVE_LOW_EXT.ACT_LO_EXT/GENERATE_LEVEL_P_S_CDC.SINGLE_BIT.CROSS_PLEVEL_IN2SCNDRY_IN_cdc_to_i_1/O
                         net (fo=1, routed)           0.375     2.099    karatsuba_1_i/rst_ps8_0_99M/U0/EXT_LPF/ACTIVE_LOW_EXT.ACT_LO_EXT/exr_d1
    SLICE_X8Y123         FDRE                                         r  karatsuba_1_i/rst_ps8_0_99M/U0/EXT_LPF/ACTIVE_LOW_EXT.ACT_LO_EXT/GENERATE_LEVEL_P_S_CDC.SINGLE_BIT.CROSS_PLEVEL_IN2SCNDRY_IN_cdc_to/D
  -------------------------------------------------------------------    -------------------

                         (clock clk_pl_0 rise edge)
                                                      0.000     0.000 r  
    PS8_X0Y0             PS8                          0.000     0.000 r  karatsuba_1_i/zynq_ultra_ps_e_0/inst/PS8_i/PLCLK[0]
                         net (fo=1, routed)           0.181     0.181    karatsuba_1_i/zynq_ultra_ps_e_0/inst/pl_clk_unbuffered[0]
    BUFG_PS_X0Y80        BUFG_PS (Prop_BUFG_PS_I_O)
                                                      0.035     0.216 r  karatsuba_1_i/zynq_ultra_ps_e_0/inst/buffer_pl_clk_0.PL_CLK_0_BUFG/O
    X0Y1 (CLOCK_ROOT)    net (fo=5362, routed)        2.181     2.397    karatsuba_1_i/rst_ps8_0_99M/U0/EXT_LPF/ACTIVE_LOW_EXT.ACT_LO_EXT/slowest_sync_clk
    SLICE_X8Y123         FDRE                                         r  karatsuba_1_i/rst_ps8_0_99M/U0/EXT_LPF/ACTIVE_LOW_EXT.ACT_LO_EXT/GENERATE_LEVEL_P_S_CDC.SINGLE_BIT.CROSS_PLEVEL_IN2SCNDRY_IN_cdc_to/C





Min Delay Paths
--------------------------------------------------------------------------------------
Slack:                    inf
  Source:                 karatsuba_1_i/zynq_ultra_ps_e_0/inst/PS8_i/EMIOGPIOO[95]
                            (internal pin)
  Destination:            karatsuba_1_i/rst_ps8_0_99M/U0/EXT_LPF/ACTIVE_LOW_EXT.ACT_LO_EXT/GENERATE_LEVEL_P_S_CDC.SINGLE_BIT.CROSS_PLEVEL_IN2SCNDRY_IN_cdc_to/D
                            (rising edge-triggered cell FDRE clocked by clk_pl_0  {rise@0.000ns fall@5.000ns period=10.000ns})
  Path Group:             (none)
  Path Type:              Hold (Min at Fast Process Corner)
  Data Path Delay:        0.834ns  (logic 0.106ns (12.710%)  route 0.728ns (87.290%))
  Logic Levels:           1  (LUT1=1)
  Clock Uncertainty:      0.158ns  ((TSJ^2 + DJ^2)^1/2) / 2 + PE
    Total System Jitter     (TSJ):    0.050ns
    Discrete Jitter          (DJ):    0.312ns
    Phase Error              (PE):    0.000ns
  Clock Net Delay (Destination): 1.443ns (routing 0.623ns, distribution 0.820ns)
  Timing Exception:       False Path

    Location             Delay type                Incr(ns)  Path(ns)    Netlist Resource(s)
  -------------------------------------------------------------------    -------------------
    PS8_X0Y0             PS8                          0.000     0.000 f  karatsuba_1_i/zynq_ultra_ps_e_0/inst/PS8_i/EMIOGPIOO[95]
                         net (fo=1, routed)           0.611     0.611    karatsuba_1_i/rst_ps8_0_99M/U0/EXT_LPF/ACTIVE_LOW_EXT.ACT_LO_EXT/ext_reset_in
    SLICE_X8Y123         LUT1 (Prop_H6LUT_SLICEM_I0_O)
                                                      0.106     0.717 r  karatsuba_1_i/rst_ps8_0_99M/U0/EXT_LPF/ACTIVE_LOW_EXT.ACT_LO_EXT/GENERATE_LEVEL_P_S_CDC.SINGLE_BIT.CROSS_PLEVEL_IN2SCNDRY_IN_cdc_to_i_1/O
                         net (fo=1, routed)           0.117     0.834    karatsuba_1_i/rst_ps8_0_99M/U0/EXT_LPF/ACTIVE_LOW_EXT.ACT_LO_EXT/exr_d1
    SLICE_X8Y123         FDRE                                         r  karatsuba_1_i/rst_ps8_0_99M/U0/EXT_LPF/ACTIVE_LOW_EXT.ACT_LO_EXT/GENERATE_LEVEL_P_S_CDC.SINGLE_BIT.CROSS_PLEVEL_IN2SCNDRY_IN_cdc_to/D
  -------------------------------------------------------------------    -------------------

                         (clock clk_pl_0 rise edge)
                                                      0.000     0.000 r  
    PS8_X0Y0             PS8                          0.000     0.000 r  karatsuba_1_i/zynq_ultra_ps_e_0/inst/PS8_i/PLCLK[0]
                         net (fo=1, routed)           0.164     0.164    karatsuba_1_i/zynq_ultra_ps_e_0/inst/pl_clk_unbuffered[0]
    BUFG_PS_X0Y80        BUFG_PS (Prop_BUFG_PS_I_O)
                                                      0.023     0.187 r  karatsuba_1_i/zynq_ultra_ps_e_0/inst/buffer_pl_clk_0.PL_CLK_0_BUFG/O
    X0Y1 (CLOCK_ROOT)    net (fo=5362, routed)        1.443     1.630    karatsuba_1_i/rst_ps8_0_99M/U0/EXT_LPF/ACTIVE_LOW_EXT.ACT_LO_EXT/slowest_sync_clk
    SLICE_X8Y123         FDRE                                         r  karatsuba_1_i/rst_ps8_0_99M/U0/EXT_LPF/ACTIVE_LOW_EXT.ACT_LO_EXT/GENERATE_LEVEL_P_S_CDC.SINGLE_BIT.CROSS_PLEVEL_IN2SCNDRY_IN_cdc_to/C





--------------------------------------------------------------------------------------
Path Group:  (none)
From Clock:  clk_pl_0
  To Clock:  clk_pl_0

Max Delay             8 Endpoints
Min Delay             8 Endpoints
--------------------------------------------------------------------------------------


Max Delay Paths
--------------------------------------------------------------------------------------
Slack:                    inf
  Source:                 karatsuba_1_i/rst_ps8_0_99M/U0/ACTIVE_LOW_PR_OUT_DFF[0].FDRE_PER_N/C
                            (rising edge-triggered cell FDRE clocked by clk_pl_0  {rise@0.000ns fall@5.000ns period=10.000ns})
  Destination:            karatsuba_1_i/axi_dma_0/U0/I_RST_MODULE/REG_HRD_RST/GENERATE_LEVEL_P_S_CDC.SINGLE_BIT.CROSS_PLEVEL_IN2SCNDRY_IN_cdc_to/D
                            (rising edge-triggered cell FDRE clocked by clk_pl_0  {rise@0.000ns fall@5.000ns period=10.000ns})
  Path Group:             (none)
  Path Type:              Setup (Max at Slow Process Corner)
  Data Path Delay:        1.847ns  (logic 0.114ns (6.173%)  route 1.733ns (93.827%))
  Logic Levels:           0  
  Clock Path Skew:        -0.280ns (DCD - SCD + CPR)
    Destination Clock Delay (DCD):    2.343ns
    Source Clock Delay      (SCD):    2.623ns
    Clock Pessimism Removal (CPR):    0.000ns
  Clock Uncertainty:      0.160ns  ((TSJ^2 + DJ^2)^1/2) / 2 + PE
    Total System Jitter     (TSJ):    0.071ns
    Discrete Jitter          (DJ):    0.312ns
    Phase Error              (PE):    0.000ns
  Clock Net Delay (Source):      2.356ns (routing 1.045ns, distribution 1.311ns)
  Clock Net Delay (Destination): 2.127ns (routing 0.955ns, distribution 1.172ns)
  Timing Exception:       False Path

    Location             Delay type                Incr(ns)  Path(ns)    Netlist Resource(s)
  -------------------------------------------------------------------    -------------------
                         (clock clk_pl_0 rise edge)
                                                      0.000     0.000 r  
    PS8_X0Y0             PS8                          0.000     0.000 r  karatsuba_1_i/zynq_ultra_ps_e_0/inst/PS8_i/PLCLK[0]
                         net (fo=1, routed)           0.229     0.229    karatsuba_1_i/zynq_ultra_ps_e_0/inst/pl_clk_unbuffered[0]
    BUFG_PS_X0Y80        BUFG_PS (Prop_BUFG_PS_I_O)
                                                      0.038     0.267 r  karatsuba_1_i/zynq_ultra_ps_e_0/inst/buffer_pl_clk_0.PL_CLK_0_BUFG/O
    X0Y1 (CLOCK_ROOT)    net (fo=5362, routed)        2.356     2.623    karatsuba_1_i/rst_ps8_0_99M/U0/slowest_sync_clk
    SLICE_X9Y118         FDRE                                         r  karatsuba_1_i/rst_ps8_0_99M/U0/ACTIVE_LOW_PR_OUT_DFF[0].FDRE_PER_N/C
  -------------------------------------------------------------------    -------------------
    SLICE_X9Y118         FDRE (Prop_AFF_SLICEL_C_Q)
                                                      0.114     2.737 r  karatsuba_1_i/rst_ps8_0_99M/U0/ACTIVE_LOW_PR_OUT_DFF[0].FDRE_PER_N/Q
                         net (fo=1236, routed)        1.733     4.470    karatsuba_1_i/axi_dma_0/U0/I_RST_MODULE/REG_HRD_RST/axi_resetn
    SLICE_X9Y86          FDRE                                         r  karatsuba_1_i/axi_dma_0/U0/I_RST_MODULE/REG_HRD_RST/GENERATE_LEVEL_P_S_CDC.SINGLE_BIT.CROSS_PLEVEL_IN2SCNDRY_IN_cdc_to/D
  -------------------------------------------------------------------    -------------------

                         (clock clk_pl_0 rise edge)
                                                      0.000     0.000 r  
    PS8_X0Y0             PS8                          0.000     0.000 r  karatsuba_1_i/zynq_ultra_ps_e_0/inst/PS8_i/PLCLK[0]
                         net (fo=1, routed)           0.181     0.181    karatsuba_1_i/zynq_ultra_ps_e_0/inst/pl_clk_unbuffered[0]
    BUFG_PS_X0Y80        BUFG_PS (Prop_BUFG_PS_I_O)
                                                      0.035     0.216 r  karatsuba_1_i/zynq_ultra_ps_e_0/inst/buffer_pl_clk_0.PL_CLK_0_BUFG/O
    X0Y1 (CLOCK_ROOT)    net (fo=5362, routed)        2.127     2.343    karatsuba_1_i/axi_dma_0/U0/I_RST_MODULE/REG_HRD_RST/s_axi_lite_aclk
    SLICE_X9Y86          FDRE                                         r  karatsuba_1_i/axi_dma_0/U0/I_RST_MODULE/REG_HRD_RST/GENERATE_LEVEL_P_S_CDC.SINGLE_BIT.CROSS_PLEVEL_IN2SCNDRY_IN_cdc_to/C

Slack:                    inf
  Source:                 karatsuba_1_i/rst_ps8_0_99M/U0/ACTIVE_LOW_PR_OUT_DFF[0].FDRE_PER_N/C
                            (rising edge-triggered cell FDRE clocked by clk_pl_0  {rise@0.000ns fall@5.000ns period=10.000ns})
  Destination:            karatsuba_1_i/axi_interconnect_0/s00_couplers/auto_ds/inst/gen_downsizer.gen_simple_downsizer.axi_downsizer_inst/USE_WRITE.write_addr_inst/cmd_queue/inst/fifo_gen_inst/inst_fifo_gen/gconvfifo.rf/grf.rf/rstblk/ngwrdrst.grst.g7serrst.gnsckt_wrst.rst_wr_reg2_inst/arststages_ff_reg[0]/PRE
                            (recovery check against rising-edge clock clk_pl_0  {rise@0.000ns fall@5.000ns period=10.000ns})
  Path Group:             (none)
  Path Type:              Recovery (Max at Slow Process Corner)
  Data Path Delay:        1.699ns  (logic 0.114ns (6.711%)  route 1.585ns (93.289%))
  Logic Levels:           0  
  Clock Path Skew:        -0.281ns (DCD - SCD + CPR)
    Destination Clock Delay (DCD):    2.342ns
    Source Clock Delay      (SCD):    2.623ns
    Clock Pessimism Removal (CPR):    0.000ns
  Clock Uncertainty:      0.160ns  ((TSJ^2 + DJ^2)^1/2) / 2 + PE
    Total System Jitter     (TSJ):    0.071ns
    Discrete Jitter          (DJ):    0.312ns
    Phase Error              (PE):    0.000ns
  Clock Net Delay (Source):      2.356ns (routing 1.045ns, distribution 1.311ns)
  Clock Net Delay (Destination): 2.126ns (routing 0.955ns, distribution 1.171ns)
  Timing Exception:       False Path

    Location             Delay type                Incr(ns)  Path(ns)    Netlist Resource(s)
  -------------------------------------------------------------------    -------------------
                         (clock clk_pl_0 rise edge)
                                                      0.000     0.000 r  
    PS8_X0Y0             PS8                          0.000     0.000 r  karatsuba_1_i/zynq_ultra_ps_e_0/inst/PS8_i/PLCLK[0]
                         net (fo=1, routed)           0.229     0.229    karatsuba_1_i/zynq_ultra_ps_e_0/inst/pl_clk_unbuffered[0]
    BUFG_PS_X0Y80        BUFG_PS (Prop_BUFG_PS_I_O)
                                                      0.038     0.267 r  karatsuba_1_i/zynq_ultra_ps_e_0/inst/buffer_pl_clk_0.PL_CLK_0_BUFG/O
    X0Y1 (CLOCK_ROOT)    net (fo=5362, routed)        2.356     2.623    karatsuba_1_i/rst_ps8_0_99M/U0/slowest_sync_clk
    SLICE_X9Y118         FDRE                                         r  karatsuba_1_i/rst_ps8_0_99M/U0/ACTIVE_LOW_PR_OUT_DFF[0].FDRE_PER_N/C
  -------------------------------------------------------------------    -------------------
    SLICE_X9Y118         FDRE (Prop_AFF_SLICEL_C_Q)
                                                      0.114     2.737 r  karatsuba_1_i/rst_ps8_0_99M/U0/ACTIVE_LOW_PR_OUT_DFF[0].FDRE_PER_N/Q
                         net (fo=1236, routed)        1.585     4.322    karatsuba_1_i/axi_interconnect_0/s00_couplers/auto_ds/inst/gen_downsizer.gen_simple_downsizer.axi_downsizer_inst/USE_WRITE.write_addr_inst/cmd_queue/inst/fifo_gen_inst/inst_fifo_gen/gconvfifo.rf/grf.rf/rstblk/ngwrdrst.grst.g7serrst.gnsckt_wrst.rst_wr_reg2_inst/src_arst
    SLICE_X10Y103        FDPE                                         f  karatsuba_1_i/axi_interconnect_0/s00_couplers/auto_ds/inst/gen_downsizer.gen_simple_downsizer.axi_downsizer_inst/USE_WRITE.write_addr_inst/cmd_queue/inst/fifo_gen_inst/inst_fifo_gen/gconvfifo.rf/grf.rf/rstblk/ngwrdrst.grst.g7serrst.gnsckt_wrst.rst_wr_reg2_inst/arststages_ff_reg[0]/PRE  (IS_INVERTED)
  -------------------------------------------------------------------    -------------------

                         (clock clk_pl_0 rise edge)
                                                      0.000     0.000 r  
    PS8_X0Y0             PS8                          0.000     0.000 r  karatsuba_1_i/zynq_ultra_ps_e_0/inst/PS8_i/PLCLK[0]
                         net (fo=1, routed)           0.181     0.181    karatsuba_1_i/zynq_ultra_ps_e_0/inst/pl_clk_unbuffered[0]
    BUFG_PS_X0Y80        BUFG_PS (Prop_BUFG_PS_I_O)
                                                      0.035     0.216 r  karatsuba_1_i/zynq_ultra_ps_e_0/inst/buffer_pl_clk_0.PL_CLK_0_BUFG/O
    X0Y1 (CLOCK_ROOT)    net (fo=5362, routed)        2.126     2.342    karatsuba_1_i/axi_interconnect_0/s00_couplers/auto_ds/inst/gen_downsizer.gen_simple_downsizer.axi_downsizer_inst/USE_WRITE.write_addr_inst/cmd_queue/inst/fifo_gen_inst/inst_fifo_gen/gconvfifo.rf/grf.rf/rstblk/ngwrdrst.grst.g7serrst.gnsckt_wrst.rst_wr_reg2_inst/dest_clk
    SLICE_X10Y103        FDPE                                         r  karatsuba_1_i/axi_interconnect_0/s00_couplers/auto_ds/inst/gen_downsizer.gen_simple_downsizer.axi_downsizer_inst/USE_WRITE.write_addr_inst/cmd_queue/inst/fifo_gen_inst/inst_fifo_gen/gconvfifo.rf/grf.rf/rstblk/ngwrdrst.grst.g7serrst.gnsckt_wrst.rst_wr_reg2_inst/arststages_ff_reg[0]/C

Slack:                    inf
  Source:                 karatsuba_1_i/rst_ps8_0_99M/U0/ACTIVE_LOW_PR_OUT_DFF[0].FDRE_PER_N/C
                            (rising edge-triggered cell FDRE clocked by clk_pl_0  {rise@0.000ns fall@5.000ns period=10.000ns})
  Destination:            karatsuba_1_i/axi_interconnect_0/s00_couplers/auto_ds/inst/gen_downsizer.gen_simple_downsizer.axi_downsizer_inst/USE_WRITE.write_addr_inst/cmd_queue/inst/fifo_gen_inst/inst_fifo_gen/gconvfifo.rf/grf.rf/rstblk/ngwrdrst.grst.g7serrst.gnsckt_wrst.rst_wr_reg2_inst/arststages_ff_reg[1]/PRE
                            (recovery check against rising-edge clock clk_pl_0  {rise@0.000ns fall@5.000ns period=10.000ns})
  Path Group:             (none)
  Path Type:              Recovery (Max at Slow Process Corner)
  Data Path Delay:        1.699ns  (logic 0.114ns (6.711%)  route 1.585ns (93.289%))
  Logic Levels:           0  
  Clock Path Skew:        -0.281ns (DCD - SCD + CPR)
    Destination Clock Delay (DCD):    2.342ns
    Source Clock Delay      (SCD):    2.623ns
    Clock Pessimism Removal (CPR):    0.000ns
  Clock Uncertainty:      0.160ns  ((TSJ^2 + DJ^2)^1/2) / 2 + PE
    Total System Jitter     (TSJ):    0.071ns
    Discrete Jitter          (DJ):    0.312ns
    Phase Error              (PE):    0.000ns
  Clock Net Delay (Source):      2.356ns (routing 1.045ns, distribution 1.311ns)
  Clock Net Delay (Destination): 2.126ns (routing 0.955ns, distribution 1.171ns)
  Timing Exception:       False Path

    Location             Delay type                Incr(ns)  Path(ns)    Netlist Resource(s)
  -------------------------------------------------------------------    -------------------
                         (clock clk_pl_0 rise edge)
                                                      0.000     0.000 r  
    PS8_X0Y0             PS8                          0.000     0.000 r  karatsuba_1_i/zynq_ultra_ps_e_0/inst/PS8_i/PLCLK[0]
                         net (fo=1, routed)           0.229     0.229    karatsuba_1_i/zynq_ultra_ps_e_0/inst/pl_clk_unbuffered[0]
    BUFG_PS_X0Y80        BUFG_PS (Prop_BUFG_PS_I_O)
                                                      0.038     0.267 r  karatsuba_1_i/zynq_ultra_ps_e_0/inst/buffer_pl_clk_0.PL_CLK_0_BUFG/O
    X0Y1 (CLOCK_ROOT)    net (fo=5362, routed)        2.356     2.623    karatsuba_1_i/rst_ps8_0_99M/U0/slowest_sync_clk
    SLICE_X9Y118         FDRE                                         r  karatsuba_1_i/rst_ps8_0_99M/U0/ACTIVE_LOW_PR_OUT_DFF[0].FDRE_PER_N/C
  -------------------------------------------------------------------    -------------------
    SLICE_X9Y118         FDRE (Prop_AFF_SLICEL_C_Q)
                                                      0.114     2.737 r  karatsuba_1_i/rst_ps8_0_99M/U0/ACTIVE_LOW_PR_OUT_DFF[0].FDRE_PER_N/Q
                         net (fo=1236, routed)        1.585     4.322    karatsuba_1_i/axi_interconnect_0/s00_couplers/auto_ds/inst/gen_downsizer.gen_simple_downsizer.axi_downsizer_inst/USE_WRITE.write_addr_inst/cmd_queue/inst/fifo_gen_inst/inst_fifo_gen/gconvfifo.rf/grf.rf/rstblk/ngwrdrst.grst.g7serrst.gnsckt_wrst.rst_wr_reg2_inst/src_arst
    SLICE_X10Y103        FDPE                                         f  karatsuba_1_i/axi_interconnect_0/s00_couplers/auto_ds/inst/gen_downsizer.gen_simple_downsizer.axi_downsizer_inst/USE_WRITE.write_addr_inst/cmd_queue/inst/fifo_gen_inst/inst_fifo_gen/gconvfifo.rf/grf.rf/rstblk/ngwrdrst.grst.g7serrst.gnsckt_wrst.rst_wr_reg2_inst/arststages_ff_reg[1]/PRE  (IS_INVERTED)
  -------------------------------------------------------------------    -------------------

                         (clock clk_pl_0 rise edge)
                                                      0.000     0.000 r  
    PS8_X0Y0             PS8                          0.000     0.000 r  karatsuba_1_i/zynq_ultra_ps_e_0/inst/PS8_i/PLCLK[0]
                         net (fo=1, routed)           0.181     0.181    karatsuba_1_i/zynq_ultra_ps_e_0/inst/pl_clk_unbuffered[0]
    BUFG_PS_X0Y80        BUFG_PS (Prop_BUFG_PS_I_O)
                                                      0.035     0.216 r  karatsuba_1_i/zynq_ultra_ps_e_0/inst/buffer_pl_clk_0.PL_CLK_0_BUFG/O
    X0Y1 (CLOCK_ROOT)    net (fo=5362, routed)        2.126     2.342    karatsuba_1_i/axi_interconnect_0/s00_couplers/auto_ds/inst/gen_downsizer.gen_simple_downsizer.axi_downsizer_inst/USE_WRITE.write_addr_inst/cmd_queue/inst/fifo_gen_inst/inst_fifo_gen/gconvfifo.rf/grf.rf/rstblk/ngwrdrst.grst.g7serrst.gnsckt_wrst.rst_wr_reg2_inst/dest_clk
    SLICE_X10Y103        FDPE                                         r  karatsuba_1_i/axi_interconnect_0/s00_couplers/auto_ds/inst/gen_downsizer.gen_simple_downsizer.axi_downsizer_inst/USE_WRITE.write_addr_inst/cmd_queue/inst/fifo_gen_inst/inst_fifo_gen/gconvfifo.rf/grf.rf/rstblk/ngwrdrst.grst.g7serrst.gnsckt_wrst.rst_wr_reg2_inst/arststages_ff_reg[1]/C

Slack:                    inf
  Source:                 karatsuba_1_i/rst_ps8_0_99M/U0/ACTIVE_LOW_PR_OUT_DFF[0].FDRE_PER_N/C
                            (rising edge-triggered cell FDRE clocked by clk_pl_0  {rise@0.000ns fall@5.000ns period=10.000ns})
  Destination:            karatsuba_1_i/axi_dma_0/U0/I_RST_MODULE/REG_HRD_RST_OUT/GENERATE_LEVEL_P_S_CDC.SINGLE_BIT.CROSS_PLEVEL_IN2SCNDRY_IN_cdc_to/D
                            (rising edge-triggered cell FDRE clocked by clk_pl_0  {rise@0.000ns fall@5.000ns period=10.000ns})
  Path Group:             (none)
  Path Type:              Setup (Max at Slow Process Corner)
  Data Path Delay:        0.929ns  (logic 0.114ns (12.278%)  route 0.815ns (87.722%))
  Logic Levels:           0  
  Clock Path Skew:        -0.269ns (DCD - SCD + CPR)
    Destination Clock Delay (DCD):    2.354ns
    Source Clock Delay      (SCD):    2.623ns
    Clock Pessimism Removal (CPR):    0.000ns
  Clock Uncertainty:      0.160ns  ((TSJ^2 + DJ^2)^1/2) / 2 + PE
    Total System Jitter     (TSJ):    0.071ns
    Discrete Jitter          (DJ):    0.312ns
    Phase Error              (PE):    0.000ns
  Clock Net Delay (Source):      2.356ns (routing 1.045ns, distribution 1.311ns)
  Clock Net Delay (Destination): 2.138ns (routing 0.955ns, distribution 1.183ns)
  Timing Exception:       False Path

    Location             Delay type                Incr(ns)  Path(ns)    Netlist Resource(s)
  -------------------------------------------------------------------    -------------------
                         (clock clk_pl_0 rise edge)
                                                      0.000     0.000 r  
    PS8_X0Y0             PS8                          0.000     0.000 r  karatsuba_1_i/zynq_ultra_ps_e_0/inst/PS8_i/PLCLK[0]
                         net (fo=1, routed)           0.229     0.229    karatsuba_1_i/zynq_ultra_ps_e_0/inst/pl_clk_unbuffered[0]
    BUFG_PS_X0Y80        BUFG_PS (Prop_BUFG_PS_I_O)
                                                      0.038     0.267 r  karatsuba_1_i/zynq_ultra_ps_e_0/inst/buffer_pl_clk_0.PL_CLK_0_BUFG/O
    X0Y1 (CLOCK_ROOT)    net (fo=5362, routed)        2.356     2.623    karatsuba_1_i/rst_ps8_0_99M/U0/slowest_sync_clk
    SLICE_X9Y118         FDRE                                         r  karatsuba_1_i/rst_ps8_0_99M/U0/ACTIVE_LOW_PR_OUT_DFF[0].FDRE_PER_N/C
  -------------------------------------------------------------------    -------------------
    SLICE_X9Y118         FDRE (Prop_AFF_SLICEL_C_Q)
                                                      0.114     2.737 r  karatsuba_1_i/rst_ps8_0_99M/U0/ACTIVE_LOW_PR_OUT_DFF[0].FDRE_PER_N/Q
                         net (fo=1236, routed)        0.815     3.551    karatsuba_1_i/axi_dma_0/U0/I_RST_MODULE/REG_HRD_RST_OUT/axi_resetn
    SLICE_X11Y95         FDRE                                         r  karatsuba_1_i/axi_dma_0/U0/I_RST_MODULE/REG_HRD_RST_OUT/GENERATE_LEVEL_P_S_CDC.SINGLE_BIT.CROSS_PLEVEL_IN2SCNDRY_IN_cdc_to/D
  -------------------------------------------------------------------    -------------------

                         (clock clk_pl_0 rise edge)
                                                      0.000     0.000 r  
    PS8_X0Y0             PS8                          0.000     0.000 r  karatsuba_1_i/zynq_ultra_ps_e_0/inst/PS8_i/PLCLK[0]
                         net (fo=1, routed)           0.181     0.181    karatsuba_1_i/zynq_ultra_ps_e_0/inst/pl_clk_unbuffered[0]
    BUFG_PS_X0Y80        BUFG_PS (Prop_BUFG_PS_I_O)
                                                      0.035     0.216 r  karatsuba_1_i/zynq_ultra_ps_e_0/inst/buffer_pl_clk_0.PL_CLK_0_BUFG/O
    X0Y1 (CLOCK_ROOT)    net (fo=5362, routed)        2.138     2.354    karatsuba_1_i/axi_dma_0/U0/I_RST_MODULE/REG_HRD_RST_OUT/s_axi_lite_aclk
    SLICE_X11Y95         FDRE                                         r  karatsuba_1_i/axi_dma_0/U0/I_RST_MODULE/REG_HRD_RST_OUT/GENERATE_LEVEL_P_S_CDC.SINGLE_BIT.CROSS_PLEVEL_IN2SCNDRY_IN_cdc_to/C

Slack:                    inf
  Source:                 karatsuba_1_i/rst_ps8_0_99M/U0/ACTIVE_LOW_PR_OUT_DFF[0].FDRE_PER_N/C
                            (rising edge-triggered cell FDRE clocked by clk_pl_0  {rise@0.000ns fall@5.000ns period=10.000ns})
  Destination:            karatsuba_1_i/axi_interconnect_0/s00_couplers/auto_ds/inst/gen_downsizer.gen_simple_downsizer.axi_downsizer_inst/USE_WRITE.write_addr_inst/USE_B_CHANNEL.cmd_b_queue/inst/fifo_gen_inst/inst_fifo_gen/gconvfifo.rf/grf.rf/rstblk/ngwrdrst.grst.g7serrst.gnsckt_wrst.rst_wr_reg2_inst/arststages_ff_reg[0]/PRE
                            (recovery check against rising-edge clock clk_pl_0  {rise@0.000ns fall@5.000ns period=10.000ns})
  Path Group:             (none)
  Path Type:              Recovery (Max at Slow Process Corner)
  Data Path Delay:        0.708ns  (logic 0.114ns (16.102%)  route 0.594ns (83.898%))
  Logic Levels:           0  
  Clock Path Skew:        -0.262ns (DCD - SCD + CPR)
    Destination Clock Delay (DCD):    2.361ns
    Source Clock Delay      (SCD):    2.623ns
    Clock Pessimism Removal (CPR):    0.000ns
  Clock Uncertainty:      0.160ns  ((TSJ^2 + DJ^2)^1/2) / 2 + PE
    Total System Jitter     (TSJ):    0.071ns
    Discrete Jitter          (DJ):    0.312ns
    Phase Error              (PE):    0.000ns
  Clock Net Delay (Source):      2.356ns (routing 1.045ns, distribution 1.311ns)
  Clock Net Delay (Destination): 2.145ns (routing 0.955ns, distribution 1.190ns)
  Timing Exception:       False Path

    Location             Delay type                Incr(ns)  Path(ns)    Netlist Resource(s)
  -------------------------------------------------------------------    -------------------
                         (clock clk_pl_0 rise edge)
                                                      0.000     0.000 r  
    PS8_X0Y0             PS8                          0.000     0.000 r  karatsuba_1_i/zynq_ultra_ps_e_0/inst/PS8_i/PLCLK[0]
                         net (fo=1, routed)           0.229     0.229    karatsuba_1_i/zynq_ultra_ps_e_0/inst/pl_clk_unbuffered[0]
    BUFG_PS_X0Y80        BUFG_PS (Prop_BUFG_PS_I_O)
                                                      0.038     0.267 r  karatsuba_1_i/zynq_ultra_ps_e_0/inst/buffer_pl_clk_0.PL_CLK_0_BUFG/O
    X0Y1 (CLOCK_ROOT)    net (fo=5362, routed)        2.356     2.623    karatsuba_1_i/rst_ps8_0_99M/U0/slowest_sync_clk
    SLICE_X9Y118         FDRE                                         r  karatsuba_1_i/rst_ps8_0_99M/U0/ACTIVE_LOW_PR_OUT_DFF[0].FDRE_PER_N/C
  -------------------------------------------------------------------    -------------------
    SLICE_X9Y118         FDRE (Prop_AFF_SLICEL_C_Q)
                                                      0.114     2.737 r  karatsuba_1_i/rst_ps8_0_99M/U0/ACTIVE_LOW_PR_OUT_DFF[0].FDRE_PER_N/Q
                         net (fo=1236, routed)        0.594     3.331    karatsuba_1_i/axi_interconnect_0/s00_couplers/auto_ds/inst/gen_downsizer.gen_simple_downsizer.axi_downsizer_inst/USE_WRITE.write_addr_inst/USE_B_CHANNEL.cmd_b_queue/inst/fifo_gen_inst/inst_fifo_gen/gconvfifo.rf/grf.rf/rstblk/ngwrdrst.grst.g7serrst.gnsckt_wrst.rst_wr_reg2_inst/src_arst
    SLICE_X11Y102        FDPE                                         f  karatsuba_1_i/axi_interconnect_0/s00_couplers/auto_ds/inst/gen_downsizer.gen_simple_downsizer.axi_downsizer_inst/USE_WRITE.write_addr_inst/USE_B_CHANNEL.cmd_b_queue/inst/fifo_gen_inst/inst_fifo_gen/gconvfifo.rf/grf.rf/rstblk/ngwrdrst.grst.g7serrst.gnsckt_wrst.rst_wr_reg2_inst/arststages_ff_reg[0]/PRE  (IS_INVERTED)
  -------------------------------------------------------------------    -------------------

                         (clock clk_pl_0 rise edge)
                                                      0.000     0.000 r  
    PS8_X0Y0             PS8                          0.000     0.000 r  karatsuba_1_i/zynq_ultra_ps_e_0/inst/PS8_i/PLCLK[0]
                         net (fo=1, routed)           0.181     0.181    karatsuba_1_i/zynq_ultra_ps_e_0/inst/pl_clk_unbuffered[0]
    BUFG_PS_X0Y80        BUFG_PS (Prop_BUFG_PS_I_O)
                                                      0.035     0.216 r  karatsuba_1_i/zynq_ultra_ps_e_0/inst/buffer_pl_clk_0.PL_CLK_0_BUFG/O
    X0Y1 (CLOCK_ROOT)    net (fo=5362, routed)        2.145     2.361    karatsuba_1_i/axi_interconnect_0/s00_couplers/auto_ds/inst/gen_downsizer.gen_simple_downsizer.axi_downsizer_inst/USE_WRITE.write_addr_inst/USE_B_CHANNEL.cmd_b_queue/inst/fifo_gen_inst/inst_fifo_gen/gconvfifo.rf/grf.rf/rstblk/ngwrdrst.grst.g7serrst.gnsckt_wrst.rst_wr_reg2_inst/dest_clk
    SLICE_X11Y102        FDPE                                         r  karatsuba_1_i/axi_interconnect_0/s00_couplers/auto_ds/inst/gen_downsizer.gen_simple_downsizer.axi_downsizer_inst/USE_WRITE.write_addr_inst/USE_B_CHANNEL.cmd_b_queue/inst/fifo_gen_inst/inst_fifo_gen/gconvfifo.rf/grf.rf/rstblk/ngwrdrst.grst.g7serrst.gnsckt_wrst.rst_wr_reg2_inst/arststages_ff_reg[0]/C

Slack:                    inf
  Source:                 karatsuba_1_i/rst_ps8_0_99M/U0/ACTIVE_LOW_PR_OUT_DFF[0].FDRE_PER_N/C
                            (rising edge-triggered cell FDRE clocked by clk_pl_0  {rise@0.000ns fall@5.000ns period=10.000ns})
  Destination:            karatsuba_1_i/axi_interconnect_0/s00_couplers/auto_ds/inst/gen_downsizer.gen_simple_downsizer.axi_downsizer_inst/USE_WRITE.write_addr_inst/USE_B_CHANNEL.cmd_b_queue/inst/fifo_gen_inst/inst_fifo_gen/gconvfifo.rf/grf.rf/rstblk/ngwrdrst.grst.g7serrst.gnsckt_wrst.rst_wr_reg2_inst/arststages_ff_reg[1]/PRE
                            (recovery check against rising-edge clock clk_pl_0  {rise@0.000ns fall@5.000ns period=10.000ns})
  Path Group:             (none)
  Path Type:              Recovery (Max at Slow Process Corner)
  Data Path Delay:        0.708ns  (logic 0.114ns (16.102%)  route 0.594ns (83.898%))
  Logic Levels:           0  
  Clock Path Skew:        -0.262ns (DCD - SCD + CPR)
    Destination Clock Delay (DCD):    2.361ns
    Source Clock Delay      (SCD):    2.623ns
    Clock Pessimism Removal (CPR):    0.000ns
  Clock Uncertainty:      0.160ns  ((TSJ^2 + DJ^2)^1/2) / 2 + PE
    Total System Jitter     (TSJ):    0.071ns
    Discrete Jitter          (DJ):    0.312ns
    Phase Error              (PE):    0.000ns
  Clock Net Delay (Source):      2.356ns (routing 1.045ns, distribution 1.311ns)
  Clock Net Delay (Destination): 2.145ns (routing 0.955ns, distribution 1.190ns)
  Timing Exception:       False Path

    Location             Delay type                Incr(ns)  Path(ns)    Netlist Resource(s)
  -------------------------------------------------------------------    -------------------
                         (clock clk_pl_0 rise edge)
                                                      0.000     0.000 r  
    PS8_X0Y0             PS8                          0.000     0.000 r  karatsuba_1_i/zynq_ultra_ps_e_0/inst/PS8_i/PLCLK[0]
                         net (fo=1, routed)           0.229     0.229    karatsuba_1_i/zynq_ultra_ps_e_0/inst/pl_clk_unbuffered[0]
    BUFG_PS_X0Y80        BUFG_PS (Prop_BUFG_PS_I_O)
                                                      0.038     0.267 r  karatsuba_1_i/zynq_ultra_ps_e_0/inst/buffer_pl_clk_0.PL_CLK_0_BUFG/O
    X0Y1 (CLOCK_ROOT)    net (fo=5362, routed)        2.356     2.623    karatsuba_1_i/rst_ps8_0_99M/U0/slowest_sync_clk
    SLICE_X9Y118         FDRE                                         r  karatsuba_1_i/rst_ps8_0_99M/U0/ACTIVE_LOW_PR_OUT_DFF[0].FDRE_PER_N/C
  -------------------------------------------------------------------    -------------------
    SLICE_X9Y118         FDRE (Prop_AFF_SLICEL_C_Q)
                                                      0.114     2.737 r  karatsuba_1_i/rst_ps8_0_99M/U0/ACTIVE_LOW_PR_OUT_DFF[0].FDRE_PER_N/Q
                         net (fo=1236, routed)        0.594     3.331    karatsuba_1_i/axi_interconnect_0/s00_couplers/auto_ds/inst/gen_downsizer.gen_simple_downsizer.axi_downsizer_inst/USE_WRITE.write_addr_inst/USE_B_CHANNEL.cmd_b_queue/inst/fifo_gen_inst/inst_fifo_gen/gconvfifo.rf/grf.rf/rstblk/ngwrdrst.grst.g7serrst.gnsckt_wrst.rst_wr_reg2_inst/src_arst
    SLICE_X11Y102        FDPE                                         f  karatsuba_1_i/axi_interconnect_0/s00_couplers/auto_ds/inst/gen_downsizer.gen_simple_downsizer.axi_downsizer_inst/USE_WRITE.write_addr_inst/USE_B_CHANNEL.cmd_b_queue/inst/fifo_gen_inst/inst_fifo_gen/gconvfifo.rf/grf.rf/rstblk/ngwrdrst.grst.g7serrst.gnsckt_wrst.rst_wr_reg2_inst/arststages_ff_reg[1]/PRE  (IS_INVERTED)
  -------------------------------------------------------------------    -------------------

                         (clock clk_pl_0 rise edge)
                                                      0.000     0.000 r  
    PS8_X0Y0             PS8                          0.000     0.000 r  karatsuba_1_i/zynq_ultra_ps_e_0/inst/PS8_i/PLCLK[0]
                         net (fo=1, routed)           0.181     0.181    karatsuba_1_i/zynq_ultra_ps_e_0/inst/pl_clk_unbuffered[0]
    BUFG_PS_X0Y80        BUFG_PS (Prop_BUFG_PS_I_O)
                                                      0.035     0.216 r  karatsuba_1_i/zynq_ultra_ps_e_0/inst/buffer_pl_clk_0.PL_CLK_0_BUFG/O
    X0Y1 (CLOCK_ROOT)    net (fo=5362, routed)        2.145     2.361    karatsuba_1_i/axi_interconnect_0/s00_couplers/auto_ds/inst/gen_downsizer.gen_simple_downsizer.axi_downsizer_inst/USE_WRITE.write_addr_inst/USE_B_CHANNEL.cmd_b_queue/inst/fifo_gen_inst/inst_fifo_gen/gconvfifo.rf/grf.rf/rstblk/ngwrdrst.grst.g7serrst.gnsckt_wrst.rst_wr_reg2_inst/dest_clk
    SLICE_X11Y102        FDPE                                         r  karatsuba_1_i/axi_interconnect_0/s00_couplers/auto_ds/inst/gen_downsizer.gen_simple_downsizer.axi_downsizer_inst/USE_WRITE.write_addr_inst/USE_B_CHANNEL.cmd_b_queue/inst/fifo_gen_inst/inst_fifo_gen/gconvfifo.rf/grf.rf/rstblk/ngwrdrst.grst.g7serrst.gnsckt_wrst.rst_wr_reg2_inst/arststages_ff_reg[1]/C

Slack:                    inf
  Source:                 karatsuba_1_i/rst_ps8_0_99M/U0/ACTIVE_LOW_PR_OUT_DFF[0].FDRE_PER_N/C
                            (rising edge-triggered cell FDRE clocked by clk_pl_0  {rise@0.000ns fall@5.000ns period=10.000ns})
  Destination:            karatsuba_1_i/axi_interconnect_0/s00_couplers/auto_ds/inst/gen_downsizer.gen_simple_downsizer.axi_downsizer_inst/USE_READ.read_addr_inst/cmd_queue/inst/fifo_gen_inst/inst_fifo_gen/gconvfifo.rf/grf.rf/rstblk/ngwrdrst.grst.g7serrst.gnsckt_wrst.rst_wr_reg2_inst/arststages_ff_reg[0]/PRE
                            (recovery check against rising-edge clock clk_pl_0  {rise@0.000ns fall@5.000ns period=10.000ns})
  Path Group:             (none)
  Path Type:              Recovery (Max at Slow Process Corner)
  Data Path Delay:        0.591ns  (logic 0.114ns (19.303%)  route 0.477ns (80.697%))
  Logic Levels:           0  
  Clock Path Skew:        -0.237ns (DCD - SCD + CPR)
    Destination Clock Delay (DCD):    2.386ns
    Source Clock Delay      (SCD):    2.623ns
    Clock Pessimism Removal (CPR):    0.000ns
  Clock Uncertainty:      0.160ns  ((TSJ^2 + DJ^2)^1/2) / 2 + PE
    Total System Jitter     (TSJ):    0.071ns
    Discrete Jitter          (DJ):    0.312ns
    Phase Error              (PE):    0.000ns
  Clock Net Delay (Source):      2.356ns (routing 1.045ns, distribution 1.311ns)
  Clock Net Delay (Destination): 2.170ns (routing 0.955ns, distribution 1.215ns)
  Timing Exception:       False Path

    Location             Delay type                Incr(ns)  Path(ns)    Netlist Resource(s)
  -------------------------------------------------------------------    -------------------
                         (clock clk_pl_0 rise edge)
                                                      0.000     0.000 r  
    PS8_X0Y0             PS8                          0.000     0.000 r  karatsuba_1_i/zynq_ultra_ps_e_0/inst/PS8_i/PLCLK[0]
                         net (fo=1, routed)           0.229     0.229    karatsuba_1_i/zynq_ultra_ps_e_0/inst/pl_clk_unbuffered[0]
    BUFG_PS_X0Y80        BUFG_PS (Prop_BUFG_PS_I_O)
                                                      0.038     0.267 r  karatsuba_1_i/zynq_ultra_ps_e_0/inst/buffer_pl_clk_0.PL_CLK_0_BUFG/O
    X0Y1 (CLOCK_ROOT)    net (fo=5362, routed)        2.356     2.623    karatsuba_1_i/rst_ps8_0_99M/U0/slowest_sync_clk
    SLICE_X9Y118         FDRE                                         r  karatsuba_1_i/rst_ps8_0_99M/U0/ACTIVE_LOW_PR_OUT_DFF[0].FDRE_PER_N/C
  -------------------------------------------------------------------    -------------------
    SLICE_X9Y118         FDRE (Prop_AFF_SLICEL_C_Q)
                                                      0.114     2.737 r  karatsuba_1_i/rst_ps8_0_99M/U0/ACTIVE_LOW_PR_OUT_DFF[0].FDRE_PER_N/Q
                         net (fo=1236, routed)        0.477     3.213    karatsuba_1_i/axi_interconnect_0/s00_couplers/auto_ds/inst/gen_downsizer.gen_simple_downsizer.axi_downsizer_inst/USE_READ.read_addr_inst/cmd_queue/inst/fifo_gen_inst/inst_fifo_gen/gconvfifo.rf/grf.rf/rstblk/ngwrdrst.grst.g7serrst.gnsckt_wrst.rst_wr_reg2_inst/src_arst
    SLICE_X0Y121         FDPE                                         f  karatsuba_1_i/axi_interconnect_0/s00_couplers/auto_ds/inst/gen_downsizer.gen_simple_downsizer.axi_downsizer_inst/USE_READ.read_addr_inst/cmd_queue/inst/fifo_gen_inst/inst_fifo_gen/gconvfifo.rf/grf.rf/rstblk/ngwrdrst.grst.g7serrst.gnsckt_wrst.rst_wr_reg2_inst/arststages_ff_reg[0]/PRE  (IS_INVERTED)
  -------------------------------------------------------------------    -------------------

                         (clock clk_pl_0 rise edge)
                                                      0.000     0.000 r  
    PS8_X0Y0             PS8                          0.000     0.000 r  karatsuba_1_i/zynq_ultra_ps_e_0/inst/PS8_i/PLCLK[0]
                         net (fo=1, routed)           0.181     0.181    karatsuba_1_i/zynq_ultra_ps_e_0/inst/pl_clk_unbuffered[0]
    BUFG_PS_X0Y80        BUFG_PS (Prop_BUFG_PS_I_O)
                                                      0.035     0.216 r  karatsuba_1_i/zynq_ultra_ps_e_0/inst/buffer_pl_clk_0.PL_CLK_0_BUFG/O
    X0Y1 (CLOCK_ROOT)    net (fo=5362, routed)        2.170     2.386    karatsuba_1_i/axi_interconnect_0/s00_couplers/auto_ds/inst/gen_downsizer.gen_simple_downsizer.axi_downsizer_inst/USE_READ.read_addr_inst/cmd_queue/inst/fifo_gen_inst/inst_fifo_gen/gconvfifo.rf/grf.rf/rstblk/ngwrdrst.grst.g7serrst.gnsckt_wrst.rst_wr_reg2_inst/dest_clk
    SLICE_X0Y121         FDPE                                         r  karatsuba_1_i/axi_interconnect_0/s00_couplers/auto_ds/inst/gen_downsizer.gen_simple_downsizer.axi_downsizer_inst/USE_READ.read_addr_inst/cmd_queue/inst/fifo_gen_inst/inst_fifo_gen/gconvfifo.rf/grf.rf/rstblk/ngwrdrst.grst.g7serrst.gnsckt_wrst.rst_wr_reg2_inst/arststages_ff_reg[0]/C

Slack:                    inf
  Source:                 karatsuba_1_i/rst_ps8_0_99M/U0/ACTIVE_LOW_PR_OUT_DFF[0].FDRE_PER_N/C
                            (rising edge-triggered cell FDRE clocked by clk_pl_0  {rise@0.000ns fall@5.000ns period=10.000ns})
  Destination:            karatsuba_1_i/axi_interconnect_0/s00_couplers/auto_ds/inst/gen_downsizer.gen_simple_downsizer.axi_downsizer_inst/USE_READ.read_addr_inst/cmd_queue/inst/fifo_gen_inst/inst_fifo_gen/gconvfifo.rf/grf.rf/rstblk/ngwrdrst.grst.g7serrst.gnsckt_wrst.rst_wr_reg2_inst/arststages_ff_reg[1]/PRE
                            (recovery check against rising-edge clock clk_pl_0  {rise@0.000ns fall@5.000ns period=10.000ns})
  Path Group:             (none)
  Path Type:              Recovery (Max at Slow Process Corner)
  Data Path Delay:        0.591ns  (logic 0.114ns (19.303%)  route 0.477ns (80.697%))
  Logic Levels:           0  
  Clock Path Skew:        -0.237ns (DCD - SCD + CPR)
    Destination Clock Delay (DCD):    2.386ns
    Source Clock Delay      (SCD):    2.623ns
    Clock Pessimism Removal (CPR):    0.000ns
  Clock Uncertainty:      0.160ns  ((TSJ^2 + DJ^2)^1/2) / 2 + PE
    Total System Jitter     (TSJ):    0.071ns
    Discrete Jitter          (DJ):    0.312ns
    Phase Error              (PE):    0.000ns
  Clock Net Delay (Source):      2.356ns (routing 1.045ns, distribution 1.311ns)
  Clock Net Delay (Destination): 2.170ns (routing 0.955ns, distribution 1.215ns)
  Timing Exception:       False Path

    Location             Delay type                Incr(ns)  Path(ns)    Netlist Resource(s)
  -------------------------------------------------------------------    -------------------
                         (clock clk_pl_0 rise edge)
                                                      0.000     0.000 r  
    PS8_X0Y0             PS8                          0.000     0.000 r  karatsuba_1_i/zynq_ultra_ps_e_0/inst/PS8_i/PLCLK[0]
                         net (fo=1, routed)           0.229     0.229    karatsuba_1_i/zynq_ultra_ps_e_0/inst/pl_clk_unbuffered[0]
    BUFG_PS_X0Y80        BUFG_PS (Prop_BUFG_PS_I_O)
                                                      0.038     0.267 r  karatsuba_1_i/zynq_ultra_ps_e_0/inst/buffer_pl_clk_0.PL_CLK_0_BUFG/O
    X0Y1 (CLOCK_ROOT)    net (fo=5362, routed)        2.356     2.623    karatsuba_1_i/rst_ps8_0_99M/U0/slowest_sync_clk
    SLICE_X9Y118         FDRE                                         r  karatsuba_1_i/rst_ps8_0_99M/U0/ACTIVE_LOW_PR_OUT_DFF[0].FDRE_PER_N/C
  -------------------------------------------------------------------    -------------------
    SLICE_X9Y118         FDRE (Prop_AFF_SLICEL_C_Q)
                                                      0.114     2.737 r  karatsuba_1_i/rst_ps8_0_99M/U0/ACTIVE_LOW_PR_OUT_DFF[0].FDRE_PER_N/Q
                         net (fo=1236, routed)        0.477     3.213    karatsuba_1_i/axi_interconnect_0/s00_couplers/auto_ds/inst/gen_downsizer.gen_simple_downsizer.axi_downsizer_inst/USE_READ.read_addr_inst/cmd_queue/inst/fifo_gen_inst/inst_fifo_gen/gconvfifo.rf/grf.rf/rstblk/ngwrdrst.grst.g7serrst.gnsckt_wrst.rst_wr_reg2_inst/src_arst
    SLICE_X0Y121         FDPE                                         f  karatsuba_1_i/axi_interconnect_0/s00_couplers/auto_ds/inst/gen_downsizer.gen_simple_downsizer.axi_downsizer_inst/USE_READ.read_addr_inst/cmd_queue/inst/fifo_gen_inst/inst_fifo_gen/gconvfifo.rf/grf.rf/rstblk/ngwrdrst.grst.g7serrst.gnsckt_wrst.rst_wr_reg2_inst/arststages_ff_reg[1]/PRE  (IS_INVERTED)
  -------------------------------------------------------------------    -------------------

                         (clock clk_pl_0 rise edge)
                                                      0.000     0.000 r  
    PS8_X0Y0             PS8                          0.000     0.000 r  karatsuba_1_i/zynq_ultra_ps_e_0/inst/PS8_i/PLCLK[0]
                         net (fo=1, routed)           0.181     0.181    karatsuba_1_i/zynq_ultra_ps_e_0/inst/pl_clk_unbuffered[0]
    BUFG_PS_X0Y80        BUFG_PS (Prop_BUFG_PS_I_O)
                                                      0.035     0.216 r  karatsuba_1_i/zynq_ultra_ps_e_0/inst/buffer_pl_clk_0.PL_CLK_0_BUFG/O
    X0Y1 (CLOCK_ROOT)    net (fo=5362, routed)        2.170     2.386    karatsuba_1_i/axi_interconnect_0/s00_couplers/auto_ds/inst/gen_downsizer.gen_simple_downsizer.axi_downsizer_inst/USE_READ.read_addr_inst/cmd_queue/inst/fifo_gen_inst/inst_fifo_gen/gconvfifo.rf/grf.rf/rstblk/ngwrdrst.grst.g7serrst.gnsckt_wrst.rst_wr_reg2_inst/dest_clk
    SLICE_X0Y121         FDPE                                         r  karatsuba_1_i/axi_interconnect_0/s00_couplers/auto_ds/inst/gen_downsizer.gen_simple_downsizer.axi_downsizer_inst/USE_READ.read_addr_inst/cmd_queue/inst/fifo_gen_inst/inst_fifo_gen/gconvfifo.rf/grf.rf/rstblk/ngwrdrst.grst.g7serrst.gnsckt_wrst.rst_wr_reg2_inst/arststages_ff_reg[1]/C





Min Delay Paths
--------------------------------------------------------------------------------------
Slack:                    inf
  Source:                 karatsuba_1_i/rst_ps8_0_99M/U0/ACTIVE_LOW_PR_OUT_DFF[0].FDRE_PER_N/C
                            (rising edge-triggered cell FDRE clocked by clk_pl_0  {rise@0.000ns fall@5.000ns period=10.000ns})
  Destination:            karatsuba_1_i/axi_interconnect_0/s00_couplers/auto_ds/inst/gen_downsizer.gen_simple_downsizer.axi_downsizer_inst/USE_READ.read_addr_inst/cmd_queue/inst/fifo_gen_inst/inst_fifo_gen/gconvfifo.rf/grf.rf/rstblk/ngwrdrst.grst.g7serrst.gnsckt_wrst.rst_wr_reg2_inst/arststages_ff_reg[0]/PRE
                            (removal check against rising-edge clock clk_pl_0  {rise@0.000ns fall@5.000ns period=10.000ns})
  Path Group:             (none)
  Path Type:              Removal (Min at Fast Process Corner)
  Data Path Delay:        0.277ns  (logic 0.084ns (30.319%)  route 0.193ns (69.681%))
  Logic Levels:           0  
  Clock Path Skew:        0.192ns (DCD - SCD - CPR)
    Destination Clock Delay (DCD):    1.620ns
    Source Clock Delay      (SCD):    1.429ns
    Clock Pessimism Removal (CPR):    -0.000ns
  Clock Uncertainty:      0.160ns  ((TSJ^2 + DJ^2)^1/2) / 2 + PE
    Total System Jitter     (TSJ):    0.071ns
    Discrete Jitter          (DJ):    0.312ns
    Phase Error              (PE):    0.000ns
  Clock Net Delay (Source):      1.278ns (routing 0.572ns, distribution 0.706ns)
  Clock Net Delay (Destination): 1.433ns (routing 0.623ns, distribution 0.810ns)
  Timing Exception:       False Path

    Location             Delay type                Incr(ns)  Path(ns)    Netlist Resource(s)
  -------------------------------------------------------------------    -------------------
                         (clock clk_pl_0 rise edge)
                                                      0.000     0.000 r  
    PS8_X0Y0             PS8                          0.000     0.000 r  karatsuba_1_i/zynq_ultra_ps_e_0/inst/PS8_i/PLCLK[0]
                         net (fo=1, routed)           0.129     0.129    karatsuba_1_i/zynq_ultra_ps_e_0/inst/pl_clk_unbuffered[0]
    BUFG_PS_X0Y80        BUFG_PS (Prop_BUFG_PS_I_O)
                                                      0.022     0.151 r  karatsuba_1_i/zynq_ultra_ps_e_0/inst/buffer_pl_clk_0.PL_CLK_0_BUFG/O
    X0Y1 (CLOCK_ROOT)    net (fo=5362, routed)        1.278     1.429    karatsuba_1_i/rst_ps8_0_99M/U0/slowest_sync_clk
    SLICE_X9Y118         FDRE                                         r  karatsuba_1_i/rst_ps8_0_99M/U0/ACTIVE_LOW_PR_OUT_DFF[0].FDRE_PER_N/C
  -------------------------------------------------------------------    -------------------
    SLICE_X9Y118         FDRE (Prop_AFF_SLICEL_C_Q)
                                                      0.084     1.513 r  karatsuba_1_i/rst_ps8_0_99M/U0/ACTIVE_LOW_PR_OUT_DFF[0].FDRE_PER_N/Q
                         net (fo=1236, routed)        0.193     1.706    karatsuba_1_i/axi_interconnect_0/s00_couplers/auto_ds/inst/gen_downsizer.gen_simple_downsizer.axi_downsizer_inst/USE_READ.read_addr_inst/cmd_queue/inst/fifo_gen_inst/inst_fifo_gen/gconvfifo.rf/grf.rf/rstblk/ngwrdrst.grst.g7serrst.gnsckt_wrst.rst_wr_reg2_inst/src_arst
    SLICE_X0Y121         FDPE                                         f  karatsuba_1_i/axi_interconnect_0/s00_couplers/auto_ds/inst/gen_downsizer.gen_simple_downsizer.axi_downsizer_inst/USE_READ.read_addr_inst/cmd_queue/inst/fifo_gen_inst/inst_fifo_gen/gconvfifo.rf/grf.rf/rstblk/ngwrdrst.grst.g7serrst.gnsckt_wrst.rst_wr_reg2_inst/arststages_ff_reg[0]/PRE  (IS_INVERTED)
  -------------------------------------------------------------------    -------------------

                         (clock clk_pl_0 rise edge)
                                                      0.000     0.000 r  
    PS8_X0Y0             PS8                          0.000     0.000 r  karatsuba_1_i/zynq_ultra_ps_e_0/inst/PS8_i/PLCLK[0]
                         net (fo=1, routed)           0.164     0.164    karatsuba_1_i/zynq_ultra_ps_e_0/inst/pl_clk_unbuffered[0]
    BUFG_PS_X0Y80        BUFG_PS (Prop_BUFG_PS_I_O)
                                                      0.023     0.187 r  karatsuba_1_i/zynq_ultra_ps_e_0/inst/buffer_pl_clk_0.PL_CLK_0_BUFG/O
    X0Y1 (CLOCK_ROOT)    net (fo=5362, routed)        1.433     1.620    karatsuba_1_i/axi_interconnect_0/s00_couplers/auto_ds/inst/gen_downsizer.gen_simple_downsizer.axi_downsizer_inst/USE_READ.read_addr_inst/cmd_queue/inst/fifo_gen_inst/inst_fifo_gen/gconvfifo.rf/grf.rf/rstblk/ngwrdrst.grst.g7serrst.gnsckt_wrst.rst_wr_reg2_inst/dest_clk
    SLICE_X0Y121         FDPE                                         r  karatsuba_1_i/axi_interconnect_0/s00_couplers/auto_ds/inst/gen_downsizer.gen_simple_downsizer.axi_downsizer_inst/USE_READ.read_addr_inst/cmd_queue/inst/fifo_gen_inst/inst_fifo_gen/gconvfifo.rf/grf.rf/rstblk/ngwrdrst.grst.g7serrst.gnsckt_wrst.rst_wr_reg2_inst/arststages_ff_reg[0]/C

Slack:                    inf
  Source:                 karatsuba_1_i/rst_ps8_0_99M/U0/ACTIVE_LOW_PR_OUT_DFF[0].FDRE_PER_N/C
                            (rising edge-triggered cell FDRE clocked by clk_pl_0  {rise@0.000ns fall@5.000ns period=10.000ns})
  Destination:            karatsuba_1_i/axi_interconnect_0/s00_couplers/auto_ds/inst/gen_downsizer.gen_simple_downsizer.axi_downsizer_inst/USE_READ.read_addr_inst/cmd_queue/inst/fifo_gen_inst/inst_fifo_gen/gconvfifo.rf/grf.rf/rstblk/ngwrdrst.grst.g7serrst.gnsckt_wrst.rst_wr_reg2_inst/arststages_ff_reg[1]/PRE
                            (removal check against rising-edge clock clk_pl_0  {rise@0.000ns fall@5.000ns period=10.000ns})
  Path Group:             (none)
  Path Type:              Removal (Min at Fast Process Corner)
  Data Path Delay:        0.277ns  (logic 0.084ns (30.319%)  route 0.193ns (69.681%))
  Logic Levels:           0  
  Clock Path Skew:        0.192ns (DCD - SCD - CPR)
    Destination Clock Delay (DCD):    1.620ns
    Source Clock Delay      (SCD):    1.429ns
    Clock Pessimism Removal (CPR):    -0.000ns
  Clock Uncertainty:      0.160ns  ((TSJ^2 + DJ^2)^1/2) / 2 + PE
    Total System Jitter     (TSJ):    0.071ns
    Discrete Jitter          (DJ):    0.312ns
    Phase Error              (PE):    0.000ns
  Clock Net Delay (Source):      1.278ns (routing 0.572ns, distribution 0.706ns)
  Clock Net Delay (Destination): 1.433ns (routing 0.623ns, distribution 0.810ns)
  Timing Exception:       False Path

    Location             Delay type                Incr(ns)  Path(ns)    Netlist Resource(s)
  -------------------------------------------------------------------    -------------------
                         (clock clk_pl_0 rise edge)
                                                      0.000     0.000 r  
    PS8_X0Y0             PS8                          0.000     0.000 r  karatsuba_1_i/zynq_ultra_ps_e_0/inst/PS8_i/PLCLK[0]
                         net (fo=1, routed)           0.129     0.129    karatsuba_1_i/zynq_ultra_ps_e_0/inst/pl_clk_unbuffered[0]
    BUFG_PS_X0Y80        BUFG_PS (Prop_BUFG_PS_I_O)
                                                      0.022     0.151 r  karatsuba_1_i/zynq_ultra_ps_e_0/inst/buffer_pl_clk_0.PL_CLK_0_BUFG/O
    X0Y1 (CLOCK_ROOT)    net (fo=5362, routed)        1.278     1.429    karatsuba_1_i/rst_ps8_0_99M/U0/slowest_sync_clk
    SLICE_X9Y118         FDRE                                         r  karatsuba_1_i/rst_ps8_0_99M/U0/ACTIVE_LOW_PR_OUT_DFF[0].FDRE_PER_N/C
  -------------------------------------------------------------------    -------------------
    SLICE_X9Y118         FDRE (Prop_AFF_SLICEL_C_Q)
                                                      0.084     1.513 r  karatsuba_1_i/rst_ps8_0_99M/U0/ACTIVE_LOW_PR_OUT_DFF[0].FDRE_PER_N/Q
                         net (fo=1236, routed)        0.193     1.706    karatsuba_1_i/axi_interconnect_0/s00_couplers/auto_ds/inst/gen_downsizer.gen_simple_downsizer.axi_downsizer_inst/USE_READ.read_addr_inst/cmd_queue/inst/fifo_gen_inst/inst_fifo_gen/gconvfifo.rf/grf.rf/rstblk/ngwrdrst.grst.g7serrst.gnsckt_wrst.rst_wr_reg2_inst/src_arst
    SLICE_X0Y121         FDPE                                         f  karatsuba_1_i/axi_interconnect_0/s00_couplers/auto_ds/inst/gen_downsizer.gen_simple_downsizer.axi_downsizer_inst/USE_READ.read_addr_inst/cmd_queue/inst/fifo_gen_inst/inst_fifo_gen/gconvfifo.rf/grf.rf/rstblk/ngwrdrst.grst.g7serrst.gnsckt_wrst.rst_wr_reg2_inst/arststages_ff_reg[1]/PRE  (IS_INVERTED)
  -------------------------------------------------------------------    -------------------

                         (clock clk_pl_0 rise edge)
                                                      0.000     0.000 r  
    PS8_X0Y0             PS8                          0.000     0.000 r  karatsuba_1_i/zynq_ultra_ps_e_0/inst/PS8_i/PLCLK[0]
                         net (fo=1, routed)           0.164     0.164    karatsuba_1_i/zynq_ultra_ps_e_0/inst/pl_clk_unbuffered[0]
    BUFG_PS_X0Y80        BUFG_PS (Prop_BUFG_PS_I_O)
                                                      0.023     0.187 r  karatsuba_1_i/zynq_ultra_ps_e_0/inst/buffer_pl_clk_0.PL_CLK_0_BUFG/O
    X0Y1 (CLOCK_ROOT)    net (fo=5362, routed)        1.433     1.620    karatsuba_1_i/axi_interconnect_0/s00_couplers/auto_ds/inst/gen_downsizer.gen_simple_downsizer.axi_downsizer_inst/USE_READ.read_addr_inst/cmd_queue/inst/fifo_gen_inst/inst_fifo_gen/gconvfifo.rf/grf.rf/rstblk/ngwrdrst.grst.g7serrst.gnsckt_wrst.rst_wr_reg2_inst/dest_clk
    SLICE_X0Y121         FDPE                                         r  karatsuba_1_i/axi_interconnect_0/s00_couplers/auto_ds/inst/gen_downsizer.gen_simple_downsizer.axi_downsizer_inst/USE_READ.read_addr_inst/cmd_queue/inst/fifo_gen_inst/inst_fifo_gen/gconvfifo.rf/grf.rf/rstblk/ngwrdrst.grst.g7serrst.gnsckt_wrst.rst_wr_reg2_inst/arststages_ff_reg[1]/C

Slack:                    inf
  Source:                 karatsuba_1_i/rst_ps8_0_99M/U0/ACTIVE_LOW_PR_OUT_DFF[0].FDRE_PER_N/C
                            (rising edge-triggered cell FDRE clocked by clk_pl_0  {rise@0.000ns fall@5.000ns period=10.000ns})
  Destination:            karatsuba_1_i/axi_interconnect_0/s00_couplers/auto_ds/inst/gen_downsizer.gen_simple_downsizer.axi_downsizer_inst/USE_WRITE.write_addr_inst/USE_B_CHANNEL.cmd_b_queue/inst/fifo_gen_inst/inst_fifo_gen/gconvfifo.rf/grf.rf/rstblk/ngwrdrst.grst.g7serrst.gnsckt_wrst.rst_wr_reg2_inst/arststages_ff_reg[0]/PRE
                            (removal check against rising-edge clock clk_pl_0  {rise@0.000ns fall@5.000ns period=10.000ns})
  Path Group:             (none)
  Path Type:              Removal (Min at Fast Process Corner)
  Data Path Delay:        0.329ns  (logic 0.084ns (25.507%)  route 0.245ns (74.493%))
  Logic Levels:           0  
  Clock Path Skew:        0.170ns (DCD - SCD - CPR)
    Destination Clock Delay (DCD):    1.598ns
    Source Clock Delay      (SCD):    1.429ns
    Clock Pessimism Removal (CPR):    -0.000ns
  Clock Uncertainty:      0.160ns  ((TSJ^2 + DJ^2)^1/2) / 2 + PE
    Total System Jitter     (TSJ):    0.071ns
    Discrete Jitter          (DJ):    0.312ns
    Phase Error              (PE):    0.000ns
  Clock Net Delay (Source):      1.278ns (routing 0.572ns, distribution 0.706ns)
  Clock Net Delay (Destination): 1.411ns (routing 0.623ns, distribution 0.788ns)
  Timing Exception:       False Path

    Location             Delay type                Incr(ns)  Path(ns)    Netlist Resource(s)
  -------------------------------------------------------------------    -------------------
                         (clock clk_pl_0 rise edge)
                                                      0.000     0.000 r  
    PS8_X0Y0             PS8                          0.000     0.000 r  karatsuba_1_i/zynq_ultra_ps_e_0/inst/PS8_i/PLCLK[0]
                         net (fo=1, routed)           0.129     0.129    karatsuba_1_i/zynq_ultra_ps_e_0/inst/pl_clk_unbuffered[0]
    BUFG_PS_X0Y80        BUFG_PS (Prop_BUFG_PS_I_O)
                                                      0.022     0.151 r  karatsuba_1_i/zynq_ultra_ps_e_0/inst/buffer_pl_clk_0.PL_CLK_0_BUFG/O
    X0Y1 (CLOCK_ROOT)    net (fo=5362, routed)        1.278     1.429    karatsuba_1_i/rst_ps8_0_99M/U0/slowest_sync_clk
    SLICE_X9Y118         FDRE                                         r  karatsuba_1_i/rst_ps8_0_99M/U0/ACTIVE_LOW_PR_OUT_DFF[0].FDRE_PER_N/C
  -------------------------------------------------------------------    -------------------
    SLICE_X9Y118         FDRE (Prop_AFF_SLICEL_C_Q)
                                                      0.084     1.513 r  karatsuba_1_i/rst_ps8_0_99M/U0/ACTIVE_LOW_PR_OUT_DFF[0].FDRE_PER_N/Q
                         net (fo=1236, routed)        0.245     1.758    karatsuba_1_i/axi_interconnect_0/s00_couplers/auto_ds/inst/gen_downsizer.gen_simple_downsizer.axi_downsizer_inst/USE_WRITE.write_addr_inst/USE_B_CHANNEL.cmd_b_queue/inst/fifo_gen_inst/inst_fifo_gen/gconvfifo.rf/grf.rf/rstblk/ngwrdrst.grst.g7serrst.gnsckt_wrst.rst_wr_reg2_inst/src_arst
    SLICE_X11Y102        FDPE                                         f  karatsuba_1_i/axi_interconnect_0/s00_couplers/auto_ds/inst/gen_downsizer.gen_simple_downsizer.axi_downsizer_inst/USE_WRITE.write_addr_inst/USE_B_CHANNEL.cmd_b_queue/inst/fifo_gen_inst/inst_fifo_gen/gconvfifo.rf/grf.rf/rstblk/ngwrdrst.grst.g7serrst.gnsckt_wrst.rst_wr_reg2_inst/arststages_ff_reg[0]/PRE  (IS_INVERTED)
  -------------------------------------------------------------------    -------------------

                         (clock clk_pl_0 rise edge)
                                                      0.000     0.000 r  
    PS8_X0Y0             PS8                          0.000     0.000 r  karatsuba_1_i/zynq_ultra_ps_e_0/inst/PS8_i/PLCLK[0]
                         net (fo=1, routed)           0.164     0.164    karatsuba_1_i/zynq_ultra_ps_e_0/inst/pl_clk_unbuffered[0]
    BUFG_PS_X0Y80        BUFG_PS (Prop_BUFG_PS_I_O)
                                                      0.023     0.187 r  karatsuba_1_i/zynq_ultra_ps_e_0/inst/buffer_pl_clk_0.PL_CLK_0_BUFG/O
    X0Y1 (CLOCK_ROOT)    net (fo=5362, routed)        1.411     1.598    karatsuba_1_i/axi_interconnect_0/s00_couplers/auto_ds/inst/gen_downsizer.gen_simple_downsizer.axi_downsizer_inst/USE_WRITE.write_addr_inst/USE_B_CHANNEL.cmd_b_queue/inst/fifo_gen_inst/inst_fifo_gen/gconvfifo.rf/grf.rf/rstblk/ngwrdrst.grst.g7serrst.gnsckt_wrst.rst_wr_reg2_inst/dest_clk
    SLICE_X11Y102        FDPE                                         r  karatsuba_1_i/axi_interconnect_0/s00_couplers/auto_ds/inst/gen_downsizer.gen_simple_downsizer.axi_downsizer_inst/USE_WRITE.write_addr_inst/USE_B_CHANNEL.cmd_b_queue/inst/fifo_gen_inst/inst_fifo_gen/gconvfifo.rf/grf.rf/rstblk/ngwrdrst.grst.g7serrst.gnsckt_wrst.rst_wr_reg2_inst/arststages_ff_reg[0]/C

Slack:                    inf
  Source:                 karatsuba_1_i/rst_ps8_0_99M/U0/ACTIVE_LOW_PR_OUT_DFF[0].FDRE_PER_N/C
                            (rising edge-triggered cell FDRE clocked by clk_pl_0  {rise@0.000ns fall@5.000ns period=10.000ns})
  Destination:            karatsuba_1_i/axi_interconnect_0/s00_couplers/auto_ds/inst/gen_downsizer.gen_simple_downsizer.axi_downsizer_inst/USE_WRITE.write_addr_inst/USE_B_CHANNEL.cmd_b_queue/inst/fifo_gen_inst/inst_fifo_gen/gconvfifo.rf/grf.rf/rstblk/ngwrdrst.grst.g7serrst.gnsckt_wrst.rst_wr_reg2_inst/arststages_ff_reg[1]/PRE
                            (removal check against rising-edge clock clk_pl_0  {rise@0.000ns fall@5.000ns period=10.000ns})
  Path Group:             (none)
  Path Type:              Removal (Min at Fast Process Corner)
  Data Path Delay:        0.329ns  (logic 0.084ns (25.507%)  route 0.245ns (74.493%))
  Logic Levels:           0  
  Clock Path Skew:        0.170ns (DCD - SCD - CPR)
    Destination Clock Delay (DCD):    1.598ns
    Source Clock Delay      (SCD):    1.429ns
    Clock Pessimism Removal (CPR):    -0.000ns
  Clock Uncertainty:      0.160ns  ((TSJ^2 + DJ^2)^1/2) / 2 + PE
    Total System Jitter     (TSJ):    0.071ns
    Discrete Jitter          (DJ):    0.312ns
    Phase Error              (PE):    0.000ns
  Clock Net Delay (Source):      1.278ns (routing 0.572ns, distribution 0.706ns)
  Clock Net Delay (Destination): 1.411ns (routing 0.623ns, distribution 0.788ns)
  Timing Exception:       False Path

    Location             Delay type                Incr(ns)  Path(ns)    Netlist Resource(s)
  -------------------------------------------------------------------    -------------------
                         (clock clk_pl_0 rise edge)
                                                      0.000     0.000 r  
    PS8_X0Y0             PS8                          0.000     0.000 r  karatsuba_1_i/zynq_ultra_ps_e_0/inst/PS8_i/PLCLK[0]
                         net (fo=1, routed)           0.129     0.129    karatsuba_1_i/zynq_ultra_ps_e_0/inst/pl_clk_unbuffered[0]
    BUFG_PS_X0Y80        BUFG_PS (Prop_BUFG_PS_I_O)
                                                      0.022     0.151 r  karatsuba_1_i/zynq_ultra_ps_e_0/inst/buffer_pl_clk_0.PL_CLK_0_BUFG/O
    X0Y1 (CLOCK_ROOT)    net (fo=5362, routed)        1.278     1.429    karatsuba_1_i/rst_ps8_0_99M/U0/slowest_sync_clk
    SLICE_X9Y118         FDRE                                         r  karatsuba_1_i/rst_ps8_0_99M/U0/ACTIVE_LOW_PR_OUT_DFF[0].FDRE_PER_N/C
  -------------------------------------------------------------------    -------------------
    SLICE_X9Y118         FDRE (Prop_AFF_SLICEL_C_Q)
                                                      0.084     1.513 r  karatsuba_1_i/rst_ps8_0_99M/U0/ACTIVE_LOW_PR_OUT_DFF[0].FDRE_PER_N/Q
                         net (fo=1236, routed)        0.245     1.758    karatsuba_1_i/axi_interconnect_0/s00_couplers/auto_ds/inst/gen_downsizer.gen_simple_downsizer.axi_downsizer_inst/USE_WRITE.write_addr_inst/USE_B_CHANNEL.cmd_b_queue/inst/fifo_gen_inst/inst_fifo_gen/gconvfifo.rf/grf.rf/rstblk/ngwrdrst.grst.g7serrst.gnsckt_wrst.rst_wr_reg2_inst/src_arst
    SLICE_X11Y102        FDPE                                         f  karatsuba_1_i/axi_interconnect_0/s00_couplers/auto_ds/inst/gen_downsizer.gen_simple_downsizer.axi_downsizer_inst/USE_WRITE.write_addr_inst/USE_B_CHANNEL.cmd_b_queue/inst/fifo_gen_inst/inst_fifo_gen/gconvfifo.rf/grf.rf/rstblk/ngwrdrst.grst.g7serrst.gnsckt_wrst.rst_wr_reg2_inst/arststages_ff_reg[1]/PRE  (IS_INVERTED)
  -------------------------------------------------------------------    -------------------

                         (clock clk_pl_0 rise edge)
                                                      0.000     0.000 r  
    PS8_X0Y0             PS8                          0.000     0.000 r  karatsuba_1_i/zynq_ultra_ps_e_0/inst/PS8_i/PLCLK[0]
                         net (fo=1, routed)           0.164     0.164    karatsuba_1_i/zynq_ultra_ps_e_0/inst/pl_clk_unbuffered[0]
    BUFG_PS_X0Y80        BUFG_PS (Prop_BUFG_PS_I_O)
                                                      0.023     0.187 r  karatsuba_1_i/zynq_ultra_ps_e_0/inst/buffer_pl_clk_0.PL_CLK_0_BUFG/O
    X0Y1 (CLOCK_ROOT)    net (fo=5362, routed)        1.411     1.598    karatsuba_1_i/axi_interconnect_0/s00_couplers/auto_ds/inst/gen_downsizer.gen_simple_downsizer.axi_downsizer_inst/USE_WRITE.write_addr_inst/USE_B_CHANNEL.cmd_b_queue/inst/fifo_gen_inst/inst_fifo_gen/gconvfifo.rf/grf.rf/rstblk/ngwrdrst.grst.g7serrst.gnsckt_wrst.rst_wr_reg2_inst/dest_clk
    SLICE_X11Y102        FDPE                                         r  karatsuba_1_i/axi_interconnect_0/s00_couplers/auto_ds/inst/gen_downsizer.gen_simple_downsizer.axi_downsizer_inst/USE_WRITE.write_addr_inst/USE_B_CHANNEL.cmd_b_queue/inst/fifo_gen_inst/inst_fifo_gen/gconvfifo.rf/grf.rf/rstblk/ngwrdrst.grst.g7serrst.gnsckt_wrst.rst_wr_reg2_inst/arststages_ff_reg[1]/C

Slack:                    inf
  Source:                 karatsuba_1_i/rst_ps8_0_99M/U0/ACTIVE_LOW_PR_OUT_DFF[0].FDRE_PER_N/C
                            (rising edge-triggered cell FDRE clocked by clk_pl_0  {rise@0.000ns fall@5.000ns period=10.000ns})
  Destination:            karatsuba_1_i/axi_dma_0/U0/I_RST_MODULE/REG_HRD_RST_OUT/GENERATE_LEVEL_P_S_CDC.SINGLE_BIT.CROSS_PLEVEL_IN2SCNDRY_IN_cdc_to/D
                            (rising edge-triggered cell FDRE clocked by clk_pl_0  {rise@0.000ns fall@5.000ns period=10.000ns})
  Path Group:             (none)
  Path Type:              Hold (Min at Fast Process Corner)
  Data Path Delay:        0.389ns  (logic 0.084ns (21.577%)  route 0.305ns (78.423%))
  Logic Levels:           0  
  Clock Path Skew:        0.165ns (DCD - SCD - CPR)
    Destination Clock Delay (DCD):    1.593ns
    Source Clock Delay      (SCD):    1.429ns
    Clock Pessimism Removal (CPR):    -0.000ns
  Clock Uncertainty:      0.160ns  ((TSJ^2 + DJ^2)^1/2) / 2 + PE
    Total System Jitter     (TSJ):    0.071ns
    Discrete Jitter          (DJ):    0.312ns
    Phase Error              (PE):    0.000ns
  Clock Net Delay (Source):      1.278ns (routing 0.572ns, distribution 0.706ns)
  Clock Net Delay (Destination): 1.406ns (routing 0.623ns, distribution 0.783ns)
  Timing Exception:       False Path

    Location             Delay type                Incr(ns)  Path(ns)    Netlist Resource(s)
  -------------------------------------------------------------------    -------------------
                         (clock clk_pl_0 rise edge)
                                                      0.000     0.000 r  
    PS8_X0Y0             PS8                          0.000     0.000 r  karatsuba_1_i/zynq_ultra_ps_e_0/inst/PS8_i/PLCLK[0]
                         net (fo=1, routed)           0.129     0.129    karatsuba_1_i/zynq_ultra_ps_e_0/inst/pl_clk_unbuffered[0]
    BUFG_PS_X0Y80        BUFG_PS (Prop_BUFG_PS_I_O)
                                                      0.022     0.151 r  karatsuba_1_i/zynq_ultra_ps_e_0/inst/buffer_pl_clk_0.PL_CLK_0_BUFG/O
    X0Y1 (CLOCK_ROOT)    net (fo=5362, routed)        1.278     1.429    karatsuba_1_i/rst_ps8_0_99M/U0/slowest_sync_clk
    SLICE_X9Y118         FDRE                                         r  karatsuba_1_i/rst_ps8_0_99M/U0/ACTIVE_LOW_PR_OUT_DFF[0].FDRE_PER_N/C
  -------------------------------------------------------------------    -------------------
    SLICE_X9Y118         FDRE (Prop_AFF_SLICEL_C_Q)
                                                      0.084     1.513 r  karatsuba_1_i/rst_ps8_0_99M/U0/ACTIVE_LOW_PR_OUT_DFF[0].FDRE_PER_N/Q
                         net (fo=1236, routed)        0.305     1.818    karatsuba_1_i/axi_dma_0/U0/I_RST_MODULE/REG_HRD_RST_OUT/axi_resetn
    SLICE_X11Y95         FDRE                                         r  karatsuba_1_i/axi_dma_0/U0/I_RST_MODULE/REG_HRD_RST_OUT/GENERATE_LEVEL_P_S_CDC.SINGLE_BIT.CROSS_PLEVEL_IN2SCNDRY_IN_cdc_to/D
  -------------------------------------------------------------------    -------------------

                         (clock clk_pl_0 rise edge)
                                                      0.000     0.000 r  
    PS8_X0Y0             PS8                          0.000     0.000 r  karatsuba_1_i/zynq_ultra_ps_e_0/inst/PS8_i/PLCLK[0]
                         net (fo=1, routed)           0.164     0.164    karatsuba_1_i/zynq_ultra_ps_e_0/inst/pl_clk_unbuffered[0]
    BUFG_PS_X0Y80        BUFG_PS (Prop_BUFG_PS_I_O)
                                                      0.023     0.187 r  karatsuba_1_i/zynq_ultra_ps_e_0/inst/buffer_pl_clk_0.PL_CLK_0_BUFG/O
    X0Y1 (CLOCK_ROOT)    net (fo=5362, routed)        1.406     1.593    karatsuba_1_i/axi_dma_0/U0/I_RST_MODULE/REG_HRD_RST_OUT/s_axi_lite_aclk
    SLICE_X11Y95         FDRE                                         r  karatsuba_1_i/axi_dma_0/U0/I_RST_MODULE/REG_HRD_RST_OUT/GENERATE_LEVEL_P_S_CDC.SINGLE_BIT.CROSS_PLEVEL_IN2SCNDRY_IN_cdc_to/C

Slack:                    inf
  Source:                 karatsuba_1_i/rst_ps8_0_99M/U0/ACTIVE_LOW_PR_OUT_DFF[0].FDRE_PER_N/C
                            (rising edge-triggered cell FDRE clocked by clk_pl_0  {rise@0.000ns fall@5.000ns period=10.000ns})
  Destination:            karatsuba_1_i/axi_interconnect_0/s00_couplers/auto_ds/inst/gen_downsizer.gen_simple_downsizer.axi_downsizer_inst/USE_WRITE.write_addr_inst/cmd_queue/inst/fifo_gen_inst/inst_fifo_gen/gconvfifo.rf/grf.rf/rstblk/ngwrdrst.grst.g7serrst.gnsckt_wrst.rst_wr_reg2_inst/arststages_ff_reg[0]/PRE
                            (removal check against rising-edge clock clk_pl_0  {rise@0.000ns fall@5.000ns period=10.000ns})
  Path Group:             (none)
  Path Type:              Removal (Min at Fast Process Corner)
  Data Path Delay:        0.842ns  (logic 0.084ns (9.971%)  route 0.758ns (90.029%))
  Logic Levels:           0  
  Clock Path Skew:        0.161ns (DCD - SCD - CPR)
    Destination Clock Delay (DCD):    1.589ns
    Source Clock Delay      (SCD):    1.429ns
    Clock Pessimism Removal (CPR):    -0.000ns
  Clock Uncertainty:      0.160ns  ((TSJ^2 + DJ^2)^1/2) / 2 + PE
    Total System Jitter     (TSJ):    0.071ns
    Discrete Jitter          (DJ):    0.312ns
    Phase Error              (PE):    0.000ns
  Clock Net Delay (Source):      1.278ns (routing 0.572ns, distribution 0.706ns)
  Clock Net Delay (Destination): 1.402ns (routing 0.623ns, distribution 0.779ns)
  Timing Exception:       False Path

    Location             Delay type                Incr(ns)  Path(ns)    Netlist Resource(s)
  -------------------------------------------------------------------    -------------------
                         (clock clk_pl_0 rise edge)
                                                      0.000     0.000 r  
    PS8_X0Y0             PS8                          0.000     0.000 r  karatsuba_1_i/zynq_ultra_ps_e_0/inst/PS8_i/PLCLK[0]
                         net (fo=1, routed)           0.129     0.129    karatsuba_1_i/zynq_ultra_ps_e_0/inst/pl_clk_unbuffered[0]
    BUFG_PS_X0Y80        BUFG_PS (Prop_BUFG_PS_I_O)
                                                      0.022     0.151 r  karatsuba_1_i/zynq_ultra_ps_e_0/inst/buffer_pl_clk_0.PL_CLK_0_BUFG/O
    X0Y1 (CLOCK_ROOT)    net (fo=5362, routed)        1.278     1.429    karatsuba_1_i/rst_ps8_0_99M/U0/slowest_sync_clk
    SLICE_X9Y118         FDRE                                         r  karatsuba_1_i/rst_ps8_0_99M/U0/ACTIVE_LOW_PR_OUT_DFF[0].FDRE_PER_N/C
  -------------------------------------------------------------------    -------------------
    SLICE_X9Y118         FDRE (Prop_AFF_SLICEL_C_Q)
                                                      0.084     1.513 r  karatsuba_1_i/rst_ps8_0_99M/U0/ACTIVE_LOW_PR_OUT_DFF[0].FDRE_PER_N/Q
                         net (fo=1236, routed)        0.758     2.271    karatsuba_1_i/axi_interconnect_0/s00_couplers/auto_ds/inst/gen_downsizer.gen_simple_downsizer.axi_downsizer_inst/USE_WRITE.write_addr_inst/cmd_queue/inst/fifo_gen_inst/inst_fifo_gen/gconvfifo.rf/grf.rf/rstblk/ngwrdrst.grst.g7serrst.gnsckt_wrst.rst_wr_reg2_inst/src_arst
    SLICE_X10Y103        FDPE                                         f  karatsuba_1_i/axi_interconnect_0/s00_couplers/auto_ds/inst/gen_downsizer.gen_simple_downsizer.axi_downsizer_inst/USE_WRITE.write_addr_inst/cmd_queue/inst/fifo_gen_inst/inst_fifo_gen/gconvfifo.rf/grf.rf/rstblk/ngwrdrst.grst.g7serrst.gnsckt_wrst.rst_wr_reg2_inst/arststages_ff_reg[0]/PRE  (IS_INVERTED)
  -------------------------------------------------------------------    -------------------

                         (clock clk_pl_0 rise edge)
                                                      0.000     0.000 r  
    PS8_X0Y0             PS8                          0.000     0.000 r  karatsuba_1_i/zynq_ultra_ps_e_0/inst/PS8_i/PLCLK[0]
                         net (fo=1, routed)           0.164     0.164    karatsuba_1_i/zynq_ultra_ps_e_0/inst/pl_clk_unbuffered[0]
    BUFG_PS_X0Y80        BUFG_PS (Prop_BUFG_PS_I_O)
                                                      0.023     0.187 r  karatsuba_1_i/zynq_ultra_ps_e_0/inst/buffer_pl_clk_0.PL_CLK_0_BUFG/O
    X0Y1 (CLOCK_ROOT)    net (fo=5362, routed)        1.402     1.589    karatsuba_1_i/axi_interconnect_0/s00_couplers/auto_ds/inst/gen_downsizer.gen_simple_downsizer.axi_downsizer_inst/USE_WRITE.write_addr_inst/cmd_queue/inst/fifo_gen_inst/inst_fifo_gen/gconvfifo.rf/grf.rf/rstblk/ngwrdrst.grst.g7serrst.gnsckt_wrst.rst_wr_reg2_inst/dest_clk
    SLICE_X10Y103        FDPE                                         r  karatsuba_1_i/axi_interconnect_0/s00_couplers/auto_ds/inst/gen_downsizer.gen_simple_downsizer.axi_downsizer_inst/USE_WRITE.write_addr_inst/cmd_queue/inst/fifo_gen_inst/inst_fifo_gen/gconvfifo.rf/grf.rf/rstblk/ngwrdrst.grst.g7serrst.gnsckt_wrst.rst_wr_reg2_inst/arststages_ff_reg[0]/C

Slack:                    inf
  Source:                 karatsuba_1_i/rst_ps8_0_99M/U0/ACTIVE_LOW_PR_OUT_DFF[0].FDRE_PER_N/C
                            (rising edge-triggered cell FDRE clocked by clk_pl_0  {rise@0.000ns fall@5.000ns period=10.000ns})
  Destination:            karatsuba_1_i/axi_interconnect_0/s00_couplers/auto_ds/inst/gen_downsizer.gen_simple_downsizer.axi_downsizer_inst/USE_WRITE.write_addr_inst/cmd_queue/inst/fifo_gen_inst/inst_fifo_gen/gconvfifo.rf/grf.rf/rstblk/ngwrdrst.grst.g7serrst.gnsckt_wrst.rst_wr_reg2_inst/arststages_ff_reg[1]/PRE
                            (removal check against rising-edge clock clk_pl_0  {rise@0.000ns fall@5.000ns period=10.000ns})
  Path Group:             (none)
  Path Type:              Removal (Min at Fast Process Corner)
  Data Path Delay:        0.842ns  (logic 0.084ns (9.971%)  route 0.758ns (90.029%))
  Logic Levels:           0  
  Clock Path Skew:        0.161ns (DCD - SCD - CPR)
    Destination Clock Delay (DCD):    1.589ns
    Source Clock Delay      (SCD):    1.429ns
    Clock Pessimism Removal (CPR):    -0.000ns
  Clock Uncertainty:      0.160ns  ((TSJ^2 + DJ^2)^1/2) / 2 + PE
    Total System Jitter     (TSJ):    0.071ns
    Discrete Jitter          (DJ):    0.312ns
    Phase Error              (PE):    0.000ns
  Clock Net Delay (Source):      1.278ns (routing 0.572ns, distribution 0.706ns)
  Clock Net Delay (Destination): 1.402ns (routing 0.623ns, distribution 0.779ns)
  Timing Exception:       False Path

    Location             Delay type                Incr(ns)  Path(ns)    Netlist Resource(s)
  -------------------------------------------------------------------    -------------------
                         (clock clk_pl_0 rise edge)
                                                      0.000     0.000 r  
    PS8_X0Y0             PS8                          0.000     0.000 r  karatsuba_1_i/zynq_ultra_ps_e_0/inst/PS8_i/PLCLK[0]
                         net (fo=1, routed)           0.129     0.129    karatsuba_1_i/zynq_ultra_ps_e_0/inst/pl_clk_unbuffered[0]
    BUFG_PS_X0Y80        BUFG_PS (Prop_BUFG_PS_I_O)
                                                      0.022     0.151 r  karatsuba_1_i/zynq_ultra_ps_e_0/inst/buffer_pl_clk_0.PL_CLK_0_BUFG/O
    X0Y1 (CLOCK_ROOT)    net (fo=5362, routed)        1.278     1.429    karatsuba_1_i/rst_ps8_0_99M/U0/slowest_sync_clk
    SLICE_X9Y118         FDRE                                         r  karatsuba_1_i/rst_ps8_0_99M/U0/ACTIVE_LOW_PR_OUT_DFF[0].FDRE_PER_N/C
  -------------------------------------------------------------------    -------------------
    SLICE_X9Y118         FDRE (Prop_AFF_SLICEL_C_Q)
                                                      0.084     1.513 r  karatsuba_1_i/rst_ps8_0_99M/U0/ACTIVE_LOW_PR_OUT_DFF[0].FDRE_PER_N/Q
                         net (fo=1236, routed)        0.758     2.271    karatsuba_1_i/axi_interconnect_0/s00_couplers/auto_ds/inst/gen_downsizer.gen_simple_downsizer.axi_downsizer_inst/USE_WRITE.write_addr_inst/cmd_queue/inst/fifo_gen_inst/inst_fifo_gen/gconvfifo.rf/grf.rf/rstblk/ngwrdrst.grst.g7serrst.gnsckt_wrst.rst_wr_reg2_inst/src_arst
    SLICE_X10Y103        FDPE                                         f  karatsuba_1_i/axi_interconnect_0/s00_couplers/auto_ds/inst/gen_downsizer.gen_simple_downsizer.axi_downsizer_inst/USE_WRITE.write_addr_inst/cmd_queue/inst/fifo_gen_inst/inst_fifo_gen/gconvfifo.rf/grf.rf/rstblk/ngwrdrst.grst.g7serrst.gnsckt_wrst.rst_wr_reg2_inst/arststages_ff_reg[1]/PRE  (IS_INVERTED)
  -------------------------------------------------------------------    -------------------

                         (clock clk_pl_0 rise edge)
                                                      0.000     0.000 r  
    PS8_X0Y0             PS8                          0.000     0.000 r  karatsuba_1_i/zynq_ultra_ps_e_0/inst/PS8_i/PLCLK[0]
                         net (fo=1, routed)           0.164     0.164    karatsuba_1_i/zynq_ultra_ps_e_0/inst/pl_clk_unbuffered[0]
    BUFG_PS_X0Y80        BUFG_PS (Prop_BUFG_PS_I_O)
                                                      0.023     0.187 r  karatsuba_1_i/zynq_ultra_ps_e_0/inst/buffer_pl_clk_0.PL_CLK_0_BUFG/O
    X0Y1 (CLOCK_ROOT)    net (fo=5362, routed)        1.402     1.589    karatsuba_1_i/axi_interconnect_0/s00_couplers/auto_ds/inst/gen_downsizer.gen_simple_downsizer.axi_downsizer_inst/USE_WRITE.write_addr_inst/cmd_queue/inst/fifo_gen_inst/inst_fifo_gen/gconvfifo.rf/grf.rf/rstblk/ngwrdrst.grst.g7serrst.gnsckt_wrst.rst_wr_reg2_inst/dest_clk
    SLICE_X10Y103        FDPE                                         r  karatsuba_1_i/axi_interconnect_0/s00_couplers/auto_ds/inst/gen_downsizer.gen_simple_downsizer.axi_downsizer_inst/USE_WRITE.write_addr_inst/cmd_queue/inst/fifo_gen_inst/inst_fifo_gen/gconvfifo.rf/grf.rf/rstblk/ngwrdrst.grst.g7serrst.gnsckt_wrst.rst_wr_reg2_inst/arststages_ff_reg[1]/C

Slack:                    inf
  Source:                 karatsuba_1_i/rst_ps8_0_99M/U0/ACTIVE_LOW_PR_OUT_DFF[0].FDRE_PER_N/C
                            (rising edge-triggered cell FDRE clocked by clk_pl_0  {rise@0.000ns fall@5.000ns period=10.000ns})
  Destination:            karatsuba_1_i/axi_dma_0/U0/I_RST_MODULE/REG_HRD_RST/GENERATE_LEVEL_P_S_CDC.SINGLE_BIT.CROSS_PLEVEL_IN2SCNDRY_IN_cdc_to/D
                            (rising edge-triggered cell FDRE clocked by clk_pl_0  {rise@0.000ns fall@5.000ns period=10.000ns})
  Path Group:             (none)
  Path Type:              Hold (Min at Fast Process Corner)
  Data Path Delay:        0.869ns  (logic 0.084ns (9.661%)  route 0.785ns (90.339%))
  Logic Levels:           0  
  Clock Path Skew:        0.161ns (DCD - SCD - CPR)
    Destination Clock Delay (DCD):    1.590ns
    Source Clock Delay      (SCD):    1.429ns
    Clock Pessimism Removal (CPR):    -0.000ns
  Clock Uncertainty:      0.160ns  ((TSJ^2 + DJ^2)^1/2) / 2 + PE
    Total System Jitter     (TSJ):    0.071ns
    Discrete Jitter          (DJ):    0.312ns
    Phase Error              (PE):    0.000ns
  Clock Net Delay (Source):      1.278ns (routing 0.572ns, distribution 0.706ns)
  Clock Net Delay (Destination): 1.403ns (routing 0.623ns, distribution 0.780ns)
  Timing Exception:       False Path

    Location             Delay type                Incr(ns)  Path(ns)    Netlist Resource(s)
  -------------------------------------------------------------------    -------------------
                         (clock clk_pl_0 rise edge)
                                                      0.000     0.000 r  
    PS8_X0Y0             PS8                          0.000     0.000 r  karatsuba_1_i/zynq_ultra_ps_e_0/inst/PS8_i/PLCLK[0]
                         net (fo=1, routed)           0.129     0.129    karatsuba_1_i/zynq_ultra_ps_e_0/inst/pl_clk_unbuffered[0]
    BUFG_PS_X0Y80        BUFG_PS (Prop_BUFG_PS_I_O)
                                                      0.022     0.151 r  karatsuba_1_i/zynq_ultra_ps_e_0/inst/buffer_pl_clk_0.PL_CLK_0_BUFG/O
    X0Y1 (CLOCK_ROOT)    net (fo=5362, routed)        1.278     1.429    karatsuba_1_i/rst_ps8_0_99M/U0/slowest_sync_clk
    SLICE_X9Y118         FDRE                                         r  karatsuba_1_i/rst_ps8_0_99M/U0/ACTIVE_LOW_PR_OUT_DFF[0].FDRE_PER_N/C
  -------------------------------------------------------------------    -------------------
    SLICE_X9Y118         FDRE (Prop_AFF_SLICEL_C_Q)
                                                      0.084     1.513 r  karatsuba_1_i/rst_ps8_0_99M/U0/ACTIVE_LOW_PR_OUT_DFF[0].FDRE_PER_N/Q
                         net (fo=1236, routed)        0.785     2.298    karatsuba_1_i/axi_dma_0/U0/I_RST_MODULE/REG_HRD_RST/axi_resetn
    SLICE_X9Y86          FDRE                                         r  karatsuba_1_i/axi_dma_0/U0/I_RST_MODULE/REG_HRD_RST/GENERATE_LEVEL_P_S_CDC.SINGLE_BIT.CROSS_PLEVEL_IN2SCNDRY_IN_cdc_to/D
  -------------------------------------------------------------------    -------------------

                         (clock clk_pl_0 rise edge)
                                                      0.000     0.000 r  
    PS8_X0Y0             PS8                          0.000     0.000 r  karatsuba_1_i/zynq_ultra_ps_e_0/inst/PS8_i/PLCLK[0]
                         net (fo=1, routed)           0.164     0.164    karatsuba_1_i/zynq_ultra_ps_e_0/inst/pl_clk_unbuffered[0]
    BUFG_PS_X0Y80        BUFG_PS (Prop_BUFG_PS_I_O)
                                                      0.023     0.187 r  karatsuba_1_i/zynq_ultra_ps_e_0/inst/buffer_pl_clk_0.PL_CLK_0_BUFG/O
    X0Y1 (CLOCK_ROOT)    net (fo=5362, routed)        1.403     1.590    karatsuba_1_i/axi_dma_0/U0/I_RST_MODULE/REG_HRD_RST/s_axi_lite_aclk
    SLICE_X9Y86          FDRE                                         r  karatsuba_1_i/axi_dma_0/U0/I_RST_MODULE/REG_HRD_RST/GENERATE_LEVEL_P_S_CDC.SINGLE_BIT.CROSS_PLEVEL_IN2SCNDRY_IN_cdc_to/C





